{"fantasy_content": {"xml:lang": "en-US", "yahoo:uri": "/fantasy/v2/team/242.l.155338.t.2/roster;week=1", "team": [[{"team_key": "242.l.155338.t.2"}, {"team_id": "2"}, {"name": "Fleshlight"}, [], {"url": "https://football.fantasysports.yahoo.com/archive/nfl/2010/155338/2"}, {"team_logos": [{"team_logo": {"size": "large", "url": "https://s.yimg.com/dh/ap/fantasy/img/profile_96.png"}}]}, [], {"waiver_priority": 12}, [], {"number_of_moves": "39"}, {"number_of_trades": "2"}, {"roster_adds": {"coverage_type": "week", "coverage_value": "17", "value": "2"}}, {"clinched_playoffs": 1}, {"league_scoring_type": "head"}, [], {"draft_position": 11}, {"has_draft_grade": 0}, [], [], {"managers": [{"manager": {"manager_id": "5", "nickname": "Dom", "guid": "27NK5PUMJG7Z3A7QY2MSYUKOW4", "image_url": "https://ct.yimg.com/cy/4544/37879821610_455a4e_64sq.jpg"}}]}], {"roster": {"coverage_type": "week", "week": "1", "is_editable": 0, "0": {"players": {"0": {"player": [[{"player_key": "242.p.6849"}, {"player_id": "6849"}, {"name": {"full": "Matt Schaub", "first": "Matt", "last": "Schaub", "ascii_first": "Matt", "ascii_last": "Schaub"}}, {"editorial_player_key": "nfl.p.6849"}, {"editorial_team_key": "nfl.t.1"}, {"editorial_team_full_name": "Atlanta Falcons"}, {"editorial_team_abbr": "Atl"}, {"bye_weeks": {"week": "8"}}, {"uniform_number": "8"}, {"display_position": "QB"}, {"headshot": {"url": "https://s.yimg.com/iu/api/res/1.2/3yRk9Fd1pLOn0LVwhABz0w--~C/YXBwaWQ9eXNwb3J0cztjaD0yMzM2O2NyPTE7Y3c9MTc5MDtkeD04NTc7ZHk9MDtmaT11bGNyb3A7aD02MDtxPTEwMDt3PTQ2/https://s.yimg.com/xe/i/us/sp/v/nfl_cutout/players_l/08222018/6849.png", "size": "small"}, "image_url": "https://s.yimg.com/iu/api/res/1.2/3yRk9Fd1pLOn0LVwhABz0w--~C/YXBwaWQ9eXNwb3J0cztjaD0yMzM2O2NyPTE7Y3c9MTc5MDtkeD04NTc7ZHk9MDtmaT11bGNyb3A7aD02MDtxPTEwMDt3PTQ2/https://s.yimg.com/xe/i/us/sp/v/nfl_cutout/players_l/08222018/6849.png"}, {"is_undroppable": "0"}, {"position_type": "O"}, {"primary_position": "QB"}, {"eligible_positions": [{"position": "QB"}]}, [], [], []], {"selected_position": [{"coverage_type": "week", "week": "1"}, {"position": "QB"}]}]}, "1": {"player": [[{"player_key": "242.p.4262"}, {"player_id": "4262"}, {"name": {"full": "Randy Moss", "first": "Randy", "last": "Moss", "ascii_first": "Randy", "ascii_last": "Moss"}}, {"editorial_player_key": "nfl.p.4262"}, {"editorial_team_key": "nfl.t.25"}, {"editorial_team_full_name": "San Francisco 49ers"}, {"editorial_team_abbr": "SF"}, {"bye_weeks": {"week": "9"}}, {"uniform_number": "84"}, {"display_position": "WR"}, {"headshot": {"url": "https://s.yimg.com/iu/api/res/1.2/TcM85WhJ.fAOHWf2QKLjIw--~C/YXBwaWQ9eXNwb3J0cztjaD0yMDA7Y3I9MTtjdz0xNTM7ZHg9NzQ7ZHk9MDtmaT11bGNyb3A7aD02MDtxPTEwMDt3PTQ2/https://s.yimg.com/dh/ap/default/140828/silhouette@2x.png", "size": "small"}, "image_url": "https://s.yimg.com/iu/api/res/1.2/TcM85WhJ.fAOHWf2QKLjIw--~C/YXBwaWQ9eXNwb3J0cztjaD0yMDA7Y3I9MTtjdz0xNTM7ZHg9NzQ7ZHk9MDtmaT11bGNyb3A7aD02MDtxPTEwMDt3PTQ2/https://s.yimg.com/dh/ap/default/140828/silhouette@2x.png"}, {"is_undroppable": "0"}, {"position_type": "O"}, {"primary_position": "WR"}, {"eligible_positions": [{"position": "WR"}, {"position": "W/T"}, {"position": "W/R/T"}]}, [], [], []], {"selected_position": [{"coverage_type": "week", "week": "1"}, {"position": "WR"}]}]}, "2": {"player": [[{"player_key": "242.p.8001"}, {"player_id": "8001"}, {"name": {"full": "Marques Colston", "first": "Marques", "last": "Colston", "ascii_first": "Marques", "ascii_last": "Colston"}}, {"editorial_player_key": "nfl.p.8001"}, {"editorial_team_key": "nfl.t.18"}, {"editorial_team_full_name": "New Orleans Saints"}, {"editorial_team_abbr": "NO"}, {"bye_weeks": {"week": "10"}}, {"uniform_number": "12"}, {"display_position": "WR"}, {"headshot": {"url": "https://s.yimg.com/iu/api/res/1.2/TcM85WhJ.fAOHWf2QKLjIw--~C/YXBwaWQ9eXNwb3J0cztjaD0yMDA7Y3I9MTtjdz0xNTM7ZHg9NzQ7ZHk9MDtmaT11bGNyb3A7aD02MDtxPTEwMDt3PTQ2/https://s.yimg.com/dh/ap/default/140828/silhouette@2x.png", "size": "small"}, "image_url": "https://s.yimg.com/iu/api/res/1.2/TcM85WhJ.fAOHWf2QKLjIw--~C/YXBwaWQ9eXNwb3J0cztjaD0yMDA7Y3I9MTtjdz0xNTM7ZHg9NzQ7ZHk9MDtmaT11bGNyb3A7aD02MDtxPTEwMDt3PTQ2/https://s.yimg.com/dh/ap/default/140828/silhouette@2x.png"}, {"is_undroppable": "0"}, {"position_type": "O"}, {"primary_position": "WR"}, {"eligible_positions": [{"position": "WR"}, {"position": "W/T"}, {"position": "W/R/T"}]}, [], [], []], {"selected_position": [{"coverage_type": "week", "week": "1"}, {"position": "WR"}]}]}, "3": {"player": [[{"player_key": "242.p.7241"}, {"player_id": "7241"}, {"name": {"full": "Frank Gore", "first": "Frank", "last": "Gore", "ascii_first": "Frank", "ascii_last": "Gore"}}, {"editorial_player_key": "nfl.p.7241"}, {"editorial_team_key": "nfl.t.2"}, {"editorial_team_full_name": "Buffalo Bills"}, {"editorial_team_abbr": "Buf"}, {"bye_weeks": {"week": "6"}}, {"uniform_number": "28"}, {"display_position": "RB"}, {"headshot": {"url": "https://s.yimg.com/iu/api/res/1.2/tqyxxK4sLVQBjeq5sdikeQ--~C/YXBwaWQ9eXNwb3J0cztjaD0yMzM2O2NyPTE7Y3c9MTc5MDtkeD04NTc7ZHk9MDtmaT11bGNyb3A7aD02MDtxPTEwMDt3PTQ2/https://s.yimg.com/xe/i/us/sp/v/nfl_cutout/players_l/08232018/7241.png", "size": "small"}, "image_url": "https://s.yimg.com/iu/api/res/1.2/tqyxxK4sLVQBjeq5sdikeQ--~C/YXBwaWQ9eXNwb3J0cztjaD0yMzM2O2NyPTE7Y3c9MTc5MDtkeD04NTc7ZHk9MDtmaT11bGNyb3A7aD02MDtxPTEwMDt3PTQ2/https://s.yimg.com/xe/i/us/sp/v/nfl_cutout/players_l/08232018/7241.png"}, {"is_undroppable": "0"}, {"position_type": "O"}, {"primary_position": "RB"}, {"eligible_positions": [{"position": "RB"}, {"position": "W/R/T"}]}, {"has_player_notes": 1}, [], {"player_notes_last_timestamp": 1562595900}], {"selected_position": [{"coverage_type": "week", "week": "1"}, {"position": "RB"}]}]}, "4": {"player": [[{"player_key": "242.p.9527"}, {"player_id": "9527"}, {"name": {"full": "Arian Foster", "first": "Arian", "last": "Foster", "ascii_first": "Arian", "ascii_last": "Foster"}}, {"editorial_player_key": "nfl.p.9527"}, {"editorial_team_key": "nfl.t.15"}, {"editorial_team_full_name": "Miami Dolphins"}, {"editorial_team_abbr": "Mia"}, {"bye_weeks": {"week": "5"}}, {"uniform_number": "29"}, {"display_position": "RB"}, {"headshot": {"url": "https://s.yimg.com/iu/api/res/1.2/wHVF37iHV9YmXeiMWUnw3Q--~C/YXBwaWQ9eXNwb3J0cztjaD0yMzM2O2NyPTE7Y3c9MTc5MDtkeD04NTc7ZHk9MDtmaT11bGNyb3A7aD02MDtxPTEwMDt3PTQ2/https://s.yimg.com/xe/i/us/sp/v/nfl_cutout/players_l/20150904/9527.1.png", "size": "small"}, "image_url": "https://s.yimg.com/iu/api/res/1.2/wHVF37iHV9YmXeiMWUnw3Q--~C/YXBwaWQ9eXNwb3J0cztjaD0yMzM2O2NyPTE7Y3c9MTc5MDtkeD04NTc7ZHk9MDtmaT11bGNyb3A7aD02MDtxPTEwMDt3PTQ2/https://s.yimg.com/xe/i/us/sp/v/nfl_cutout/players_l/20150904/9527.1.png"}, {"is_undroppable": "0"}, {"position_type": "O"}, {"primary_position": "RB"}, {"eligible_positions": [{"position": "RB"}, {"position": "W/R/T"}]}, [], [], []], {"selected_position": [{"coverage_type": "week", "week": "1"}, {"position": "RB"}]}]}, "5": {"player": [[{"player_key": "242.p.9037"}, {"player_id": "9037"}, {"name": {"full": "Danny Amendola", "first": "Danny", "last": "Amendola", "ascii_first": "Danny", "ascii_last": "Amendola"}}, {"injury_note": "hamstring"}, {"editorial_player_key": "nfl.p.9037"}, {"editorial_team_key": "nfl.t.8"}, {"editorial_team_full_name": "Detroit Lions"}, {"editorial_team_abbr": "Det"}, {"bye_weeks": {"week": "7"}}, {"uniform_number": "80"}, {"display_position": "WR"}, {"headshot": {"url": "https://s.yimg.com/iu/api/res/1.2/nR5FLoyG7oL4vBkB_KgsGA--~C/YXBwaWQ9eXNwb3J0cztjaD0yMzM2O2NyPTE7Y3c9MTc5MDtkeD04NTc7ZHk9MDtmaT11bGNyb3A7aD02MDtxPTEwMDt3PTQ2/https://s.yimg.com/xe/i/us/sp/v/nfl_cutout/players_l/09242018/9037.png", "size": "small"}, "image_url": "https://s.yimg.com/iu/api/res/1.2/nR5FLoyG7oL4vBkB_KgsGA--~C/YXBwaWQ9eXNwb3J0cztjaD0yMzM2O2NyPTE7Y3c9MTc5MDtkeD04NTc7ZHk9MDtmaT11bGNyb3A7aD02MDtxPTEwMDt3PTQ2/https://s.yimg.com/xe/i/us/sp/v/nfl_cutout/players_l/09242018/9037.png"}, {"is_undroppable": "0"}, {"position_type": "O"}, {"primary_position": "WR"}, {"eligible_positions": [{"position": "WR"}, {"position": "W/T"}, {"position": "W/R/T"}]}, [], [], []], {"selected_position": [{"coverage_type": "week", "week": "1"}, {"position": "W/T"}]}]}, "6": {"player": [[{"player_key": "242.p.24005"}, {"player_id": "24005"}, {"name": {"full": "Jahvid Best", "first": "Jahvid", "last": "Best", "ascii_first": "Jahvid", "ascii_last": "Best"}}, {"editorial_player_key": "nfl.p.24005"}, {"editorial_team_key": "nfl.t.8"}, {"editorial_team_full_name": "Detroit Lions"}, {"editorial_team_abbr": "Det"}, {"bye_weeks": {"week": "7"}}, {"uniform_number": "44"}, {"display_position": "RB"}, {"headshot": {"url": "https://s.yimg.com/iu/api/res/1.2/TcM85WhJ.fAOHWf2QKLjIw--~C/YXBwaWQ9eXNwb3J0cztjaD0yMDA7Y3I9MTtjdz0xNTM7ZHg9NzQ7ZHk9MDtmaT11bGNyb3A7aD02MDtxPTEwMDt3PTQ2/https://s.yimg.com/dh/ap/default/140828/silhouette@2x.png", "size": "small"}, "image_url": "https://s.yimg.com/iu/api/res/1.2/TcM85WhJ.fAOHWf2QKLjIw--~C/YXBwaWQ9eXNwb3J0cztjaD0yMDA7Y3I9MTtjdz0xNTM7ZHg9NzQ7ZHk9MDtmaT11bGNyb3A7aD02MDtxPTEwMDt3PTQ2/https://s.yimg.com/dh/ap/default/140828/silhouette@2x.png"}, {"is_undroppable": "0"}, {"position_type": "O"}, {"primary_position": "RB"}, {"eligible_positions": [{"position": "RB"}, {"position": "W/R/T"}]}, [], [], []], {"selected_position": [{"coverage_type": "week", "week": "1"}, {"position": "W/R/T"}]}]}, "7": {"player": [[{"player_key": "242.p.6337"}, {"player_id": "6337"}, {"name": {"full": "Carson Palmer", "first": "Carson", "last": "Palmer", "ascii_first": "Carson", "ascii_last": "Palmer"}}, {"editorial_player_key": "nfl.p.6337"}, {"editorial_team_key": "nfl.t.22"}, {"editorial_team_full_name": "Arizona Cardinals"}, {"editorial_team_abbr": "Ari"}, {"bye_weeks": {"week": "6"}}, {"uniform_number": "3"}, {"display_position": "QB"}, {"headshot": {"url": "https://s.yimg.com/iu/api/res/1.2/TUH.x.k8iy0K25qhgweGeg--~C/YXBwaWQ9eXNwb3J0cztjaD0yMzM2O2NyPTE7Y3c9MTc5MDtkeD04NTc7ZHk9MDtmaT11bGNyb3A7aD02MDtxPTEwMDt3PTQ2/https://s.yimg.com/xe/i/us/sp/v/nfl_cutout/players_l/08222017/6337.png", "size": "small"}, "image_url": "https://s.yimg.com/iu/api/res/1.2/TUH.x.k8iy0K25qhgweGeg--~C/YXBwaWQ9eXNwb3J0cztjaD0yMzM2O2NyPTE7Y3c9MTc5MDtkeD04NTc7ZHk9MDtmaT11bGNyb3A7aD02MDtxPTEwMDt3PTQ2/https://s.yimg.com/xe/i/us/sp/v/nfl_cutout/players_l/08222017/6337.png"}, {"is_undroppable": "0"}, {"position_type": "O"}, {"primary_position": "QB"}, {"eligible_positions": [{"position": "QB"}]}, [], [], []], {"selected_position": [{"coverage_type": "week", "week": "1"}, {"position": "BN"}]}]}, "8": {"player": [[{"player_key": "242.p.7847"}, {"player_id": "7847"}, {"name": {"full": "Owen Daniels", "first": "Owen", "last": "Daniels", "ascii_first": "Owen", "ascii_last": "Daniels"}}, {"editorial_player_key": "nfl.p.7847"}, {"editorial_team_key": "nfl.t.7"}, {"editorial_team_full_name": "Denver Broncos"}, {"editorial_team_abbr": "Den"}, {"bye_weeks": {"week": "9"}}, {"uniform_number": "81"}, {"display_position": "TE"}, {"headshot": {"url": "https://s.yimg.com/iu/api/res/1.2/TcM85WhJ.fAOHWf2QKLjIw--~C/YXBwaWQ9eXNwb3J0cztjaD0yMDA7Y3I9MTtjdz0xNTM7ZHg9NzQ7ZHk9MDtmaT11bGNyb3A7aD02MDtxPTEwMDt3PTQ2/https://s.yimg.com/dh/ap/default/140828/silhouette@2x.png", "size": "small"}, "image_url": "https://s.yimg.com/iu/api/res/1.2/TcM85WhJ.fAOHWf2QKLjIw--~C/YXBwaWQ9eXNwb3J0cztjaD0yMDA7Y3I9MTtjdz0xNTM7ZHg9NzQ7ZHk9MDtmaT11bGNyb3A7aD02MDtxPTEwMDt3PTQ2/https://s.yimg.com/dh/ap/default/140828/silhouette@2x.png"}, {"is_undroppable": "0"}, {"position_type": "O"}, {"primary_position": "W/T"}, {"eligible_positions": [{"position": "W/T"}, {"position": "W/R/T"}]}, [], [], []], {"selected_position": [{"coverage_type": "week", "week": "1"}, {"position": "BN"}]}]}, "9": {"player": [[{"player_key": "242.p.9276"}, {"player_id": "9276"}, {"name": {"full": "Knowshon Moreno", "first": "Knowshon", "last": "Moreno", "ascii_first": "Knowshon", "ascii_last": "Moreno"}}, {"editorial_player_key": "nfl.p.9276"}, {"editorial_team_key": "nfl.t.15"}, {"editorial_team_full_name": "Miami Dolphins"}, {"editorial_team_abbr": "Mia"}, {"bye_weeks": {"week": "5"}}, {"uniform_number": "28"}, {"display_position": "RB"}, {"headshot": {"url": "https://s.yimg.com/iu/api/res/1.2/TcM85WhJ.fAOHWf2QKLjIw--~C/YXBwaWQ9eXNwb3J0cztjaD0yMDA7Y3I9MTtjdz0xNTM7ZHg9NzQ7ZHk9MDtmaT11bGNyb3A7aD02MDtxPTEwMDt3PTQ2/https://s.yimg.com/dh/ap/default/140828/silhouette@2x.png", "size": "small"}, "image_url": "https://s.yimg.com/iu/api/res/1.2/TcM85WhJ.fAOHWf2QKLjIw--~C/YXBwaWQ9eXNwb3J0cztjaD0yMDA7Y3I9MTtjdz0xNTM7ZHg9NzQ7ZHk9MDtmaT11bGNyb3A7aD02MDtxPTEwMDt3PTQ2/https://s.yimg.com/dh/ap/default/140828/silhouette@2x.png"}, {"is_undroppable": "0"}, {"position_type": "O"}, {"primary_position": "RB"}, {"eligible_positions": [{"position": "RB"}, {"position": "W/R/T"}]}, [], [], []], {"selected_position": [{"coverage_type": "week", "week": "1"}, {"position": "BN"}]}]}, "10": {"player": [[{"player_key": "242.p.7806"}, {"player_id": "7806"}, {"name": {"full": "Devin Hester", "first": "Devin", "last": "Hester", "ascii_first": "Devin", "ascii_last": "Hester"}}, {"editorial_player_key": "nfl.p.7806"}, {"editorial_team_key": "nfl.t.26"}, {"editorial_team_full_name": "Seattle Seahawks"}, {"editorial_team_abbr": "Sea"}, {"bye_weeks": {"week": "5"}}, {"uniform_number": "17"}, {"display_position": "WR"}, {"headshot": {"url": "https://s.yimg.com/iu/api/res/1.2/oT4_xPX98Q57mi.oSZs9eA--~C/YXBwaWQ9eXNwb3J0cztjaD0yMzM2O2NyPTE7Y3c9MTc5MDtkeD04NTc7ZHk9MDtmaT11bGNyb3A7aD02MDtxPTEwMDt3PTQ2/https://s.yimg.com/xe/i/us/sp/v/nfl_cutout/players_l/20160906/7806.png", "size": "small"}, "image_url": "https://s.yimg.com/iu/api/res/1.2/oT4_xPX98Q57mi.oSZs9eA--~C/YXBwaWQ9eXNwb3J0cztjaD0yMzM2O2NyPTE7Y3c9MTc5MDtkeD04NTc7ZHk9MDtmaT11bGNyb3A7aD02MDtxPTEwMDt3PTQ2/https://s.yimg.com/xe/i/us/sp/v/nfl_cutout/players_l/20160906/7806.png"}, {"is_undroppable": "0"}, {"position_type": "O"}, {"primary_position": "WR"}, {"eligible_positions": [{"position": "WR"}, {"position": "W/T"}, {"position": "W/R/T"}]}, [], [], []], {"selected_position": [{"coverage_type": "week", "week": "1"}, {"position": "BN"}]}]}, "11": {"player": [[{"player_key": "242.p.9642"}, {"player_id": "9642"}, {"name": {"full": "Kareem Huggins", "first": "Kareem", "last": "Huggins", "ascii_first": "Kareem", "ascii_last": "Huggins"}}, {"editorial_player_key": "nfl.p.9642"}, {"editorial_team_key": "nfl.t.20"}, {"editorial_team_full_name": "New York Jets"}, {"editorial_team_abbr": "NYJ"}, {"bye_weeks": {"week": "7"}}, {"uniform_number": "24"}, {"display_position": "RB"}, {"headshot": {"url": "https://s.yimg.com/iu/api/res/1.2/TcM85WhJ.fAOHWf2QKLjIw--~C/YXBwaWQ9eXNwb3J0cztjaD0yMDA7Y3I9MTtjdz0xNTM7ZHg9NzQ7ZHk9MDtmaT11bGNyb3A7aD02MDtxPTEwMDt3PTQ2/https://s.yimg.com/dh/ap/default/140828/silhouette@2x.png", "size": "small"}, "image_url": "https://s.yimg.com/iu/api/res/1.2/TcM85WhJ.fAOHWf2QKLjIw--~C/YXBwaWQ9eXNwb3J0cztjaD0yMDA7Y3I9MTtjdz0xNTM7ZHg9NzQ7ZHk9MDtmaT11bGNyb3A7aD02MDtxPTEwMDt3PTQ2/https://s.yimg.com/dh/ap/default/140828/silhouette@2x.png"}, {"is_undroppable": "0"}, {"position_type": "O"}, {"primary_position": "RB"}, {"eligible_positions": [{"position": "RB"}, {"position": "W/R/T"}]}, [], [], []], {"selected_position": [{"coverage_type": "week", "week": "1"}, {"position": "BN"}]}]}, "12": {"player": [[{"player_key": "242.p.9355"}, {"player_id": "9355"}, {"name": {"full": "Deon Butler", "first": "Deon", "last": "Butler", "ascii_first": "Deon", "ascii_last": "Butler"}}, {"editorial_player_key": "nfl.p.9355"}, {"editorial_team_key": "nfl.t.24"}, {"editorial_team_full_name": "Los Angeles Chargers"}, {"editorial_team_abbr": "LAC"}, {"bye_weeks": {"week": "10"}}, {"uniform_number": "3"}, {"display_position": "WR"}, {"headshot": {"url": "https://s.yimg.com/iu/api/res/1.2/TcM85WhJ.fAOHWf2QKLjIw--~C/YXBwaWQ9eXNwb3J0cztjaD0yMDA7Y3I9MTtjdz0xNTM7ZHg9NzQ7ZHk9MDtmaT11bGNyb3A7aD02MDtxPTEwMDt3PTQ2/https://s.yimg.com/dh/ap/default/140828/silhouette@2x.png", "size": "small"}, "image_url": "https://s.yimg.com/iu/api/res/1.2/TcM85WhJ.fAOHWf2QKLjIw--~C/YXBwaWQ9eXNwb3J0cztjaD0yMDA7Y3I9MTtjdz0xNTM7ZHg9NzQ7ZHk9MDtmaT11bGNyb3A7aD02MDtxPTEwMDt3PTQ2/https://s.yimg.com/dh/ap/default/140828/silhouette@2x.png"}, {"is_undroppable": "0"}, {"position_type": "O"}, {"primary_position": "WR"}, {"eligible_positions": [{"position": "WR"}, {"position": "W/T"}, {"position": "W/R/T"}]}, [], [], []], {"selected_position": [{"coverage_type": "week", "week": "1"}, {"position": "BN"}]}]}, "13": {"player": [[{"player_key": "242.p.7022"}, {"player_id": "7022"}, {"name": {"full": "Lawrence Tynes", "first": "Lawrence", "last": "Tynes", "ascii_first": "Lawrence", "ascii_last": "Tynes"}}, {"editorial_player_key": "nfl.p.7022"}, {"editorial_team_key": "nfl.t.27"}, {"editorial_team_full_name": "Tampa Bay Buccaneers"}, {"editorial_team_abbr": "TB"}, {"bye_weeks": {"week": "4"}}, {"uniform_number": "1"}, {"display_position": "K"}, {"headshot": {"url": "https://s.yimg.com/iu/api/res/1.2/TcM85WhJ.fAOHWf2QKLjIw--~C/YXBwaWQ9eXNwb3J0cztjaD0yMDA7Y3I9MTtjdz0xNTM7ZHg9NzQ7ZHk9MDtmaT11bGNyb3A7aD02MDtxPTEwMDt3PTQ2/https://s.yimg.com/dh/ap/default/140828/silhouette@2x.png", "size": "small"}, "image_url": "https://s.yimg.com/iu/api/res/1.2/TcM85WhJ.fAOHWf2QKLjIw--~C/YXBwaWQ9eXNwb3J0cztjaD0yMDA7Y3I9MTtjdz0xNTM7ZHg9NzQ7ZHk9MDtmaT11bGNyb3A7aD02MDtxPTEwMDt3PTQ2/https://s.yimg.com/dh/ap/default/140828/silhouette@2x.png"}, {"is_undroppable": "0"}, {"position_type": "K"}, {"primary_position": "K"}, {"eligible_positions": [{"position": "K"}]}, [], [], []], {"selected_position": [{"coverage_type": "week", "week": "1"}, {"position": "K"}]}]}, "14": {"player": [[{"player_key": "242.p.100011"}, {"player_id": "100011"}, {"name": {"full": "Indianapolis", "first": "Indianapolis", "last": "", "ascii_first": "Indianapolis", "ascii_last": ""}}, {"editorial_player_key": "nfl.p.100011"}, {"editorial_team_key": "nfl.t.11"}, {"editorial_team_full_name": "Indianapolis Colts"}, {"editorial_team_abbr": "Ind"}, {"bye_weeks": {"week": "7"}}, {"uniform_number": false}, {"display_position": "DEF"}, {"headshot": {"url": "https://s.yimg.com/lq/i/us/sp/v/nfl/teams/1/50x50w/ind.gif", "size": "small"}, "image_url": "https://s.yimg.com/lq/i/us/sp/v/nfl/teams/1/50x50w/ind.gif"}, {"is_undroppable": "0"}, {"position_type": "DT"}, {"primary_position": "DEF"}, {"eligible_positions": [{"position": "DEF"}]}, [], [], []], {"selected_position": [{"coverage_type": "week", "week": "1"}, {"position": "DEF"}]}]}, "15": {"player": [[{"player_key": "242.p.9299"}, {"player_id": "9299"}, {"name": {"full": "James Laurinaitis", "first": "James", "last": "Laurinaitis", "ascii_first": "James", "ascii_last": "Laurinaitis"}}, {"editorial_player_key": "nfl.p.9299"}, {"editorial_team_key": "nfl.t.18"}, {"editorial_team_full_name": "New Orleans Saints"}, {"editorial_team_abbr": "NO"}, {"bye_weeks": {"week": "10"}}, {"uniform_number": "53"}, {"display_position": "LB"}, {"headshot": {"url": "https://s.yimg.com/iu/api/res/1.2/ZsgpbVDWyZOFlO8URNWHsQ--~C/YXBwaWQ9eXNwb3J0cztjaD0yMzM2O2NyPTE7Y3c9MTc5MDtkeD04NTc7ZHk9MDtmaT11bGNyb3A7aD02MDtxPTEwMDt3PTQ2/https://s.yimg.com/xe/i/us/sp/v/nfl_cutout/players_l/20160906/9299.png", "size": "small"}, "image_url": "https://s.yimg.com/iu/api/res/1.2/ZsgpbVDWyZOFlO8URNWHsQ--~C/YXBwaWQ9eXNwb3J0cztjaD0yMzM2O2NyPTE7Y3c9MTc5MDtkeD04NTc7ZHk9MDtmaT11bGNyb3A7aD02MDtxPTEwMDt3PTQ2/https://s.yimg.com/xe/i/us/sp/v/nfl_cutout/players_l/20160906/9299.png"}, {"is_undroppable": "0"}, {"position_type": "DP"}, {"primary_position": "D"}, {"eligible_positions": [{"position": "D"}]}, [], [], []], {"selected_position": [{"coverage_type": "week", "week": "1"}, {"position": "D"}]}]}, "count": 16}}}}], "time": "999.93300437927ms", "copyright": "Data provided by Yahoo! and STATS, LLC", "refresh_rate": "60"}}