{"fantasy_content": {"xml:lang": "en-US", "yahoo:uri": "/fantasy/v2/team/242.l.155338.t.12/roster;week=1", "team": [[{"team_key": "242.l.155338.t.12"}, {"team_id": "12"}, {"name": "Who Haa"}, {"is_owned_by_current_login": 1}, {"url": "https://football.fantasysports.yahoo.com/archive/nfl/2010/155338/12"}, {"team_logos": [{"team_logo": {"size": "large", "url": "https://s.yimg.com/dh/ap/fantasy/img/profile_96.png"}}]}, [], {"waiver_priority": 8}, [], {"number_of_moves": "12"}, {"number_of_trades": 0}, {"roster_adds": {"coverage_type": "week", "coverage_value": "17", "value": "3"}}, {"clinched_playoffs": 1}, {"league_scoring_type": "head"}, [], {"draft_position": 2}, {"has_draft_grade": 0}, [], [], {"managers": [{"manager": {"manager_id": "12", "nickname": "alexp", "guid": "6KYOSOSDH6T54LOWSHNKI25S3Q", "is_current_login": "1", "email": "alex31888@yahoo.com", "image_url": "https://ct.yimg.com/cy/4577/38685512946_edc791_64sq.jpg"}}]}], {"roster": {"coverage_type": "week", "week": "1", "is_editable": 0, "0": {"players": {"0": {"player": [[{"player_key": "242.p.5228"}, {"player_id": "5228"}, {"name": {"full": "Tom Brady", "first": "Tom", "last": "Brady", "ascii_first": "Tom", "ascii_last": "Brady"}}, {"injury_note": "knee, illness"}, {"editorial_player_key": "nfl.p.5228"}, {"editorial_team_key": "nfl.t.17"}, {"editorial_team_full_name": "New England Patriots"}, {"editorial_team_abbr": "NE"}, {"bye_weeks": {"week": "5"}}, {"uniform_number": "12"}, {"display_position": "QB"}, {"headshot": {"url": "https://s.yimg.com/iu/api/res/1.2/TUbcC5miwJx5t8GRSbJpRg--~C/YXBwaWQ9eXNwb3J0cztjaD0yMzM2O2NyPTE7Y3c9MTc5MDtkeD04NTc7ZHk9MDtmaT11bGNyb3A7aD02MDtxPTEwMDt3PTQ2/https://s.yimg.com/xe/i/us/sp/v/nfl_cutout/players_l/08272018/5228.png", "size": "small"}, "image_url": "https://s.yimg.com/iu/api/res/1.2/TUbcC5miwJx5t8GRSbJpRg--~C/YXBwaWQ9eXNwb3J0cztjaD0yMzM2O2NyPTE7Y3c9MTc5MDtkeD04NTc7ZHk9MDtmaT11bGNyb3A7aD02MDtxPTEwMDt3PTQ2/https://s.yimg.com/xe/i/us/sp/v/nfl_cutout/players_l/08272018/5228.png"}, {"is_undroppable": "0"}, {"position_type": "O"}, {"primary_position": "QB"}, {"eligible_positions": [{"position": "QB"}]}, [], [], []], {"selected_position": [{"coverage_type": "week", "week": "1"}, {"position": "QB"}]}, {"is_editable": 0}]}, "1": {"player": [[{"player_key": "242.p.7868"}, {"player_id": "7868"}, {"name": {"full": "Brandon Marshall", "first": "Brandon", "last": "Marshall", "ascii_first": "Brandon", "ascii_last": "Marshall"}}, {"editorial_player_key": "nfl.p.7868"}, {"editorial_team_key": "nfl.t.18"}, {"editorial_team_full_name": "New Orleans Saints"}, {"editorial_team_abbr": "NO"}, {"bye_weeks": {"week": "10"}}, {"uniform_number": "15"}, {"display_position": "WR"}, {"headshot": {"url": "https://s.yimg.com/iu/api/res/1.2/_VRx.bhGDaOGzXYkkj1NAQ--~C/YXBwaWQ9eXNwb3J0cztjaD0yMzM2O2NyPTE7Y3c9MTc5MDtkeD04NTc7ZHk9MDtmaT11bGNyb3A7aD02MDtxPTEwMDt3PTQ2/https://s.yimg.com/xe/i/us/sp/v/nfl_cutout/players_l/08212018/7868.png", "size": "small"}, "image_url": "https://s.yimg.com/iu/api/res/1.2/_VRx.bhGDaOGzXYkkj1NAQ--~C/YXBwaWQ9eXNwb3J0cztjaD0yMzM2O2NyPTE7Y3c9MTc5MDtkeD04NTc7ZHk9MDtmaT11bGNyb3A7aD02MDtxPTEwMDt3PTQ2/https://s.yimg.com/xe/i/us/sp/v/nfl_cutout/players_l/08212018/7868.png"}, {"is_undroppable": "0"}, {"position_type": "O"}, {"primary_position": "WR"}, {"eligible_positions": [{"position": "WR"}, {"position": "W/T"}, {"position": "W/R/T"}]}, [], [], []], {"selected_position": [{"coverage_type": "week", "week": "1"}, {"position": "WR"}]}, {"is_editable": 0}]}, "2": {"player": [[{"player_key": "242.p.5483"}, {"player_id": "5483"}, {"name": {"full": "Chad Johnson", "first": "Chad", "last": "Johnson", "ascii_first": "Chad", "ascii_last": "Johnson"}}, {"editorial_player_key": "nfl.p.5483"}, {"editorial_team_key": "nfl.t.15"}, {"editorial_team_full_name": "Miami Dolphins"}, {"editorial_team_abbr": "Mia"}, {"bye_weeks": {"week": "5"}}, {"uniform_number": "85"}, {"display_position": "WR"}, {"headshot": {"url": "https://s.yimg.com/iu/api/res/1.2/TcM85WhJ.fAOHWf2QKLjIw--~C/YXBwaWQ9eXNwb3J0cztjaD0yMDA7Y3I9MTtjdz0xNTM7ZHg9NzQ7ZHk9MDtmaT11bGNyb3A7aD02MDtxPTEwMDt3PTQ2/https://s.yimg.com/dh/ap/default/140828/silhouette@2x.png", "size": "small"}, "image_url": "https://s.yimg.com/iu/api/res/1.2/TcM85WhJ.fAOHWf2QKLjIw--~C/YXBwaWQ9eXNwb3J0cztjaD0yMDA7Y3I9MTtjdz0xNTM7ZHg9NzQ7ZHk9MDtmaT11bGNyb3A7aD02MDtxPTEwMDt3PTQ2/https://s.yimg.com/dh/ap/default/140828/silhouette@2x.png"}, {"is_undroppable": "0"}, {"position_type": "O"}, {"primary_position": "WR"}, {"eligible_positions": [{"position": "WR"}, {"position": "W/T"}, {"position": "W/R/T"}]}, [], [], []], {"selected_position": [{"coverage_type": "week", "week": "1"}, {"position": "WR"}]}, {"is_editable": 0}]}, "3": {"player": [[{"player_key": "242.p.8801"}, {"player_id": "8801"}, {"name": {"full": "Chris Johnson", "first": "Chris", "last": "Johnson", "ascii_first": "Chris", "ascii_last": "Johnson"}}, {"editorial_player_key": "nfl.p.8801"}, {"editorial_team_key": "nfl.t.10"}, {"editorial_team_full_name": "Tennessee Titans"}, {"editorial_team_abbr": "Ten"}, {"bye_weeks": {"week": "9"}}, {"uniform_number": "23"}, {"display_position": "RB"}, {"headshot": {"url": "https://s.yimg.com/iu/api/res/1.2/NvA6xi1QanGd8WATvwEJrA--~C/YXBwaWQ9eXNwb3J0cztjaD0yMzM2O2NyPTE7Y3c9MTc5MDtkeD04NTc7ZHk9MDtmaT11bGNyb3A7aD02MDtxPTEwMDt3PTQ2/https://s.yimg.com/xe/i/us/sp/v/nfl_cutout/players_l/08222017/8801.png", "size": "small"}, "image_url": "https://s.yimg.com/iu/api/res/1.2/NvA6xi1QanGd8WATvwEJrA--~C/YXBwaWQ9eXNwb3J0cztjaD0yMzM2O2NyPTE7Y3c9MTc5MDtkeD04NTc7ZHk9MDtmaT11bGNyb3A7aD02MDtxPTEwMDt3PTQ2/https://s.yimg.com/xe/i/us/sp/v/nfl_cutout/players_l/08222017/8801.png"}, {"is_undroppable": "0"}, {"position_type": "O"}, {"primary_position": "RB"}, {"eligible_positions": [{"position": "RB"}, {"position": "W/R/T"}]}, [], [], []], {"selected_position": [{"coverage_type": "week", "week": "1"}, {"position": "RB"}]}, {"is_editable": 0}]}, "4": {"player": [[{"player_key": "242.p.7894"}, {"player_id": "7894"}, {"name": {"full": "Jerome Harrison", "first": "Jerome", "last": "Harrison", "ascii_first": "Jerome", "ascii_last": "Harrison"}}, {"editorial_player_key": "nfl.p.7894"}, {"editorial_team_key": "nfl.t.8"}, {"editorial_team_full_name": "Detroit Lions"}, {"editorial_team_abbr": "Det"}, {"bye_weeks": {"week": "7"}}, {"uniform_number": "36"}, {"display_position": "RB"}, {"headshot": {"url": "https://s.yimg.com/iu/api/res/1.2/TcM85WhJ.fAOHWf2QKLjIw--~C/YXBwaWQ9eXNwb3J0cztjaD0yMDA7Y3I9MTtjdz0xNTM7ZHg9NzQ7ZHk9MDtmaT11bGNyb3A7aD02MDtxPTEwMDt3PTQ2/https://s.yimg.com/dh/ap/default/140828/silhouette@2x.png", "size": "small"}, "image_url": "https://s.yimg.com/iu/api/res/1.2/TcM85WhJ.fAOHWf2QKLjIw--~C/YXBwaWQ9eXNwb3J0cztjaD0yMDA7Y3I9MTtjdz0xNTM7ZHg9NzQ7ZHk9MDtmaT11bGNyb3A7aD02MDtxPTEwMDt3PTQ2/https://s.yimg.com/dh/ap/default/140828/silhouette@2x.png"}, {"is_undroppable": "0"}, {"position_type": "O"}, {"primary_position": "RB"}, {"eligible_positions": [{"position": "RB"}, {"position": "W/R/T"}]}, [], [], []], {"selected_position": [{"coverage_type": "week", "week": "1"}, {"position": "RB"}]}, {"is_editable": 0}]}, "5": {"player": [[{"player_key": "242.p.9283"}, {"player_id": "9283"}, {"name": {"full": "Jeremy Maclin", "first": "Jeremy", "last": "Maclin", "ascii_first": "Jeremy", "ascii_last": "Maclin"}}, {"editorial_player_key": "nfl.p.9283"}, {"editorial_team_key": "nfl.t.33"}, {"editorial_team_full_name": "Baltimore Ravens"}, {"editorial_team_abbr": "Bal"}, {"bye_weeks": {"week": "8"}}, {"uniform_number": "18"}, {"display_position": "WR"}, {"headshot": {"url": "https://s.yimg.com/iu/api/res/1.2/r4Cpm4puHNBl0K1mG1ELhQ--~C/YXBwaWQ9eXNwb3J0cztjaD0yMzM2O2NyPTE7Y3c9MTc5MDtkeD04NTc7ZHk9MDtmaT11bGNyb3A7aD02MDtxPTEwMDt3PTQ2/https://s.yimg.com/xe/i/us/sp/v/nfl_cutout/players_l/09302017/9283.png", "size": "small"}, "image_url": "https://s.yimg.com/iu/api/res/1.2/r4Cpm4puHNBl0K1mG1ELhQ--~C/YXBwaWQ9eXNwb3J0cztjaD0yMzM2O2NyPTE7Y3c9MTc5MDtkeD04NTc7ZHk9MDtmaT11bGNyb3A7aD02MDtxPTEwMDt3PTQ2/https://s.yimg.com/xe/i/us/sp/v/nfl_cutout/players_l/09302017/9283.png"}, {"is_undroppable": "0"}, {"position_type": "O"}, {"primary_position": "WR"}, {"eligible_positions": [{"position": "WR"}, {"position": "W/T"}, {"position": "W/R/T"}]}, [], [], []], {"selected_position": [{"coverage_type": "week", "week": "1"}, {"position": "W/T"}]}, {"is_editable": 0}]}, "6": {"player": [[{"player_key": "242.p.7149"}, {"player_id": "7149"}, {"name": {"full": "Malcom Floyd", "first": "Malcom", "last": "Floyd", "ascii_first": "Malcom", "ascii_last": "Floyd"}}, {"editorial_player_key": "nfl.p.7149"}, {"editorial_team_key": "nfl.t.24"}, {"editorial_team_full_name": "Los Angeles Chargers"}, {"editorial_team_abbr": "LAC"}, {"bye_weeks": {"week": "10"}}, {"uniform_number": "80"}, {"display_position": "WR"}, {"headshot": {"url": "https://s.yimg.com/iu/api/res/1.2/TcM85WhJ.fAOHWf2QKLjIw--~C/YXBwaWQ9eXNwb3J0cztjaD0yMDA7Y3I9MTtjdz0xNTM7ZHg9NzQ7ZHk9MDtmaT11bGNyb3A7aD02MDtxPTEwMDt3PTQ2/https://s.yimg.com/dh/ap/default/140828/silhouette@2x.png", "size": "small"}, "image_url": "https://s.yimg.com/iu/api/res/1.2/TcM85WhJ.fAOHWf2QKLjIw--~C/YXBwaWQ9eXNwb3J0cztjaD0yMDA7Y3I9MTtjdz0xNTM7ZHg9NzQ7ZHk9MDtmaT11bGNyb3A7aD02MDtxPTEwMDt3PTQ2/https://s.yimg.com/dh/ap/default/140828/silhouette@2x.png"}, {"is_undroppable": "0"}, {"position_type": "O"}, {"primary_position": "WR"}, {"eligible_positions": [{"position": "WR"}, {"position": "W/T"}, {"position": "W/R/T"}]}, [], [], []], {"selected_position": [{"coverage_type": "week", "week": "1"}, {"position": "W/R/T"}]}, {"is_editable": 0}]}, "7": {"player": [[{"player_key": "242.p.9295"}, {"player_id": "9295"}, {"name": {"full": "Beanie Wells", "first": "Beanie", "last": "Wells", "ascii_first": "Beanie", "ascii_last": "Wells"}}, {"editorial_player_key": "nfl.p.9295"}, {"editorial_team_key": "nfl.t.22"}, {"editorial_team_full_name": "Arizona Cardinals"}, {"editorial_team_abbr": "Ari"}, {"bye_weeks": {"week": "6"}}, {"uniform_number": "26"}, {"display_position": "RB"}, {"headshot": {"url": "https://s.yimg.com/iu/api/res/1.2/TcM85WhJ.fAOHWf2QKLjIw--~C/YXBwaWQ9eXNwb3J0cztjaD0yMDA7Y3I9MTtjdz0xNTM7ZHg9NzQ7ZHk9MDtmaT11bGNyb3A7aD02MDtxPTEwMDt3PTQ2/https://s.yimg.com/dh/ap/default/140828/silhouette@2x.png", "size": "small"}, "image_url": "https://s.yimg.com/iu/api/res/1.2/TcM85WhJ.fAOHWf2QKLjIw--~C/YXBwaWQ9eXNwb3J0cztjaD0yMDA7Y3I9MTtjdz0xNTM7ZHg9NzQ7ZHk9MDtmaT11bGNyb3A7aD02MDtxPTEwMDt3PTQ2/https://s.yimg.com/dh/ap/default/140828/silhouette@2x.png"}, {"is_undroppable": "0"}, {"position_type": "O"}, {"primary_position": "RB"}, {"eligible_positions": [{"position": "RB"}, {"position": "W/R/T"}]}, [], [], []], {"selected_position": [{"coverage_type": "week", "week": "1"}, {"position": "BN"}]}, {"is_editable": 0}]}, "8": {"player": [[{"player_key": "242.p.9348"}, {"player_id": "9348"}, {"name": {"full": "Mike Wallace", "first": "Mike", "last": "Wallace", "ascii_first": "Mike", "ascii_last": "Wallace"}}, {"injury_note": "ankle"}, {"editorial_player_key": "nfl.p.9348"}, {"editorial_team_key": "nfl.t.21"}, {"editorial_team_full_name": "Philadelphia Eagles"}, {"editorial_team_abbr": "Phi"}, {"bye_weeks": {"week": "8"}}, {"uniform_number": "14"}, {"display_position": "WR"}, {"headshot": {"url": "https://s.yimg.com/iu/api/res/1.2/0TcVW79wkv_op1j1LfTLuw--~C/YXBwaWQ9eXNwb3J0cztjaD0yMzM2O2NyPTE7Y3c9MTc5MDtkeD04NTc7ZHk9MDtmaT11bGNyb3A7aD02MDtxPTEwMDt3PTQ2/https://s.yimg.com/xe/i/us/sp/v/nfl_cutout/players_l/08212018/9348.png", "size": "small"}, "image_url": "https://s.yimg.com/iu/api/res/1.2/0TcVW79wkv_op1j1LfTLuw--~C/YXBwaWQ9eXNwb3J0cztjaD0yMzM2O2NyPTE7Y3c9MTc5MDtkeD04NTc7ZHk9MDtmaT11bGNyb3A7aD02MDtxPTEwMDt3PTQ2/https://s.yimg.com/xe/i/us/sp/v/nfl_cutout/players_l/08212018/9348.png"}, {"is_undroppable": "0"}, {"position_type": "O"}, {"primary_position": "WR"}, {"eligible_positions": [{"position": "WR"}, {"position": "W/T"}, {"position": "W/R/T"}]}, [], [], []], {"selected_position": [{"coverage_type": "week", "week": "1"}, {"position": "BN"}]}, {"is_editable": 0}]}, "9": {"player": [[{"player_key": "242.p.8281"}, {"player_id": "8281"}, {"name": {"full": "Robert Meachem", "first": "Robert", "last": "Meachem", "ascii_first": "Robert", "ascii_last": "Meachem"}}, {"editorial_player_key": "nfl.p.8281"}, {"editorial_team_key": "nfl.t.18"}, {"editorial_team_full_name": "New Orleans Saints"}, {"editorial_team_abbr": "NO"}, {"bye_weeks": {"week": "10"}}, {"uniform_number": "17"}, {"display_position": "WR"}, {"headshot": {"url": "https://s.yimg.com/iu/api/res/1.2/TcM85WhJ.fAOHWf2QKLjIw--~C/YXBwaWQ9eXNwb3J0cztjaD0yMDA7Y3I9MTtjdz0xNTM7ZHg9NzQ7ZHk9MDtmaT11bGNyb3A7aD02MDtxPTEwMDt3PTQ2/https://s.yimg.com/dh/ap/default/140828/silhouette@2x.png", "size": "small"}, "image_url": "https://s.yimg.com/iu/api/res/1.2/TcM85WhJ.fAOHWf2QKLjIw--~C/YXBwaWQ9eXNwb3J0cztjaD0yMDA7Y3I9MTtjdz0xNTM7ZHg9NzQ7ZHk9MDtmaT11bGNyb3A7aD02MDtxPTEwMDt3PTQ2/https://s.yimg.com/dh/ap/default/140828/silhouette@2x.png"}, {"is_undroppable": "0"}, {"position_type": "O"}, {"primary_position": "WR"}, {"eligible_positions": [{"position": "WR"}, {"position": "W/T"}, {"position": "W/R/T"}]}, [], [], []], {"selected_position": [{"coverage_type": "week", "week": "1"}, {"position": "BN"}]}, {"is_editable": 0}]}, "10": {"player": [[{"player_key": "242.p.8781"}, {"player_id": "8781"}, {"name": {"full": "Darren McFadden", "first": "Darren", "last": "McFadden", "ascii_first": "Darren", "ascii_last": "McFadden"}}, {"editorial_player_key": "nfl.p.8781"}, {"editorial_team_key": "nfl.t.6"}, {"editorial_team_full_name": "Dallas Cowboys"}, {"editorial_team_abbr": "Dal"}, {"bye_weeks": {"week": "4"}}, {"uniform_number": "20"}, {"display_position": "RB"}, {"headshot": {"url": "https://s.yimg.com/iu/api/res/1.2/cVBhSPfyuthPCXSLc8mTtQ--~C/YXBwaWQ9eXNwb3J0cztjaD0yMzM2O2NyPTE7Y3c9MTc5MDtkeD04NTc7ZHk9MDtmaT11bGNyb3A7aD02MDtxPTEwMDt3PTQ2/https://s.yimg.com/xe/i/us/sp/v/nfl_cutout/players_l/09292017/8781.png", "size": "small"}, "image_url": "https://s.yimg.com/iu/api/res/1.2/cVBhSPfyuthPCXSLc8mTtQ--~C/YXBwaWQ9eXNwb3J0cztjaD0yMzM2O2NyPTE7Y3c9MTc5MDtkeD04NTc7ZHk9MDtmaT11bGNyb3A7aD02MDtxPTEwMDt3PTQ2/https://s.yimg.com/xe/i/us/sp/v/nfl_cutout/players_l/09292017/8781.png"}, {"is_undroppable": "0"}, {"position_type": "O"}, {"primary_position": "RB"}, {"eligible_positions": [{"position": "RB"}, {"position": "W/R/T"}]}, [], [], []], {"selected_position": [{"coverage_type": "week", "week": "1"}, {"position": "BN"}]}, {"is_editable": 0}]}, "11": {"player": [[{"player_key": "242.p.6837"}, {"player_id": "6837"}, {"name": {"full": "Bernard Berrian", "first": "Bernard", "last": "Berrian", "ascii_first": "Bernard", "ascii_last": "Berrian"}}, {"editorial_player_key": "nfl.p.6837"}, {"editorial_team_key": "nfl.t.16"}, {"editorial_team_full_name": "Minnesota Vikings"}, {"editorial_team_abbr": "Min"}, {"bye_weeks": {"week": "4"}}, {"uniform_number": "87"}, {"display_position": "WR"}, {"headshot": {"url": "https://s.yimg.com/iu/api/res/1.2/TcM85WhJ.fAOHWf2QKLjIw--~C/YXBwaWQ9eXNwb3J0cztjaD0yMDA7Y3I9MTtjdz0xNTM7ZHg9NzQ7ZHk9MDtmaT11bGNyb3A7aD02MDtxPTEwMDt3PTQ2/https://s.yimg.com/dh/ap/default/140828/silhouette@2x.png", "size": "small"}, "image_url": "https://s.yimg.com/iu/api/res/1.2/TcM85WhJ.fAOHWf2QKLjIw--~C/YXBwaWQ9eXNwb3J0cztjaD0yMDA7Y3I9MTtjdz0xNTM7ZHg9NzQ7ZHk9MDtmaT11bGNyb3A7aD02MDtxPTEwMDt3PTQ2/https://s.yimg.com/dh/ap/default/140828/silhouette@2x.png"}, {"is_undroppable": "0"}, {"position_type": "O"}, {"primary_position": "WR"}, {"eligible_positions": [{"position": "WR"}, {"position": "W/T"}, {"position": "W/R/T"}]}, [], [], []], {"selected_position": [{"coverage_type": "week", "week": "1"}, {"position": "BN"}]}, {"is_editable": 0}]}, "12": {"player": [[{"player_key": "242.p.6772"}, {"player_id": "6772"}, {"name": {"full": "Lee Evans", "first": "Lee", "last": "Evans", "ascii_first": "Lee", "ascii_last": "Evans"}}, {"editorial_player_key": "nfl.p.6772"}, {"editorial_team_key": "nfl.t.30"}, {"editorial_team_full_name": "Jacksonville Jaguars"}, {"editorial_team_abbr": "Jax"}, {"bye_weeks": {"week": "9"}}, {"uniform_number": "83"}, {"display_position": "WR"}, {"headshot": {"url": "https://s.yimg.com/iu/api/res/1.2/TcM85WhJ.fAOHWf2QKLjIw--~C/YXBwaWQ9eXNwb3J0cztjaD0yMDA7Y3I9MTtjdz0xNTM7ZHg9NzQ7ZHk9MDtmaT11bGNyb3A7aD02MDtxPTEwMDt3PTQ2/https://s.yimg.com/dh/ap/default/140828/silhouette@2x.png", "size": "small"}, "image_url": "https://s.yimg.com/iu/api/res/1.2/TcM85WhJ.fAOHWf2QKLjIw--~C/YXBwaWQ9eXNwb3J0cztjaD0yMDA7Y3I9MTtjdz0xNTM7ZHg9NzQ7ZHk9MDtmaT11bGNyb3A7aD02MDtxPTEwMDt3PTQ2/https://s.yimg.com/dh/ap/default/140828/silhouette@2x.png"}, {"is_undroppable": "0"}, {"position_type": "O"}, {"primary_position": "WR"}, {"eligible_positions": [{"position": "WR"}, {"position": "W/T"}, {"position": "W/R/T"}]}, [], [], []], {"selected_position": [{"coverage_type": "week", "week": "1"}, {"position": "BN"}]}, {"is_editable": 0}]}, "13": {"player": [[{"player_key": "242.p.8565"}, {"player_id": "8565"}, {"name": {"full": "Matt Prater", "first": "Matt", "last": "Prater", "ascii_first": "Matt", "ascii_last": "Prater"}}, {"editorial_player_key": "nfl.p.8565"}, {"editorial_team_key": "nfl.t.8"}, {"editorial_team_full_name": "Detroit Lions"}, {"editorial_team_abbr": "Det"}, {"bye_weeks": {"week": "7"}}, {"uniform_number": "5"}, {"display_position": "K"}, {"headshot": {"url": "https://s.yimg.com/iu/api/res/1.2/klkRUnWT7St5RmXvBUds0A--~C/YXBwaWQ9eXNwb3J0cztjaD0yMzM2O2NyPTE7Y3c9MTc5MDtkeD04NTc7ZHk9MDtmaT11bGNyb3A7aD02MDtxPTEwMDt3PTQ2/https://s.yimg.com/xe/i/us/sp/v/nfl_cutout/players_l/08272018/8565.png", "size": "small"}, "image_url": "https://s.yimg.com/iu/api/res/1.2/klkRUnWT7St5RmXvBUds0A--~C/YXBwaWQ9eXNwb3J0cztjaD0yMzM2O2NyPTE7Y3c9MTc5MDtkeD04NTc7ZHk9MDtmaT11bGNyb3A7aD02MDtxPTEwMDt3PTQ2/https://s.yimg.com/xe/i/us/sp/v/nfl_cutout/players_l/08272018/8565.png"}, {"is_undroppable": "0"}, {"position_type": "K"}, {"primary_position": "K"}, {"eligible_positions": [{"position": "K"}]}, [], [], []], {"selected_position": [{"coverage_type": "week", "week": "1"}, {"position": "K"}]}, {"is_editable": 0}]}, "14": {"player": [[{"player_key": "242.p.100010"}, {"player_id": "100010"}, {"name": {"full": "Tennessee", "first": "Tennessee", "last": "", "ascii_first": "Tennessee", "ascii_last": ""}}, {"editorial_player_key": "nfl.p.100010"}, {"editorial_team_key": "nfl.t.10"}, {"editorial_team_full_name": "Tennessee Titans"}, {"editorial_team_abbr": "Ten"}, {"bye_weeks": {"week": "9"}}, {"uniform_number": false}, {"display_position": "DEF"}, {"headshot": {"url": "https://s.yimg.com/lq/i/us/sp/v/nfl/teams/1/50x50w/ten.gif", "size": "small"}, "image_url": "https://s.yimg.com/lq/i/us/sp/v/nfl/teams/1/50x50w/ten.gif"}, {"is_undroppable": "0"}, {"position_type": "DT"}, {"primary_position": "DEF"}, {"eligible_positions": [{"position": "DEF"}]}, [], [], []], {"selected_position": [{"coverage_type": "week", "week": "1"}, {"position": "DEF"}]}, {"is_editable": 0}]}, "15": {"player": [[{"player_key": "242.p.8787"}, {"player_id": "8787"}, {"name": {"full": "Jerod Mayo", "first": "Jerod", "last": "Mayo", "ascii_first": "Jerod", "ascii_last": "Mayo"}}, {"editorial_player_key": "nfl.p.8787"}, {"editorial_team_key": "nfl.t.17"}, {"editorial_team_full_name": "New England Patriots"}, {"editorial_team_abbr": "NE"}, {"bye_weeks": {"week": "5"}}, {"uniform_number": "51"}, {"display_position": "LB"}, {"headshot": {"url": "https://s.yimg.com/iu/api/res/1.2/TcM85WhJ.fAOHWf2QKLjIw--~C/YXBwaWQ9eXNwb3J0cztjaD0yMDA7Y3I9MTtjdz0xNTM7ZHg9NzQ7ZHk9MDtmaT11bGNyb3A7aD02MDtxPTEwMDt3PTQ2/https://s.yimg.com/dh/ap/default/140828/silhouette@2x.png", "size": "small"}, "image_url": "https://s.yimg.com/iu/api/res/1.2/TcM85WhJ.fAOHWf2QKLjIw--~C/YXBwaWQ9eXNwb3J0cztjaD0yMDA7Y3I9MTtjdz0xNTM7ZHg9NzQ7ZHk9MDtmaT11bGNyb3A7aD02MDtxPTEwMDt3PTQ2/https://s.yimg.com/dh/ap/default/140828/silhouette@2x.png"}, {"is_undroppable": "0"}, {"position_type": "DP"}, {"primary_position": "D"}, {"eligible_positions": [{"position": "D"}]}, [], [], []], {"selected_position": [{"coverage_type": "week", "week": "1"}, {"position": "D"}]}, {"is_editable": 0}]}, "count": 16}}}}], "time": "224.280834198ms", "copyright": "Data provided by Yahoo! and STATS, LLC", "refresh_rate": "60"}}