{
    "access_token": "rm0YcKWdtFFEpa5Kqw1PaOT5zlBBEyB1AY83oorFOJHjkd5lRVf3_wv51ipKzmUsJbvsk6tBEanUT2F87Soq26ABKqe2B0.xhW9LncnMOlExUfdy5FtW7dTg1r5vP5kHKB7smgtqqcOGL.4NuWogBmIXlWkPILBtrJJZwxDRBbI1nay9BjKHRE.un1qICoY.dNw8WnDySyoE.qSETo1s6wSDWEd3eHtOjSwBOWwMAIBCmH7wUEL85G511e7LYTBKZZhnp0ZizMxCw_497DwzWQiDtg0m0wUm1OmFJtlRKzpgqkBXfjH44_WGFcV6xRERhKrfkv1m1XLT_3Xgz6pWGYp0zKBE2Wputxthy8pPYVngjQ3QUKcWaypTKYvasMekOFWAZkAfNPeP5JGl.2KDTDN2BoibVWKuE0J9S3xpaOGqX8207EqDbdGxL54pUlx47lXOD3bEFmaMr2.syFo0X_5NDms4xyZ7oL1LGbeFpq4Em8b3Y42MSuo4NXkhcB_uE11Kt8sIDLxXxEObd2NRn1pdTgrzwlZpELzNfpyTdGrDDfWsWRUktMq6Q9R_PXcgw_LwmzDhWJVxEECo2kn08_mrKzJoOH9BDqTo2yOr5ru2KF8l7JYzVz9XeKGNghafBQjs3Q.nVjrtB.yYgWDd9fwKD.vrW9CTtwBx1zVLLmeJIFeNLpvgg16yTP90IJfaA_stDh9oCwHAWNZYt6XsCBoORAnEvxDOSdZfto6GoLw_Qt5F_SjCV3bCFiNEcInW6hxe1mm3cmKdipw7WLmyfJSDuGP3ZTQVkxKZBpTpsAKBzWU0aaL719gV0IeuYgCwkIKcSN4SPyHa.qNCzTYbLg8cZvqwXMbU10b8tlz9xBpfiB21.YntkFOHx3O9r_rxiM8JugHo6kgl_8pLB4ziXBbrzY3YQ_deD09YNRoCSBsY6QBgD1GInv6vO3OgN4T_h4CC.HNFoqBPRdlfttaY43O23yKJsKBtHomJ20Gx8CBTerHzWIPozE3gW09XEOEzuwEBlBAUEusesMkkf1e.H5oVjdLJ7jajC8saogZbB4Xd15.kxWvrQQBRFNaP52OSqCvy_TKxcqcNfqFqvzwwKy.skh0uK3dkAbY-",
    "consumer_key": "dj0yJmk9UWZGS29LcGpUSjVEJnM9Y29uc3VtZXJzZWNyZXQmc3Y9MCZ4PTZm",
    "consumer_secret": "a9d9ccdc038396277b3168696ba528ebe188518f",
    "guid": "XXEYP7HYAK66MOIT3OPYGYYLYE",
    "refresh_token": "AN.44FxTamSmOGLd1zf90BBVdtEq535mXm5Bknt3dF4Hon1xaX55qQ--",
    "token_time": 1562686876.7901006,
    "token_type": "bearer"
}