{
    "access_token": "fK2KlRGaolktYT6n3v3YVph75DS92hAaXw_w3ycJrCh1P8fB9Z.8J5V8sKHTn_S80PcRVa4k5fNYuDxZEJPuJa_6pTk1XIfoxzejnvHUP_eTQ_dOdXXToPDCsSLattOSEX_cmgJ0lPQRRL177xUYqqMcbxzotDNKJxcaUIGibDU4K0bbG750WD1EQ.K.Etf61wOcq9qIDIDiQmm69kYDU7U5W3S0Xi3s9UTD0O3o_obUklcN5FJ06Tuu9Q2I6TvtsI0OOuZmDO5HwNyEU5K2nTKO_u109qU6r0EWRtcuU2uA7WyVH.hvEBxl57EgS0NapdgWSusIHAZKF3bOG9W2mWNPcaY7oD3f6cSOcUKV4w3z7gStXBK423xAGjnVzeck4h8MXzOysdp7B_lwg9OKpVFjPuCBnXBpvziJImwSaB3H.myawkXfgrzYVxFmJNwCkVG0m34J39.oYM66GBQMwOJSWuz8gefocejr_e36MAgQbO7U61.zg4SE4.f1kZSIY84aenS0RFCUvTHAGIlf28idr6yOLYto.7bg_OinExm6DJ4951unCCKNvYglitt5s1tQfcZSyv1aw3tw9voiRWTTEfiaLdjx49._VrQ7tfr6M6eclXtahKKJ2ygGU.95QFsaggwfhhxzcoDWN6a6xpT2SWYm4JYHn7kUzKoqdqr0cWnrhqnDXndyEvGCEpa_11Fq2Bu_yA9sWqIkUf39o0qU9dhUvbnoCpxB0WO7eO2bhhdN68tDlnYS1h8tOgyVysOz0V4F5gmTA0UnQ05gM.RGmkChs7is_Kwt5_6w12OP.RUVGSXNhhp0gWsPs37mAf0MO4kHU4iAlFyfq.fTTZY2ROC5lzGVTHF8XEcsVWCAsBZZ.YEX7gwAarWFb7P0tvvpCm8kHMpPvyWRMy1uvZ_TDOjtfbQefuEnWZPmk2HfurvTyrFp.IDu8zoOSmE5wRkd0GQLq_sDaE0bFs_y36sjBko7s2jg0AjXkcEtuh3fqoThT7m6Etlg7JqXN1q2DYdj5Yvmo8ANQ4aBjbnMHcFSZw.xHaUm5IWZ7JJ0bn5B9nGbeanhMAYdP79lEgFCljXi5nsOD7XPH9WoDogFhw--",
    "consumer_key": "dj0yJmk9UFI5OTNUVG85NWtQJmQ9WVdrOWVGSlRTbUYxTlRJbWNHbzlNQS0tJnM9Y29uc3VtZXJzZWNyZXQmc3Y9MCZ4PTdj",
    "consumer_secret": "c13232b8df33266a7f7b0983c7f4c72100cde806",
    "guid": "6KYOSOSDH6T54LOWSHNKI25S3Q",
    "refresh_token": "AKQ5JV3rzIUtC1vfTb.eZmdpOFQvUg0oYsynzvlhj9bszktNyQ--",
    "token_time": 1562778007.2799366,
    "token_type": "bearer"
}