{"fantasy_content": {"xml:lang": "en-US", "yahoo:uri": "/fantasy/v2/league/242.l.155338/", "league": [{"league_key": "242.l.155338", "league_id": "155338", "name": "The league 3", "url": "https://football.fantasysports.yahoo.com/archive/nfl/2010/155338", "logo_url": false, "draft_status": "postdraft", "num_teams": 12, "edit_key": "17", "weekly_deadline": "", "league_update_timestamp": "1294130683", "scoring_type": "head", "league_type": "private", "renew": "", "renewed": "257_320625", "iris_group_chat_id": "", "allow_add_to_dl_extra_pos": 0, "is_pro_league": "0", "is_cash_league": "0", "current_week": "17", "start_week": "1", "start_date": "2010-09-09", "end_week": "17", "end_date": "2011-01-03", "is_finished": 1, "game_code": "nfl", "season": "2010"}], "time": "124.88889694214ms", "copyright": "Data provided by Yahoo! and STATS, LLC", "refresh_rate": "60"}}