{
    "access_token": "5ne.kv.aolloVyrFFQxQo72HNOm1XYSkBjewtI_KNAc_em0nPLkD5GEf0PHKok1d3eRwhKknVh6ePNjz1X_.X1pHiEQzeiiqOpHTcB5hIf93lvrB5XDwOepeoQKvrp4LFrmuatjoPO4imBDOzs5YnCsUUsYtLTeTLNO61l4S5mdYvaGT_T_lI3hV8q3mMGrkuwwn4lDzeLj7ElFefUT5WP1cb4Az8fmNxSd15_F.qBMZaSZpiYvgrryWCNx5OwkAEjexkriqFfBamfVXMJ1GeFJvQtWoMh8.XZTZPvVl1aovay.T8Y9o.87lJsSNkTexyLg2qxrYUDFy6PF84icC94QdTRAYlkVzROuCy9s7Ku4EInpZbdFuTlf_tDelgWUSCwvMQM9PJPer.i_g2IVT8WfKaIBL0.yZcATkaDsKJCJ.5auSYR_EJrQRwAMonmg_attF_HHAKgqxfhRFwweo4y4kthhrOwryrH9Uy7r.4.dfnAAvBFu23yju4m.zYPinCru4nlodutiw.Czs9KufrgaCZQ_5w3TAPKvQWPTKEj5AHY9BvCAfsQBqToPdSjA8i9xsHXkrnJRSKt2prmjKE2LAimRIfq2scVJTe5bTbA3Ql7IOodPmhf_mItSP6UDgPAS.PZIo1jLMtCD_6vRAasnDrtF84R8R2xm4e0VimXe2bLFiJJ.OdxaYsvXI8ktbooX3sGpAHG3uqjfkuTkWwyV9ZOJIgXJ256ADRdOve21Xe0mdlnXo.TWa.D38lnkKEB6DJaPVdbJH628WGW_uc1tqCsx8z.bLh5NXmhWyi78ZaibZWn0o6woL09p0fZ8Gmk3Hy6xuksW6kl0fE27QcxC2Uvc79KHLhuafII.6N.9KnjR_Yn1fyrAmZ1GP6W8t_iqk.d_3KlOxCmbBsG7Z7S1LYWPudEhGG4Fzcq3ydUmLlx_17Pt9.Wwjgki12DAvYWE_RiNdV62ivNLBPLCAVXAe_xr5uxxItTiKHV3SOdeovKocr1siUFzlTD2i3ccJdY31_ScZ77g1q2IEEBBQB64q8poL8UQ7iNhowpTGQ2IV2Xp0Z6sFjdG4ljrDggVAam9qiCd89nI4XG.9QzH16A--",
    "consumer_key": "dj0yJmk9UFI5OTNUVG85NWtQJmQ9WVdrOWVGSlRTbUYxTlRJbWNHbzlNQS0tJnM9Y29uc3VtZXJzZWNyZXQmc3Y9MCZ4PTdj",
    "consumer_secret": "c13232b8df33266a7f7b0983c7f4c72100cde806",
    "guid": "6KYOSOSDH6T54LOWSHNKI25S3Q",
    "refresh_token": "AKQ5JV3rzIUtC1vfTb.eZmdpOFQvUg0oYsynzvlhj9bszktNyQ--",
    "token_time": 1562720718.5510466,
    "token_type": "bearer"
}