[{"info": {"full": "Mike Zunino", "pos": "C"}, "batting": {"fp": 67.25, "runs": "21", "single": 17, "double": "10", "triple": "1", "homers": "5", "rbi": "20", "sb": "0", "bb": "13", "ks": "66"}}, {"info": {"full": "Mike Zunino", "pos": "C"}, "batting": {"fp": 67.25, "runs": "21", "single": 17, "double": "10", "triple": "1", "homers": "5", "rbi": "20", "sb": "0", "bb": "13", "ks": "66"}}, {"info": {"full": "Mike Zunino", "pos": "C"}, "batting": {"fp": 67.25, "runs": "21", "single": 17, "double": "10", "triple": "1", "homers": "5", "rbi": "20", "sb": "0", "bb": "13", "ks": "66"}}, {"info": {"full": "Mike Zunino", "pos": "C"}, "batting": {"fp": 67.25, "runs": "21", "single": 17, "double": "10", "triple": "1", "homers": "5", "rbi": "20", "sb": "0", "bb": "13", "ks": "66"}}, {"info": {"full": "Mike Zunino", "pos": "C"}, "batting": {"fp": 67.25, "runs": "21", "single": 17, "double": "10", "triple": "1", "homers": "5", "rbi": "20", "sb": "0", "bb": "13", "ks": "66"}}, {"info": {"full": "Mike Zunino", "pos": "C"}, "batting": {"fp": 67.25, "runs": "21", "single": 17, "double": "10", "triple": "1", "homers": "5", "rbi": "20", "sb": "0", "bb": "13", "ks": "66"}}, {"info": {"full": "Mike Zunino", "pos": "C"}, "batting": {"fp": 67.25, "runs": "21", "single": 17, "double": "10", "triple": "1", "homers": "5", "rbi": "20", "sb": "0", "bb": "13", "ks": "66"}}, {"info": {"full": "Mike Zunino", "pos": "C"}, "batting": {"fp": 67.25, "runs": "21", "single": 17, "double": "10", "triple": "1", "homers": "5", "rbi": "20", "sb": "0", "bb": "13", "ks": "66"}}, {"info": {"full": "Mike Zunino", "pos": "C"}, "batting": {"fp": 67.25, "runs": "21", "single": 17, "double": "10", "triple": "1", "homers": "5", "rbi": "20", "sb": "0", "bb": "13", "ks": "66"}}, {"info": {"full": "Mike Zunino", "pos": "C"}, "batting": {"fp": 67.25, "runs": "21", "single": 17, "double": "10", "triple": "1", "homers": "5", "rbi": "20", "sb": "0", "bb": "13", "ks": "66"}}, {"info": {"full": "Mike Zunino", "pos": "C"}, "batting": {"fp": 67.25, "runs": "21", "single": 17, "double": "10", "triple": "1", "homers": "5", "rbi": "20", "sb": "0", "bb": "13", "ks": "66"}}, {"info": {"full": "Mike Zunino", "pos": "C"}, "batting": {"fp": 67.25, "runs": "21", "single": 17, "double": "10", "triple": "1", "homers": "5", "rbi": "20", "sb": "0", "bb": "13", "ks": "66"}}, {"info": {"full": "Mike Zunino", "pos": "C"}, "batting": {"fp": 67.25, "runs": "21", "single": 17, "double": "10", "triple": "1", "homers": "5", "rbi": "20", "sb": "0", "bb": "13", "ks": "66"}}, {"info": {"full": "Mike Zunino", "pos": "C"}, "batting": {"fp": 67.25, "runs": "21", "single": 17, "double": "10", "triple": "1", "homers": "5", "rbi": "20", "sb": "0", "bb": "13", "ks": "66"}}, {"info": {"full": "Mike Zunino", "pos": "C"}, "batting": {"fp": 67.25, "runs": "21", "single": 17, "double": "10", "triple": "1", "homers": "5", "rbi": "20", "sb": "0", "bb": "13", "ks": "66"}}, {"info": {"full": "Mike Zunino", "pos": "C"}, "batting": {"fp": 67.25, "runs": "21", "single": 17, "double": "10", "triple": "1", "homers": "5", "rbi": "20", "sb": "0", "bb": "13", "ks": "66"}}, {"info": {"full": "Mike Zunino", "pos": "C"}, "batting": {"fp": 67.25, "runs": "21", "single": 17, "double": "10", "triple": "1", "homers": "5", "rbi": "20", "sb": "0", "bb": "13", "ks": "66"}}, {"info": {"full": "Mike Zunino", "pos": "C"}, "batting": {"fp": 67.25, "runs": "21", "single": 17, "double": "10", "triple": "1", "homers": "5", "rbi": "20", "sb": "0", "bb": "13", "ks": "66"}}, {"info": {"full": "Mike Zunino", "pos": "C"}, "batting": {"fp": 67.25, "runs": "21", "single": 17, "double": "10", "triple": "1", "homers": "5", "rbi": "20", "sb": "0", "bb": "13", "ks": "66"}}, {"info": {"full": "Mike Zunino", "pos": "C"}, "batting": {"fp": 67.25, "runs": "21", "single": 17, "double": "10", "triple": "1", "homers": "5", "rbi": "20", "sb": "0", "bb": "13", "ks": "66"}}, {"info": {"full": "Mike Zunino", "pos": "C"}, "batting": {"fp": 67.25, "runs": "21", "single": 17, "double": "10", "triple": "1", "homers": "5", "rbi": "20", "sb": "0", "bb": "13", "ks": "66"}}, {"info": {"full": "Mike Zunino", "pos": "C"}, "batting": {"fp": 67.25, "runs": "21", "single": 17, "double": "10", "triple": "1", "homers": "5", "rbi": "20", "sb": "0", "bb": "13", "ks": "66"}}, {"info": {"full": "Mike Zunino", "pos": "C"}, "batting": {"fp": 67.25, "runs": "21", "single": 17, "double": "10", "triple": "1", "homers": "5", "rbi": "20", "sb": "0", "bb": "13", "ks": "66"}}, {"info": {"full": "Mike Zunino", "pos": "C"}, "batting": {"fp": 67.25, "runs": "21", "single": 17, "double": "10", "triple": "1", "homers": "5", "rbi": "20", "sb": "0", "bb": "13", "ks": "66"}}, {"info": {"full": "Mike Zunino", "pos": "C"}, "batting": {"fp": 67.25, "runs": "21", "single": 17, "double": "10", "triple": "1", "homers": "5", "rbi": "20", "sb": "0", "bb": "13", "ks": "66"}}, {"info": {"full": "Mike Zunino", "pos": "C"}, "batting": {"fp": 67.25, "runs": "21", "single": 17, "double": "10", "triple": "1", "homers": "5", "rbi": "20", "sb": "0", "bb": "13", "ks": "66"}}, {"info": {"full": "Mike Zunino", "pos": "C"}, "batting": {"fp": 67.25, "runs": "21", "single": 17, "double": "10", "triple": "1", "homers": "5", "rbi": "20", "sb": "0", "bb": "13", "ks": "66"}}, {"info": {"full": "Mike Zunino", "pos": "C"}, "batting": {"fp": 67.25, "runs": "21", "single": 17, "double": "10", "triple": "1", "homers": "5", "rbi": "20", "sb": "0", "bb": "13", "ks": "66"}}, {"info": {"full": "Mike Zunino", "pos": "C"}, "batting": {"fp": 67.25, "runs": "21", "single": 17, "double": "10", "triple": "1", "homers": "5", "rbi": "20", "sb": "0", "bb": "13", "ks": "66"}}, {"info": {"full": "Mike Zunino", "pos": "C"}, "batting": {"fp": 67.25, "runs": "21", "single": 17, "double": "10", "triple": "1", "homers": "5", "rbi": "20", "sb": "0", "bb": "13", "ks": "66"}}, {"info": {"full": "Mike Zunino", "pos": "C"}, "batting": {"fp": 67.25, "runs": "21", "single": 17, "double": "10", "triple": "1", "homers": "5", "rbi": "20", "sb": "0", "bb": "13", "ks": "66"}}, {"info": {"full": "Mike Zunino", "pos": "C"}, "batting": {"fp": 67.25, "runs": "21", "single": 17, "double": "10", "triple": "1", "homers": "5", "rbi": "20", "sb": "0", "bb": "13", "ks": "66"}}, {"info": {"full": "Mike Zunino", "pos": "C"}, "batting": {"fp": 67.25, "runs": "21", "single": 17, "double": "10", "triple": "1", "homers": "5", "rbi": "20", "sb": "0", "bb": "13", "ks": "66"}}, {"info": {"full": "Mike Zunino", "pos": "C"}, "batting": {"fp": 67.25, "runs": "21", "single": 17, "double": "10", "triple": "1", "homers": "5", "rbi": "20", "sb": "0", "bb": "13", "ks": "66"}}, {"info": {"full": "Mike Zunino", "pos": "C"}, "batting": {"fp": 67.25, "runs": "21", "single": 17, "double": "10", "triple": "1", "homers": "5", "rbi": "20", "sb": "0", "bb": "13", "ks": "66"}}, {"info": {"full": "Mike Zunino", "pos": "C"}, "batting": {"fp": 67.25, "runs": "21", "single": 17, "double": "10", "triple": "1", "homers": "5", "rbi": "20", "sb": "0", "bb": "13", "ks": "66"}}, {"info": {"full": "Mike Zunino", "pos": "C"}, "batting": {"fp": 67.25, "runs": "21", "single": 17, "double": "10", "triple": "1", "homers": "5", "rbi": "20", "sb": "0", "bb": "13", "ks": "66"}}, {"info": {"full": "Mike Zunino", "pos": "C"}, "batting": {"fp": 67.25, "runs": "21", "single": 17, "double": "10", "triple": "1", "homers": "5", "rbi": "20", "sb": "0", "bb": "13", "ks": "66"}}, {"info": {"full": "Mike Zunino", "pos": "C"}, "batting": {"fp": 67.25, "runs": "21", "single": 17, "double": "10", "triple": "1", "homers": "5", "rbi": "20", "sb": "0", "bb": "13", "ks": "66"}}, {"info": {"full": "Mike Zunino", "pos": "C"}, "batting": {"fp": 67.25, "runs": "21", "single": 17, "double": "10", "triple": "1", "homers": "5", "rbi": "20", "sb": "0", "bb": "13", "ks": "66"}}, {"info": {"full": "Mike Zunino", "pos": "C"}, "batting": {"fp": 67.25, "runs": "21", "single": 17, "double": "10", "triple": "1", "homers": "5", "rbi": "20", "sb": "0", "bb": "13", "ks": "66"}}, {"info": {"full": "Mike Zunino", "pos": "C"}, "batting": {"fp": 67.25, "runs": "21", "single": 17, "double": "10", "triple": "1", "homers": "5", "rbi": "20", "sb": "0", "bb": "13", "ks": "66"}}, {"info": {"full": "Mike Zunino", "pos": "C"}, "batting": {"fp": 67.25, "runs": "21", "single": 17, "double": "10", "triple": "1", "homers": "5", "rbi": "20", "sb": "0", "bb": "13", "ks": "66"}}, {"info": {"full": "Mike Zunino", "pos": "C"}, "batting": {"fp": 67.25, "runs": "21", "single": 17, "double": "10", "triple": "1", "homers": "5", "rbi": "20", "sb": "0", "bb": "13", "ks": "66"}}, {"info": {"full": "Mike Zunino", "pos": "C"}, "batting": {"fp": 67.25, "runs": "21", "single": 17, "double": "10", "triple": "1", "homers": "5", "rbi": "20", "sb": "0", "bb": "13", "ks": "66"}}, {"info": {"full": "Mike Zunino", "pos": "C"}, "batting": {"fp": 67.25, "runs": "21", "single": 17, "double": "10", "triple": "1", "homers": "5", "rbi": "20", "sb": "0", "bb": "13", "ks": "66"}}, {"info": {"full": "Mike Zunino", "pos": "C"}, "batting": {"fp": 67.25, "runs": "21", "single": 17, "double": "10", "triple": "1", "homers": "5", "rbi": "20", "sb": "0", "bb": "13", "ks": "66"}}, {"info": {"full": "Mike Zunino", "pos": "C"}, "batting": {"fp": 67.25, "runs": "21", "single": 17, "double": "10", "triple": "1", "homers": "5", "rbi": "20", "sb": "0", "bb": "13", "ks": "66"}}, {"info": {"full": "Mike Zunino", "pos": "C"}, "batting": {"fp": 67.25, "runs": "21", "single": 17, "double": "10", "triple": "1", "homers": "5", "rbi": "20", "sb": "0", "bb": "13", "ks": "66"}}, {"info": {"full": "Mike Zunino", "pos": "C"}, "batting": {"fp": 67.25, "runs": "21", "single": 17, "double": "10", "triple": "1", "homers": "5", "rbi": "20", "sb": "0", "bb": "13", "ks": "66"}}, {"info": {"full": "Mike Zunino", "pos": "C"}, "batting": {"fp": 67.25, "runs": "21", "single": 17, "double": "10", "triple": "1", "homers": "5", "rbi": "20", "sb": "0", "bb": "13", "ks": "66"}}, {"info": {"full": "Mike Zunino", "pos": "C"}, "batting": {"fp": 67.25, "runs": "21", "single": 17, "double": "10", "triple": "1", "homers": "5", "rbi": "20", "sb": "0", "bb": "13", "ks": "66"}}, {"info": {"full": "Mike Zunino", "pos": "C"}, "batting": {"fp": 67.25, "runs": "21", "single": 17, "double": "10", "triple": "1", "homers": "5", "rbi": "20", "sb": "0", "bb": "13", "ks": "66"}}, {"info": {"full": "Mike Zunino", "pos": "C"}, "batting": {"fp": 67.25, "runs": "21", "single": 17, "double": "10", "triple": "1", "homers": "5", "rbi": "20", "sb": "0", "bb": "13", "ks": "66"}}, {"info": {"full": "Mike Zunino", "pos": "C"}, "batting": {"fp": 67.25, "runs": "21", "single": 17, "double": "10", "triple": "1", "homers": "5", "rbi": "20", "sb": "0", "bb": "13", "ks": "66"}}, {"info": {"full": "Mike Zunino", "pos": "C"}, "batting": {"fp": 67.25, "runs": "21", "single": 17, "double": "10", "triple": "1", "homers": "5", "rbi": "20", "sb": "0", "bb": "13", "ks": "66"}}, {"info": {"full": "Mike Zunino", "pos": "C"}, "batting": {"fp": 67.25, "runs": "21", "single": 17, "double": "10", "triple": "1", "homers": "5", "rbi": "20", "sb": "0", "bb": "13", "ks": "66"}}, {"info": {"full": "Mike Zunino", "pos": "C"}, "batting": {"fp": 67.25, "runs": "21", "single": 17, "double": "10", "triple": "1", "homers": "5", "rbi": "20", "sb": "0", "bb": "13", "ks": "66"}}, {"info": {"full": "Mike Zunino", "pos": "C"}, "batting": {"fp": 67.25, "runs": "21", "single": 17, "double": "10", "triple": "1", "homers": "5", "rbi": "20", "sb": "0", "bb": "13", "ks": "66"}}, {"info": {"full": "Mike Zunino", "pos": "C"}, "batting": {"fp": 67.25, "runs": "21", "single": 17, "double": "10", "triple": "1", "homers": "5", "rbi": "20", "sb": "0", "bb": "13", "ks": "66"}}, {"info": {"full": "Mike Zunino", "pos": "C"}, "batting": {"fp": 67.25, "runs": "21", "single": 17, "double": "10", "triple": "1", "homers": "5", "rbi": "20", "sb": "0", "bb": "13", "ks": "66"}}, {"info": {"full": "Mike Zunino", "pos": "C"}, "batting": {"fp": 67.25, "runs": "21", "single": 17, "double": "10", "triple": "1", "homers": "5", "rbi": "20", "sb": "0", "bb": "13", "ks": "66"}}, {"info": {"full": "Mike Zunino", "pos": "C"}, "batting": {"fp": 67.25, "runs": "21", "single": 17, "double": "10", "triple": "1", "homers": "5", "rbi": "20", "sb": "0", "bb": "13", "ks": "66"}}, {"info": {"full": "Mike Zunino", "pos": "C"}, "batting": {"fp": 67.25, "runs": "21", "single": 17, "double": "10", "triple": "1", "homers": "5", "rbi": "20", "sb": "0", "bb": "13", "ks": "66"}}, {"info": {"full": "Mike Zunino", "pos": "C"}, "batting": {"fp": 67.25, "runs": "21", "single": 17, "double": "10", "triple": "1", "homers": "5", "rbi": "20", "sb": "0", "bb": "13", "ks": "66"}}, {"info": {"full": "Mike Zunino", "pos": "C"}, "batting": {"fp": 67.25, "runs": "21", "single": 17, "double": "10", "triple": "1", "homers": "5", "rbi": "20", "sb": "0", "bb": "13", "ks": "66"}}, {"info": {"full": "Mike Zunino", "pos": "C"}, "batting": {"fp": 67.25, "runs": "21", "single": 17, "double": "10", "triple": "1", "homers": "5", "rbi": "20", "sb": "0", "bb": "13", "ks": "66"}}, {"info": {"full": "Mike Zunino", "pos": "C"}, "batting": {"fp": 67.25, "runs": "21", "single": 17, "double": "10", "triple": "1", "homers": "5", "rbi": "20", "sb": "0", "bb": "13", "ks": "66"}}, {"info": {"full": "Mike Zunino", "pos": "C"}, "batting": {"fp": 67.25, "runs": "21", "single": 17, "double": "10", "triple": "1", "homers": "5", "rbi": "20", "sb": "0", "bb": "13", "ks": "66"}}, {"info": {"full": "Mike Zunino", "pos": "C"}, "batting": {"fp": 67.25, "runs": "21", "single": 17, "double": "10", "triple": "1", "homers": "5", "rbi": "20", "sb": "0", "bb": "13", "ks": "66"}}, {"info": {"full": "Mike Zunino", "pos": "C"}, "batting": {"fp": 67.25, "runs": "21", "single": 17, "double": "10", "triple": "1", "homers": "5", "rbi": "20", "sb": "0", "bb": "13", "ks": "66"}}, {"info": {"full": "Mike Zunino", "pos": "C"}, "batting": {"fp": 67.25, "runs": "21", "single": 17, "double": "10", "triple": "1", "homers": "5", "rbi": "20", "sb": "0", "bb": "13", "ks": "66"}}, {"info": {"full": "Mike Zunino", "pos": "C"}, "batting": {"fp": 67.25, "runs": "21", "single": 17, "double": "10", "triple": "1", "homers": "5", "rbi": "20", "sb": "0", "bb": "13", "ks": "66"}}, {"info": {"full": "Mike Zunino", "pos": "C"}, "batting": {"fp": 67.25, "runs": "21", "single": 17, "double": "10", "triple": "1", "homers": "5", "rbi": "20", "sb": "0", "bb": "13", "ks": "66"}}, {"info": {"full": "Mike Zunino", "pos": "C"}, "batting": {"fp": 67.25, "runs": "21", "single": 17, "double": "10", "triple": "1", "homers": "5", "rbi": "20", "sb": "0", "bb": "13", "ks": "66"}}, {"info": {"full": "Mike Zunino", "pos": "C"}, "batting": {"fp": 67.25, "runs": "21", "single": 17, "double": "10", "triple": "1", "homers": "5", "rbi": "20", "sb": "0", "bb": "13", "ks": "66"}}, {"info": {"full": "Mike Zunino", "pos": "C"}, "batting": {"fp": 67.25, "runs": "21", "single": 17, "double": "10", "triple": "1", "homers": "5", "rbi": "20", "sb": "0", "bb": "13", "ks": "66"}}, {"info": {"full": "Mike Zunino", "pos": "C"}, "batting": {"fp": 67.25, "runs": "21", "single": 17, "double": "10", "triple": "1", "homers": "5", "rbi": "20", "sb": "0", "bb": "13", "ks": "66"}}, {"info": {"full": "Mike Zunino", "pos": "C"}, "batting": {"fp": 67.25, "runs": "21", "single": 17, "double": "10", "triple": "1", "homers": "5", "rbi": "20", "sb": "0", "bb": "13", "ks": "66"}}, {"info": {"full": "Mike Zunino", "pos": "C"}, "batting": {"fp": 67.25, "runs": "21", "single": 17, "double": "10", "triple": "1", "homers": "5", "rbi": "20", "sb": "0", "bb": "13", "ks": "66"}}, {"info": {"full": "Mike Zunino", "pos": "C"}, "batting": {"fp": 67.25, "runs": "21", "single": 17, "double": "10", "triple": "1", "homers": "5", "rbi": "20", "sb": "0", "bb": "13", "ks": "66"}}, {"info": {"full": "Mike Zunino", "pos": "C"}, "batting": {"fp": 67.25, "runs": "21", "single": 17, "double": "10", "triple": "1", "homers": "5", "rbi": "20", "sb": "0", "bb": "13", "ks": "66"}}, {"info": {"full": "Mike Zunino", "pos": "C"}, "batting": {"fp": 67.25, "runs": "21", "single": 17, "double": "10", "triple": "1", "homers": "5", "rbi": "20", "sb": "0", "bb": "13", "ks": "66"}}, {"info": {"full": "Mike Zunino", "pos": "C"}, "batting": {"fp": 67.25, "runs": "21", "single": 17, "double": "10", "triple": "1", "homers": "5", "rbi": "20", "sb": "0", "bb": "13", "ks": "66"}}, {"info": {"full": "Mike Zunino", "pos": "C"}, "batting": {"fp": 67.25, "runs": "21", "single": 17, "double": "10", "triple": "1", "homers": "5", "rbi": "20", "sb": "0", "bb": "13", "ks": "66"}}, {"info": {"full": "Mike Zunino", "pos": "C"}, "batting": {"fp": 67.25, "runs": "21", "single": 17, "double": "10", "triple": "1", "homers": "5", "rbi": "20", "sb": "0", "bb": "13", "ks": "66"}}, {"info": {"full": "Mike Zunino", "pos": "C"}, "batting": {"fp": 67.25, "runs": "21", "single": 17, "double": "10", "triple": "1", "homers": "5", "rbi": "20", "sb": "0", "bb": "13", "ks": "66"}}, {"info": {"full": "Mike Zunino", "pos": "C"}, "batting": {"fp": 67.25, "runs": "21", "single": 17, "double": "10", "triple": "1", "homers": "5", "rbi": "20", "sb": "0", "bb": "13", "ks": "66"}}, {"info": {"full": "Mike Zunino", "pos": "C"}, "batting": {"fp": 67.25, "runs": "21", "single": 17, "double": "10", "triple": "1", "homers": "5", "rbi": "20", "sb": "0", "bb": "13", "ks": "66"}}, {"info": {"full": "Mike Zunino", "pos": "C"}, "batting": {"fp": 67.25, "runs": "21", "single": 17, "double": "10", "triple": "1", "homers": "5", "rbi": "20", "sb": "0", "bb": "13", "ks": "66"}}, {"info": {"full": "Mike Zunino", "pos": "C"}, "batting": {"fp": 67.25, "runs": "21", "single": 17, "double": "10", "triple": "1", "homers": "5", "rbi": "20", "sb": "0", "bb": "13", "ks": "66"}}, {"info": {"full": "Mike Zunino", "pos": "C"}, "batting": {"fp": 67.25, "runs": "21", "single": 17, "double": "10", "triple": "1", "homers": "5", "rbi": "20", "sb": "0", "bb": "13", "ks": "66"}}, {"info": {"full": "Mike Zunino", "pos": "C"}, "batting": {"fp": 67.25, "runs": "21", "single": 17, "double": "10", "triple": "1", "homers": "5", "rbi": "20", "sb": "0", "bb": "13", "ks": "66"}}, {"info": {"full": "Mike Zunino", "pos": "C"}, "batting": {"fp": 67.25, "runs": "21", "single": 17, "double": "10", "triple": "1", "homers": "5", "rbi": "20", "sb": "0", "bb": "13", "ks": "66"}}, {"info": {"full": "Mike Zunino", "pos": "C"}, "batting": {"fp": 67.25, "runs": "21", "single": 17, "double": "10", "triple": "1", "homers": "5", "rbi": "20", "sb": "0", "bb": "13", "ks": "66"}}, {"info": {"full": "Mike Zunino", "pos": "C"}, "batting": {"fp": 67.25, "runs": "21", "single": 17, "double": "10", "triple": "1", "homers": "5", "rbi": "20", "sb": "0", "bb": "13", "ks": "66"}}, {"info": {"full": "Mike Zunino", "pos": "C"}, "batting": {"fp": 67.25, "runs": "21", "single": 17, "double": "10", "triple": "1", "homers": "5", "rbi": "20", "sb": "0", "bb": "13", "ks": "66"}}, {"info": {"full": "Mike Zunino", "pos": "C"}, "batting": {"fp": 67.25, "runs": "21", "single": 17, "double": "10", "triple": "1", "homers": "5", "rbi": "20", "sb": "0", "bb": "13", "ks": "66"}}, {"info": {"full": "Mike Zunino", "pos": "C"}, "batting": {"fp": 67.25, "runs": "21", "single": 17, "double": "10", "triple": "1", "homers": "5", "rbi": "20", "sb": "0", "bb": "13", "ks": "66"}}, {"info": {"full": "Mike Zunino", "pos": "C"}, "batting": {"fp": 67.25, "runs": "21", "single": 17, "double": "10", "triple": "1", "homers": "5", "rbi": "20", "sb": "0", "bb": "13", "ks": "66"}}, {"info": {"full": "Mike Zunino", "pos": "C"}, "batting": {"fp": 67.25, "runs": "21", "single": 17, "double": "10", "triple": "1", "homers": "5", "rbi": "20", "sb": "0", "bb": "13", "ks": "66"}}, {"info": {"full": "Mike Zunino", "pos": "C"}, "batting": {"fp": 67.25, "runs": "21", "single": 17, "double": "10", "triple": "1", "homers": "5", "rbi": "20", "sb": "0", "bb": "13", "ks": "66"}}, {"info": {"full": "Mike Zunino", "pos": "C"}, "batting": {"fp": 67.25, "runs": "21", "single": 17, "double": "10", "triple": "1", "homers": "5", "rbi": "20", "sb": "0", "bb": "13", "ks": "66"}}, {"info": {"full": "Mike Zunino", "pos": "C"}, "batting": {"fp": 67.25, "runs": "21", "single": 17, "double": "10", "triple": "1", "homers": "5", "rbi": "20", "sb": "0", "bb": "13", "ks": "66"}}, {"info": {"full": "Mike Zunino", "pos": "C"}, "batting": {"fp": 67.25, "runs": "21", "single": 17, "double": "10", "triple": "1", "homers": "5", "rbi": "20", "sb": "0", "bb": "13", "ks": "66"}}, {"info": {"full": "Mike Zunino", "pos": "C"}, "batting": {"fp": 67.25, "runs": "21", "single": 17, "double": "10", "triple": "1", "homers": "5", "rbi": "20", "sb": "0", "bb": "13", "ks": "66"}}, {"info": {"full": "Mike Zunino", "pos": "C"}, "batting": {"fp": 67.25, "runs": "21", "single": 17, "double": "10", "triple": "1", "homers": "5", "rbi": "20", "sb": "0", "bb": "13", "ks": "66"}}, {"info": {"full": "Mike Zunino", "pos": "C"}, "batting": {"fp": 67.25, "runs": "21", "single": 17, "double": "10", "triple": "1", "homers": "5", "rbi": "20", "sb": "0", "bb": "13", "ks": "66"}}, {"info": {"full": "Mike Zunino", "pos": "C"}, "batting": {"fp": 67.25, "runs": "21", "single": 17, "double": "10", "triple": "1", "homers": "5", "rbi": "20", "sb": "0", "bb": "13", "ks": "66"}}, {"info": {"full": "Mike Zunino", "pos": "C"}, "batting": {"fp": 67.25, "runs": "21", "single": 17, "double": "10", "triple": "1", "homers": "5", "rbi": "20", "sb": "0", "bb": "13", "ks": "66"}}, {"info": {"full": "Mike Zunino", "pos": "C"}, "batting": {"fp": 67.25, "runs": "21", "single": 17, "double": "10", "triple": "1", "homers": "5", "rbi": "20", "sb": "0", "bb": "13", "ks": "66"}}, {"info": {"full": "Mike Zunino", "pos": "C"}, "batting": {"fp": 67.25, "runs": "21", "single": 17, "double": "10", "triple": "1", "homers": "5", "rbi": "20", "sb": "0", "bb": "13", "ks": "66"}}, {"info": {"full": "Mike Zunino", "pos": "C"}, "batting": {"fp": 67.25, "runs": "21", "single": 17, "double": "10", "triple": "1", "homers": "5", "rbi": "20", "sb": "0", "bb": "13", "ks": "66"}}, {"info": {"full": "Mike Zunino", "pos": "C"}, "batting": {"fp": 67.25, "runs": "21", "single": 17, "double": "10", "triple": "1", "homers": "5", "rbi": "20", "sb": "0", "bb": "13", "ks": "66"}}, {"info": {"full": "Mike Zunino", "pos": "C"}, "batting": {"fp": 67.25, "runs": "21", "single": 17, "double": "10", "triple": "1", "homers": "5", "rbi": "20", "sb": "0", "bb": "13", "ks": "66"}}, {"info": {"full": "Mike Zunino", "pos": "C"}, "batting": {"fp": 67.25, "runs": "21", "single": 17, "double": "10", "triple": "1", "homers": "5", "rbi": "20", "sb": "0", "bb": "13", "ks": "66"}}, {"info": {"full": "Mike Zunino", "pos": "C"}, "batting": {"fp": 67.25, "runs": "21", "single": 17, "double": "10", "triple": "1", "homers": "5", "rbi": "20", "sb": "0", "bb": "13", "ks": "66"}}, {"info": {"full": "Mike Zunino", "pos": "C"}, "batting": {"fp": 67.25, "runs": "21", "single": 17, "double": "10", "triple": "1", "homers": "5", "rbi": "20", "sb": "0", "bb": "13", "ks": "66"}}, {"info": {"full": "Mike Zunino", "pos": "C"}, "batting": {"fp": 67.25, "runs": "21", "single": 17, "double": "10", "triple": "1", "homers": "5", "rbi": "20", "sb": "0", "bb": "13", "ks": "66"}}, {"info": {"full": "Mike Zunino", "pos": "C"}, "batting": {"fp": 67.25, "runs": "21", "single": 17, "double": "10", "triple": "1", "homers": "5", "rbi": "20", "sb": "0", "bb": "13", "ks": "66"}}, {"info": {"full": "Mike Zunino", "pos": "C"}, "batting": {"fp": 67.25, "runs": "21", "single": 17, "double": "10", "triple": "1", "homers": "5", "rbi": "20", "sb": "0", "bb": "13", "ks": "66"}}, {"info": {"full": "Mike Zunino", "pos": "C"}, "batting": {"fp": 67.25, "runs": "21", "single": 17, "double": "10", "triple": "1", "homers": "5", "rbi": "20", "sb": "0", "bb": "13", "ks": "66"}}, {"info": {"full": "Mike Zunino", "pos": "C"}, "batting": {"fp": 67.25, "runs": "21", "single": 17, "double": "10", "triple": "1", "homers": "5", "rbi": "20", "sb": "0", "bb": "13", "ks": "66"}}, {"info": {"full": "Mike Zunino", "pos": "C"}, "batting": {"fp": 67.25, "runs": "21", "single": 17, "double": "10", "triple": "1", "homers": "5", "rbi": "20", "sb": "0", "bb": "13", "ks": "66"}}, {"info": {"full": "Mike Zunino", "pos": "C"}, "batting": {"fp": 67.25, "runs": "21", "single": 17, "double": "10", "triple": "1", "homers": "5", "rbi": "20", "sb": "0", "bb": "13", "ks": "66"}}, {"info": {"full": "Mike Zunino", "pos": "C"}, "batting": {"fp": 67.25, "runs": "21", "single": 17, "double": "10", "triple": "1", "homers": "5", "rbi": "20", "sb": "0", "bb": "13", "ks": "66"}}, {"info": {"full": "Mike Zunino", "pos": "C"}, "batting": {"fp": 67.25, "runs": "21", "single": 17, "double": "10", "triple": "1", "homers": "5", "rbi": "20", "sb": "0", "bb": "13", "ks": "66"}}, {"info": {"full": "Mike Zunino", "pos": "C"}, "batting": {"fp": 67.25, "runs": "21", "single": 17, "double": "10", "triple": "1", "homers": "5", "rbi": "20", "sb": "0", "bb": "13", "ks": "66"}}, {"info": {"full": "Mike Zunino", "pos": "C"}, "batting": {"fp": 67.25, "runs": "21", "single": 17, "double": "10", "triple": "1", "homers": "5", "rbi": "20", "sb": "0", "bb": "13", "ks": "66"}}, {"info": {"full": "Mike Zunino", "pos": "C"}, "batting": {"fp": 67.25, "runs": "21", "single": 17, "double": "10", "triple": "1", "homers": "5", "rbi": "20", "sb": "0", "bb": "13", "ks": "66"}}, {"info": {"full": "Mike Zunino", "pos": "C"}, "batting": {"fp": 67.25, "runs": "21", "single": 17, "double": "10", "triple": "1", "homers": "5", "rbi": "20", "sb": "0", "bb": "13", "ks": "66"}}, {"info": {"full": "Mike Zunino", "pos": "C"}, "batting": {"fp": 67.25, "runs": "21", "single": 17, "double": "10", "triple": "1", "homers": "5", "rbi": "20", "sb": "0", "bb": "13", "ks": "66"}}, {"info": {"full": "Mike Zunino", "pos": "C"}, "batting": {"fp": 67.25, "runs": "21", "single": 17, "double": "10", "triple": "1", "homers": "5", "rbi": "20", "sb": "0", "bb": "13", "ks": "66"}}, {"info": {"full": "Mike Zunino", "pos": "C"}, "batting": {"fp": 67.25, "runs": "21", "single": 17, "double": "10", "triple": "1", "homers": "5", "rbi": "20", "sb": "0", "bb": "13", "ks": "66"}}, {"info": {"full": "Mike Zunino", "pos": "C"}, "batting": {"fp": 67.25, "runs": "21", "single": 17, "double": "10", "triple": "1", "homers": "5", "rbi": "20", "sb": "0", "bb": "13", "ks": "66"}}, {"info": {"full": "Mike Zunino", "pos": "C"}, "batting": {"fp": 67.25, "runs": "21", "single": 17, "double": "10", "triple": "1", "homers": "5", "rbi": "20", "sb": "0", "bb": "13", "ks": "66"}}, {"info": {"full": "Mike Zunino", "pos": "C"}, "batting": {"fp": 67.25, "runs": "21", "single": 17, "double": "10", "triple": "1", "homers": "5", "rbi": "20", "sb": "0", "bb": "13", "ks": "66"}}, {"info": {"full": "Mike Zunino", "pos": "C"}, "batting": {"fp": 67.25, "runs": "21", "single": 17, "double": "10", "triple": "1", "homers": "5", "rbi": "20", "sb": "0", "bb": "13", "ks": "66"}}, {"info": {"full": "Mike Zunino", "pos": "C"}, "batting": {"fp": 67.25, "runs": "21", "single": 17, "double": "10", "triple": "1", "homers": "5", "rbi": "20", "sb": "0", "bb": "13", "ks": "66"}}, {"info": {"full": "Mike Zunino", "pos": "C"}, "batting": {"fp": 67.25, "runs": "21", "single": 17, "double": "10", "triple": "1", "homers": "5", "rbi": "20", "sb": "0", "bb": "13", "ks": "66"}}, {"info": {"full": "Mike Zunino", "pos": "C"}, "batting": {"fp": 67.25, "runs": "21", "single": 17, "double": "10", "triple": "1", "homers": "5", "rbi": "20", "sb": "0", "bb": "13", "ks": "66"}}, {"info": {"full": "Mike Zunino", "pos": "C"}, "batting": {"fp": 67.25, "runs": "21", "single": 17, "double": "10", "triple": "1", "homers": "5", "rbi": "20", "sb": "0", "bb": "13", "ks": "66"}}, {"info": {"full": "Mike Zunino", "pos": "C"}, "batting": {"fp": 67.25, "runs": "21", "single": 17, "double": "10", "triple": "1", "homers": "5", "rbi": "20", "sb": "0", "bb": "13", "ks": "66"}}, {"info": {"full": "Mike Zunino", "pos": "C"}, "batting": {"fp": 67.25, "runs": "21", "single": 17, "double": "10", "triple": "1", "homers": "5", "rbi": "20", "sb": "0", "bb": "13", "ks": "66"}}, {"info": {"full": "Mike Zunino", "pos": "C"}, "batting": {"fp": 67.25, "runs": "21", "single": 17, "double": "10", "triple": "1", "homers": "5", "rbi": "20", "sb": "0", "bb": "13", "ks": "66"}}, {"info": {"full": "Mike Zunino", "pos": "C"}, "batting": {"fp": 67.25, "runs": "21", "single": 17, "double": "10", "triple": "1", "homers": "5", "rbi": "20", "sb": "0", "bb": "13", "ks": "66"}}, {"info": {"full": "Mike Zunino", "pos": "C"}, "batting": {"fp": 67.25, "runs": "21", "single": 17, "double": "10", "triple": "1", "homers": "5", "rbi": "20", "sb": "0", "bb": "13", "ks": "66"}}, {"info": {"full": "Mike Zunino", "pos": "C"}, "batting": {"fp": 67.25, "runs": "21", "single": 17, "double": "10", "triple": "1", "homers": "5", "rbi": "20", "sb": "0", "bb": "13", "ks": "66"}}, {"info": {"full": "Mike Zunino", "pos": "C"}, "batting": {"fp": 67.25, "runs": "21", "single": 17, "double": "10", "triple": "1", "homers": "5", "rbi": "20", "sb": "0", "bb": "13", "ks": "66"}}, {"info": {"full": "Mike Zunino", "pos": "C"}, "batting": {"fp": 67.25, "runs": "21", "single": 17, "double": "10", "triple": "1", "homers": "5", "rbi": "20", "sb": "0", "bb": "13", "ks": "66"}}, {"info": {"full": "Mike Zunino", "pos": "C"}, "batting": {"fp": 67.25, "runs": "21", "single": 17, "double": "10", "triple": "1", "homers": "5", "rbi": "20", "sb": "0", "bb": "13", "ks": "66"}}, {"info": {"full": "Mike Zunino", "pos": "C"}, "batting": {"fp": 67.25, "runs": "21", "single": 17, "double": "10", "triple": "1", "homers": "5", "rbi": "20", "sb": "0", "bb": "13", "ks": "66"}}, {"info": {"full": "Mike Zunino", "pos": "C"}, "batting": {"fp": 67.25, "runs": "21", "single": 17, "double": "10", "triple": "1", "homers": "5", "rbi": "20", "sb": "0", "bb": "13", "ks": "66"}}, {"info": {"full": "Mike Zunino", "pos": "C"}, "batting": {"fp": 67.25, "runs": "21", "single": 17, "double": "10", "triple": "1", "homers": "5", "rbi": "20", "sb": "0", "bb": "13", "ks": "66"}}, {"info": {"full": "Mike Zunino", "pos": "C"}, "batting": {"fp": 67.25, "runs": "21", "single": 17, "double": "10", "triple": "1", "homers": "5", "rbi": "20", "sb": "0", "bb": "13", "ks": "66"}}, {"info": {"full": "Mike Zunino", "pos": "C"}, "batting": {"fp": 67.25, "runs": "21", "single": 17, "double": "10", "triple": "1", "homers": "5", "rbi": "20", "sb": "0", "bb": "13", "ks": "66"}}, {"info": {"full": "Mike Zunino", "pos": "C"}, "batting": {"fp": 67.25, "runs": "21", "single": 17, "double": "10", "triple": "1", "homers": "5", "rbi": "20", "sb": "0", "bb": "13", "ks": "66"}}, {"info": {"full": "Mike Zunino", "pos": "C"}, "batting": {"fp": 67.25, "runs": "21", "single": 17, "double": "10", "triple": "1", "homers": "5", "rbi": "20", "sb": "0", "bb": "13", "ks": "66"}}, {"info": {"full": "Mike Zunino", "pos": "C"}, "batting": {"fp": 67.25, "runs": "21", "single": 17, "double": "10", "triple": "1", "homers": "5", "rbi": "20", "sb": "0", "bb": "13", "ks": "66"}}, {"info": {"full": "Mike Zunino", "pos": "C"}, "batting": {"fp": 67.25, "runs": "21", "single": 17, "double": "10", "triple": "1", "homers": "5", "rbi": "20", "sb": "0", "bb": "13", "ks": "66"}}, {"info": {"full": "Mike Zunino", "pos": "C"}, "batting": {"fp": 67.25, "runs": "21", "single": 17, "double": "10", "triple": "1", "homers": "5", "rbi": "20", "sb": "0", "bb": "13", "ks": "66"}}, {"info": {"full": "Mike Zunino", "pos": "C"}, "batting": {"fp": 67.25, "runs": "21", "single": 17, "double": "10", "triple": "1", "homers": "5", "rbi": "20", "sb": "0", "bb": "13", "ks": "66"}}, {"info": {"full": "Mike Zunino", "pos": "C"}, "batting": {"fp": 67.25, "runs": "21", "single": 17, "double": "10", "triple": "1", "homers": "5", "rbi": "20", "sb": "0", "bb": "13", "ks": "66"}}, {"info": {"full": "Mike Zunino", "pos": "C"}, "batting": {"fp": 67.25, "runs": "21", "single": 17, "double": "10", "triple": "1", "homers": "5", "rbi": "20", "sb": "0", "bb": "13", "ks": "66"}}, {"info": {"full": "Mike Zunino", "pos": "C"}, "batting": {"fp": 67.25, "runs": "21", "single": 17, "double": "10", "triple": "1", "homers": "5", "rbi": "20", "sb": "0", "bb": "13", "ks": "66"}}, {"info": {"full": "Mike Zunino", "pos": "C"}, "batting": {"fp": 67.25, "runs": "21", "single": 17, "double": "10", "triple": "1", "homers": "5", "rbi": "20", "sb": "0", "bb": "13", "ks": "66"}}, {"info": {"full": "Mike Zunino", "pos": "C"}, "batting": {"fp": 67.25, "runs": "21", "single": 17, "double": "10", "triple": "1", "homers": "5", "rbi": "20", "sb": "0", "bb": "13", "ks": "66"}}, {"info": {"full": "Mike Zunino", "pos": "C"}, "batting": {"fp": 67.25, "runs": "21", "single": 17, "double": "10", "triple": "1", "homers": "5", "rbi": "20", "sb": "0", "bb": "13", "ks": "66"}}, {"info": {"full": "Mike Zunino", "pos": "C"}, "batting": {"fp": 67.25, "runs": "21", "single": 17, "double": "10", "triple": "1", "homers": "5", "rbi": "20", "sb": "0", "bb": "13", "ks": "66"}}, {"info": {"full": "Mike Zunino", "pos": "C"}, "batting": {"fp": 67.25, "runs": "21", "single": 17, "double": "10", "triple": "1", "homers": "5", "rbi": "20", "sb": "0", "bb": "13", "ks": "66"}}, {"info": {"full": "Mike Zunino", "pos": "C"}, "batting": {"fp": 67.25, "runs": "21", "single": 17, "double": "10", "triple": "1", "homers": "5", "rbi": "20", "sb": "0", "bb": "13", "ks": "66"}}, {"info": {"full": "Mike Zunino", "pos": "C"}, "batting": {"fp": 67.25, "runs": "21", "single": 17, "double": "10", "triple": "1", "homers": "5", "rbi": "20", "sb": "0", "bb": "13", "ks": "66"}}, {"info": {"full": "Mike Zunino", "pos": "C"}, "batting": {"fp": 67.25, "runs": "21", "single": 17, "double": "10", "triple": "1", "homers": "5", "rbi": "20", "sb": "0", "bb": "13", "ks": "66"}}, {"info": {"full": "Mike Zunino", "pos": "C"}, "batting": {"fp": 67.25, "runs": "21", "single": 17, "double": "10", "triple": "1", "homers": "5", "rbi": "20", "sb": "0", "bb": "13", "ks": "66"}}, {"info": {"full": "Mike Zunino", "pos": "C"}, "batting": {"fp": 67.25, "runs": "21", "single": 17, "double": "10", "triple": "1", "homers": "5", "rbi": "20", "sb": "0", "bb": "13", "ks": "66"}}, {"info": {"full": "Mike Zunino", "pos": "C"}, "batting": {"fp": 67.25, "runs": "21", "single": 17, "double": "10", "triple": "1", "homers": "5", "rbi": "20", "sb": "0", "bb": "13", "ks": "66"}}, {"info": {"full": "Mike Zunino", "pos": "C"}, "batting": {"fp": 67.25, "runs": "21", "single": 17, "double": "10", "triple": "1", "homers": "5", "rbi": "20", "sb": "0", "bb": "13", "ks": "66"}}, {"info": {"full": "Mike Zunino", "pos": "C"}, "batting": {"fp": 67.25, "runs": "21", "single": 17, "double": "10", "triple": "1", "homers": "5", "rbi": "20", "sb": "0", "bb": "13", "ks": "66"}}, {"info": {"full": "Mike Zunino", "pos": "C"}, "batting": {"fp": 67.25, "runs": "21", "single": 17, "double": "10", "triple": "1", "homers": "5", "rbi": "20", "sb": "0", "bb": "13", "ks": "66"}}, {"info": {"full": "Mike Zunino", "pos": "C"}, "batting": {"fp": 67.25, "runs": "21", "single": 17, "double": "10", "triple": "1", "homers": "5", "rbi": "20", "sb": "0", "bb": "13", "ks": "66"}}, {"info": {"full": "Mike Zunino", "pos": "C"}, "batting": {"fp": 67.25, "runs": "21", "single": 17, "double": "10", "triple": "1", "homers": "5", "rbi": "20", "sb": "0", "bb": "13", "ks": "66"}}, {"info": {"full": "Mike Zunino", "pos": "C"}, "batting": {"fp": 67.25, "runs": "21", "single": 17, "double": "10", "triple": "1", "homers": "5", "rbi": "20", "sb": "0", "bb": "13", "ks": "66"}}, {"info": {"full": "Mike Zunino", "pos": "C"}, "batting": {"fp": 67.25, "runs": "21", "single": 17, "double": "10", "triple": "1", "homers": "5", "rbi": "20", "sb": "0", "bb": "13", "ks": "66"}}, {"info": {"full": "Mike Zunino", "pos": "C"}, "batting": {"fp": 67.25, "runs": "21", "single": 17, "double": "10", "triple": "1", "homers": "5", "rbi": "20", "sb": "0", "bb": "13", "ks": "66"}}, {"info": {"full": "Mike Zunino", "pos": "C"}, "batting": {"fp": 67.25, "runs": "21", "single": 17, "double": "10", "triple": "1", "homers": "5", "rbi": "20", "sb": "0", "bb": "13", "ks": "66"}}, {"info": {"full": "Mike Zunino", "pos": "C"}, "batting": {"fp": 67.25, "runs": "21", "single": 17, "double": "10", "triple": "1", "homers": "5", "rbi": "20", "sb": "0", "bb": "13", "ks": "66"}}, {"info": {"full": "Mike Zunino", "pos": "C"}, "batting": {"fp": 67.25, "runs": "21", "single": 17, "double": "10", "triple": "1", "homers": "5", "rbi": "20", "sb": "0", "bb": "13", "ks": "66"}}, {"info": {"full": "Mike Zunino", "pos": "C"}, "batting": {"fp": 67.25, "runs": "21", "single": 17, "double": "10", "triple": "1", "homers": "5", "rbi": "20", "sb": "0", "bb": "13", "ks": "66"}}, {"info": {"full": "Mike Zunino", "pos": "C"}, "batting": {"fp": 67.25, "runs": "21", "single": 17, "double": "10", "triple": "1", "homers": "5", "rbi": "20", "sb": "0", "bb": "13", "ks": "66"}}, {"info": {"full": "Mike Zunino", "pos": "C"}, "batting": {"fp": 67.25, "runs": "21", "single": 17, "double": "10", "triple": "1", "homers": "5", "rbi": "20", "sb": "0", "bb": "13", "ks": "66"}}, {"info": {"full": "Mike Zunino", "pos": "C"}, "batting": {"fp": 67.25, "runs": "21", "single": 17, "double": "10", "triple": "1", "homers": "5", "rbi": "20", "sb": "0", "bb": "13", "ks": "66"}}, {"info": {"full": "Mike Zunino", "pos": "C"}, "batting": {"fp": 67.25, "runs": "21", "single": 17, "double": "10", "triple": "1", "homers": "5", "rbi": "20", "sb": "0", "bb": "13", "ks": "66"}}, {"info": {"full": "Mike Zunino", "pos": "C"}, "batting": {"fp": 67.25, "runs": "21", "single": 17, "double": "10", "triple": "1", "homers": "5", "rbi": "20", "sb": "0", "bb": "13", "ks": "66"}}, {"info": {"full": "Mike Zunino", "pos": "C"}, "batting": {"fp": 67.25, "runs": "21", "single": 17, "double": "10", "triple": "1", "homers": "5", "rbi": "20", "sb": "0", "bb": "13", "ks": "66"}}, {"info": {"full": "Mike Zunino", "pos": "C"}, "batting": {"fp": 67.25, "runs": "21", "single": 17, "double": "10", "triple": "1", "homers": "5", "rbi": "20", "sb": "0", "bb": "13", "ks": "66"}}, {"info": {"full": "Mike Zunino", "pos": "C"}, "batting": {"fp": 67.25, "runs": "21", "single": 17, "double": "10", "triple": "1", "homers": "5", "rbi": "20", "sb": "0", "bb": "13", "ks": "66"}}, {"info": {"full": "Mike Zunino", "pos": "C"}, "batting": {"fp": 67.25, "runs": "21", "single": 17, "double": "10", "triple": "1", "homers": "5", "rbi": "20", "sb": "0", "bb": "13", "ks": "66"}}, {"info": {"full": "Mike Zunino", "pos": "C"}, "batting": {"fp": 67.25, "runs": "21", "single": 17, "double": "10", "triple": "1", "homers": "5", "rbi": "20", "sb": "0", "bb": "13", "ks": "66"}}, {"info": {"full": "Mike Zunino", "pos": "C"}, "batting": {"fp": 67.25, "runs": "21", "single": 17, "double": "10", "triple": "1", "homers": "5", "rbi": "20", "sb": "0", "bb": "13", "ks": "66"}}, {"info": {"full": "Mike Zunino", "pos": "C"}, "batting": {"fp": 67.25, "runs": "21", "single": 17, "double": "10", "triple": "1", "homers": "5", "rbi": "20", "sb": "0", "bb": "13", "ks": "66"}}, {"info": {"full": "Mike Zunino", "pos": "C"}, "batting": {"fp": 67.25, "runs": "21", "single": 17, "double": "10", "triple": "1", "homers": "5", "rbi": "20", "sb": "0", "bb": "13", "ks": "66"}}, {"info": {"full": "Mike Zunino", "pos": "C"}, "batting": {"fp": 67.25, "runs": "21", "single": 17, "double": "10", "triple": "1", "homers": "5", "rbi": "20", "sb": "0", "bb": "13", "ks": "66"}}, {"info": {"full": "Mike Zunino", "pos": "C"}, "batting": {"fp": 67.25, "runs": "21", "single": 17, "double": "10", "triple": "1", "homers": "5", "rbi": "20", "sb": "0", "bb": "13", "ks": "66"}}, {"info": {"full": "Mike Zunino", "pos": "C"}, "batting": {"fp": 67.25, "runs": "21", "single": 17, "double": "10", "triple": "1", "homers": "5", "rbi": "20", "sb": "0", "bb": "13", "ks": "66"}}, {"info": {"full": "Mike Zunino", "pos": "C"}, "batting": {"fp": 67.25, "runs": "21", "single": 17, "double": "10", "triple": "1", "homers": "5", "rbi": "20", "sb": "0", "bb": "13", "ks": "66"}}, {"info": {"full": "Mike Zunino", "pos": "C"}, "batting": {"fp": 67.25, "runs": "21", "single": 17, "double": "10", "triple": "1", "homers": "5", "rbi": "20", "sb": "0", "bb": "13", "ks": "66"}}, {"info": {"full": "Mike Zunino", "pos": "C"}, "batting": {"fp": 67.25, "runs": "21", "single": 17, "double": "10", "triple": "1", "homers": "5", "rbi": "20", "sb": "0", "bb": "13", "ks": "66"}}, {"info": {"full": "Mike Zunino", "pos": "C"}, "batting": {"fp": 67.25, "runs": "21", "single": 17, "double": "10", "triple": "1", "homers": "5", "rbi": "20", "sb": "0", "bb": "13", "ks": "66"}}, {"info": {"full": "Mike Zunino", "pos": "C"}, "batting": {"fp": 67.25, "runs": "21", "single": 17, "double": "10", "triple": "1", "homers": "5", "rbi": "20", "sb": "0", "bb": "13", "ks": "66"}}, {"info": {"full": "Mike Zunino", "pos": "C"}, "batting": {"fp": 67.25, "runs": "21", "single": 17, "double": "10", "triple": "1", "homers": "5", "rbi": "20", "sb": "0", "bb": "13", "ks": "66"}}, {"info": {"full": "Mike Zunino", "pos": "C"}, "batting": {"fp": 67.25, "runs": "21", "single": 17, "double": "10", "triple": "1", "homers": "5", "rbi": "20", "sb": "0", "bb": "13", "ks": "66"}}, {"info": {"full": "Mike Zunino", "pos": "C"}, "batting": {"fp": 67.25, "runs": "21", "single": 17, "double": "10", "triple": "1", "homers": "5", "rbi": "20", "sb": "0", "bb": "13", "ks": "66"}}, {"info": {"full": "Mike Zunino", "pos": "C"}, "batting": {"fp": 67.25, "runs": "21", "single": 17, "double": "10", "triple": "1", "homers": "5", "rbi": "20", "sb": "0", "bb": "13", "ks": "66"}}, {"info": {"full": "Mike Zunino", "pos": "C"}, "batting": {"fp": 67.25, "runs": "21", "single": 17, "double": "10", "triple": "1", "homers": "5", "rbi": "20", "sb": "0", "bb": "13", "ks": "66"}}, {"info": {"full": "Mike Zunino", "pos": "C"}, "batting": {"fp": 67.25, "runs": "21", "single": 17, "double": "10", "triple": "1", "homers": "5", "rbi": "20", "sb": "0", "bb": "13", "ks": "66"}}, {"info": {"full": "Mike Zunino", "pos": "C"}, "batting": {"fp": 67.25, "runs": "21", "single": 17, "double": "10", "triple": "1", "homers": "5", "rbi": "20", "sb": "0", "bb": "13", "ks": "66"}}, {"info": {"full": "Mike Zunino", "pos": "C"}, "batting": {"fp": 67.25, "runs": "21", "single": 17, "double": "10", "triple": "1", "homers": "5", "rbi": "20", "sb": "0", "bb": "13", "ks": "66"}}, {"info": {"full": "Mike Zunino", "pos": "C"}, "batting": {"fp": 67.25, "runs": "21", "single": 17, "double": "10", "triple": "1", "homers": "5", "rbi": "20", "sb": "0", "bb": "13", "ks": "66"}}, {"info": {"full": "Mike Zunino", "pos": "C"}, "batting": {"fp": 67.25, "runs": "21", "single": 17, "double": "10", "triple": "1", "homers": "5", "rbi": "20", "sb": "0", "bb": "13", "ks": "66"}}, {"info": {"full": "Mike Zunino", "pos": "C"}, "batting": {"fp": 67.25, "runs": "21", "single": 17, "double": "10", "triple": "1", "homers": "5", "rbi": "20", "sb": "0", "bb": "13", "ks": "66"}}, {"info": {"full": "Mike Zunino", "pos": "C"}, "batting": {"fp": 67.25, "runs": "21", "single": 17, "double": "10", "triple": "1", "homers": "5", "rbi": "20", "sb": "0", "bb": "13", "ks": "66"}}, {"info": {"full": "Mike Zunino", "pos": "C"}, "batting": {"fp": 67.25, "runs": "21", "single": 17, "double": "10", "triple": "1", "homers": "5", "rbi": "20", "sb": "0", "bb": "13", "ks": "66"}}, {"info": {"full": "Mike Zunino", "pos": "C"}, "batting": {"fp": 67.25, "runs": "21", "single": 17, "double": "10", "triple": "1", "homers": "5", "rbi": "20", "sb": "0", "bb": "13", "ks": "66"}}, {"info": {"full": "Mike Zunino", "pos": "C"}, "batting": {"fp": 67.25, "runs": "21", "single": 17, "double": "10", "triple": "1", "homers": "5", "rbi": "20", "sb": "0", "bb": "13", "ks": "66"}}, {"info": {"full": "Mike Zunino", "pos": "C"}, "batting": {"fp": 67.25, "runs": "21", "single": 17, "double": "10", "triple": "1", "homers": "5", "rbi": "20", "sb": "0", "bb": "13", "ks": "66"}}, {"info": {"full": "Mike Zunino", "pos": "C"}, "batting": {"fp": 67.25, "runs": "21", "single": 17, "double": "10", "triple": "1", "homers": "5", "rbi": "20", "sb": "0", "bb": "13", "ks": "66"}}, {"info": {"full": "Mike Zunino", "pos": "C"}, "batting": {"fp": 67.25, "runs": "21", "single": 17, "double": "10", "triple": "1", "homers": "5", "rbi": "20", "sb": "0", "bb": "13", "ks": "66"}}, {"info": {"full": "Mike Zunino", "pos": "C"}, "batting": {"fp": 67.25, "runs": "21", "single": 17, "double": "10", "triple": "1", "homers": "5", "rbi": "20", "sb": "0", "bb": "13", "ks": "66"}}, {"info": {"full": "Mike Zunino", "pos": "C"}, "batting": {"fp": 67.25, "runs": "21", "single": 17, "double": "10", "triple": "1", "homers": "5", "rbi": "20", "sb": "0", "bb": "13", "ks": "66"}}, {"info": {"full": "Mike Zunino", "pos": "C"}, "batting": {"fp": 67.25, "runs": "21", "single": 17, "double": "10", "triple": "1", "homers": "5", "rbi": "20", "sb": "0", "bb": "13", "ks": "66"}}, {"info": {"full": "Mike Zunino", "pos": "C"}, "batting": {"fp": 67.25, "runs": "21", "single": 17, "double": "10", "triple": "1", "homers": "5", "rbi": "20", "sb": "0", "bb": "13", "ks": "66"}}, {"info": {"full": "Mike Zunino", "pos": "C"}, "batting": {"fp": 67.25, "runs": "21", "single": 17, "double": "10", "triple": "1", "homers": "5", "rbi": "20", "sb": "0", "bb": "13", "ks": "66"}}, {"info": {"full": "Mike Zunino", "pos": "C"}, "batting": {"fp": 67.25, "runs": "21", "single": 17, "double": "10", "triple": "1", "homers": "5", "rbi": "20", "sb": "0", "bb": "13", "ks": "66"}}, {"info": {"full": "Mike Zunino", "pos": "C"}, "batting": {"fp": 67.25, "runs": "21", "single": 17, "double": "10", "triple": "1", "homers": "5", "rbi": "20", "sb": "0", "bb": "13", "ks": "66"}}, {"info": {"full": "Mike Zunino", "pos": "C"}, "batting": {"fp": 67.25, "runs": "21", "single": 17, "double": "10", "triple": "1", "homers": "5", "rbi": "20", "sb": "0", "bb": "13", "ks": "66"}}, {"info": {"full": "Mike Zunino", "pos": "C"}, "batting": {"fp": 67.25, "runs": "21", "single": 17, "double": "10", "triple": "1", "homers": "5", "rbi": "20", "sb": "0", "bb": "13", "ks": "66"}}, {"info": {"full": "Mike Zunino", "pos": "C"}, "batting": {"fp": 67.25, "runs": "21", "single": 17, "double": "10", "triple": "1", "homers": "5", "rbi": "20", "sb": "0", "bb": "13", "ks": "66"}}, {"info": {"full": "Mike Zunino", "pos": "C"}, "batting": {"fp": 67.25, "runs": "21", "single": 17, "double": "10", "triple": "1", "homers": "5", "rbi": "20", "sb": "0", "bb": "13", "ks": "66"}}, {"info": {"full": "Mike Zunino", "pos": "C"}, "batting": {"fp": 67.25, "runs": "21", "single": 17, "double": "10", "triple": "1", "homers": "5", "rbi": "20", "sb": "0", "bb": "13", "ks": "66"}}, {"info": {"full": "Mike Zunino", "pos": "C"}, "batting": {"fp": 67.25, "runs": "21", "single": 17, "double": "10", "triple": "1", "homers": "5", "rbi": "20", "sb": "0", "bb": "13", "ks": "66"}}, {"info": {"full": "Mike Zunino", "pos": "C"}, "batting": {"fp": 67.25, "runs": "21", "single": 17, "double": "10", "triple": "1", "homers": "5", "rbi": "20", "sb": "0", "bb": "13", "ks": "66"}}, {"info": {"full": "Mike Zunino", "pos": "C"}, "batting": {"fp": 67.25, "runs": "21", "single": 17, "double": "10", "triple": "1", "homers": "5", "rbi": "20", "sb": "0", "bb": "13", "ks": "66"}}, {"info": {"full": "Mike Zunino", "pos": "C"}, "batting": {"fp": 67.25, "runs": "21", "single": 17, "double": "10", "triple": "1", "homers": "5", "rbi": "20", "sb": "0", "bb": "13", "ks": "66"}}, {"info": {"full": "Mike Zunino", "pos": "C"}, "batting": {"fp": 67.25, "runs": "21", "single": 17, "double": "10", "triple": "1", "homers": "5", "rbi": "20", "sb": "0", "bb": "13", "ks": "66"}}, {"info": {"full": "Mike Zunino", "pos": "C"}, "batting": {"fp": 67.25, "runs": "21", "single": 17, "double": "10", "triple": "1", "homers": "5", "rbi": "20", "sb": "0", "bb": "13", "ks": "66"}}, {"info": {"full": "Mike Zunino", "pos": "C"}, "batting": {"fp": 67.25, "runs": "21", "single": 17, "double": "10", "triple": "1", "homers": "5", "rbi": "20", "sb": "0", "bb": "13", "ks": "66"}}, {"info": {"full": "Mike Zunino", "pos": "C"}, "batting": {"fp": 67.25, "runs": "21", "single": 17, "double": "10", "triple": "1", "homers": "5", "rbi": "20", "sb": "0", "bb": "13", "ks": "66"}}, {"info": {"full": "Mike Zunino", "pos": "C"}, "batting": {"fp": 67.25, "runs": "21", "single": 17, "double": "10", "triple": "1", "homers": "5", "rbi": "20", "sb": "0", "bb": "13", "ks": "66"}}, {"info": {"full": "Mike Zunino", "pos": "C"}, "batting": {"fp": 67.25, "runs": "21", "single": 17, "double": "10", "triple": "1", "homers": "5", "rbi": "20", "sb": "0", "bb": "13", "ks": "66"}}, {"info": {"full": "Mike Zunino", "pos": "C"}, "batting": {"fp": 67.25, "runs": "21", "single": 17, "double": "10", "triple": "1", "homers": "5", "rbi": "20", "sb": "0", "bb": "13", "ks": "66"}}, {"info": {"full": "Mike Zunino", "pos": "C"}, "batting": {"fp": 67.25, "runs": "21", "single": 17, "double": "10", "triple": "1", "homers": "5", "rbi": "20", "sb": "0", "bb": "13", "ks": "66"}}, {"info": {"full": "Mike Zunino", "pos": "C"}, "batting": {"fp": 67.25, "runs": "21", "single": 17, "double": "10", "triple": "1", "homers": "5", "rbi": "20", "sb": "0", "bb": "13", "ks": "66"}}, {"info": {"full": "Mike Zunino", "pos": "C"}, "batting": {"fp": 67.25, "runs": "21", "single": 17, "double": "10", "triple": "1", "homers": "5", "rbi": "20", "sb": "0", "bb": "13", "ks": "66"}}, {"info": {"full": "Mike Zunino", "pos": "C"}, "batting": {"fp": 67.25, "runs": "21", "single": 17, "double": "10", "triple": "1", "homers": "5", "rbi": "20", "sb": "0", "bb": "13", "ks": "66"}}, {"info": {"full": "Mike Zunino", "pos": "C"}, "batting": {"fp": 67.25, "runs": "21", "single": 17, "double": "10", "triple": "1", "homers": "5", "rbi": "20", "sb": "0", "bb": "13", "ks": "66"}}, {"info": {"full": "Mike Zunino", "pos": "C"}, "batting": {"fp": 67.25, "runs": "21", "single": 17, "double": "10", "triple": "1", "homers": "5", "rbi": "20", "sb": "0", "bb": "13", "ks": "66"}}, {"info": {"full": "Mike Zunino", "pos": "C"}, "batting": {"fp": 67.25, "runs": "21", "single": 17, "double": "10", "triple": "1", "homers": "5", "rbi": "20", "sb": "0", "bb": "13", "ks": "66"}}, {"info": {"full": "Mike Zunino", "pos": "C"}, "batting": {"fp": 67.25, "runs": "21", "single": 17, "double": "10", "triple": "1", "homers": "5", "rbi": "20", "sb": "0", "bb": "13", "ks": "66"}}, {"info": {"full": "Mike Zunino", "pos": "C"}, "batting": {"fp": 67.25, "runs": "21", "single": 17, "double": "10", "triple": "1", "homers": "5", "rbi": "20", "sb": "0", "bb": "13", "ks": "66"}}, {"info": {"full": "Mike Zunino", "pos": "C"}, "batting": {"fp": 67.25, "runs": "21", "single": 17, "double": "10", "triple": "1", "homers": "5", "rbi": "20", "sb": "0", "bb": "13", "ks": "66"}}, {"info": {"full": "Mike Zunino", "pos": "C"}, "batting": {"fp": 67.25, "runs": "21", "single": 17, "double": "10", "triple": "1", "homers": "5", "rbi": "20", "sb": "0", "bb": "13", "ks": "66"}}, {"info": {"full": "Mike Zunino", "pos": "C"}, "batting": {"fp": 67.25, "runs": "21", "single": 17, "double": "10", "triple": "1", "homers": "5", "rbi": "20", "sb": "0", "bb": "13", "ks": "66"}}, {"info": {"full": "Mike Zunino", "pos": "C"}, "batting": {"fp": 67.25, "runs": "21", "single": 17, "double": "10", "triple": "1", "homers": "5", "rbi": "20", "sb": "0", "bb": "13", "ks": "66"}}, {"info": {"full": "Mike Zunino", "pos": "C"}, "batting": {"fp": 67.25, "runs": "21", "single": 17, "double": "10", "triple": "1", "homers": "5", "rbi": "20", "sb": "0", "bb": "13", "ks": "66"}}, {"info": {"full": "Mike Zunino", "pos": "C"}, "batting": {"fp": 67.25, "runs": "21", "single": 17, "double": "10", "triple": "1", "homers": "5", "rbi": "20", "sb": "0", "bb": "13", "ks": "66"}}, {"info": {"full": "Mike Zunino", "pos": "C"}, "batting": {"fp": 67.25, "runs": "21", "single": 17, "double": "10", "triple": "1", "homers": "5", "rbi": "20", "sb": "0", "bb": "13", "ks": "66"}}, {"info": {"full": "Mike Zunino", "pos": "C"}, "batting": {"fp": 67.25, "runs": "21", "single": 17, "double": "10", "triple": "1", "homers": "5", "rbi": "20", "sb": "0", "bb": "13", "ks": "66"}}, {"info": {"full": "Mike Zunino", "pos": "C"}, "batting": {"fp": 67.25, "runs": "21", "single": 17, "double": "10", "triple": "1", "homers": "5", "rbi": "20", "sb": "0", "bb": "13", "ks": "66"}}, {"info": {"full": "Mike Zunino", "pos": "C"}, "batting": {"fp": 67.25, "runs": "21", "single": 17, "double": "10", "triple": "1", "homers": "5", "rbi": "20", "sb": "0", "bb": "13", "ks": "66"}}, {"info": {"full": "Mike Zunino", "pos": "C"}, "batting": {"fp": 67.25, "runs": "21", "single": 17, "double": "10", "triple": "1", "homers": "5", "rbi": "20", "sb": "0", "bb": "13", "ks": "66"}}, {"info": {"full": "Mike Zunino", "pos": "C"}, "batting": {"fp": 67.25, "runs": "21", "single": 17, "double": "10", "triple": "1", "homers": "5", "rbi": "20", "sb": "0", "bb": "13", "ks": "66"}}, {"info": {"full": "Mike Zunino", "pos": "C"}, "batting": {"fp": 67.25, "runs": "21", "single": 17, "double": "10", "triple": "1", "homers": "5", "rbi": "20", "sb": "0", "bb": "13", "ks": "66"}}, {"info": {"full": "Mike Zunino", "pos": "C"}, "batting": {"fp": 67.25, "runs": "21", "single": 17, "double": "10", "triple": "1", "homers": "5", "rbi": "20", "sb": "0", "bb": "13", "ks": "66"}}, {"info": {"full": "Mike Zunino", "pos": "C"}, "batting": {"fp": 67.25, "runs": "21", "single": 17, "double": "10", "triple": "1", "homers": "5", "rbi": "20", "sb": "0", "bb": "13", "ks": "66"}}, {"info": {"full": "Mike Zunino", "pos": "C"}, "batting": {"fp": 67.25, "runs": "21", "single": 17, "double": "10", "triple": "1", "homers": "5", "rbi": "20", "sb": "0", "bb": "13", "ks": "66"}}, {"info": {"full": "Mike Zunino", "pos": "C"}, "batting": {"fp": 67.25, "runs": "21", "single": 17, "double": "10", "triple": "1", "homers": "5", "rbi": "20", "sb": "0", "bb": "13", "ks": "66"}}, {"info": {"full": "Mike Zunino", "pos": "C"}, "batting": {"fp": 67.25, "runs": "21", "single": 17, "double": "10", "triple": "1", "homers": "5", "rbi": "20", "sb": "0", "bb": "13", "ks": "66"}}, {"info": {"full": "Mike Zunino", "pos": "C"}, "batting": {"fp": 67.25, "runs": "21", "single": 17, "double": "10", "triple": "1", "homers": "5", "rbi": "20", "sb": "0", "bb": "13", "ks": "66"}}, {"info": {"full": "Mike Zunino", "pos": "C"}, "batting": {"fp": 67.25, "runs": "21", "single": 17, "double": "10", "triple": "1", "homers": "5", "rbi": "20", "sb": "0", "bb": "13", "ks": "66"}}, {"info": {"full": "Mike Zunino", "pos": "C"}, "batting": {"fp": 67.25, "runs": "21", "single": 17, "double": "10", "triple": "1", "homers": "5", "rbi": "20", "sb": "0", "bb": "13", "ks": "66"}}, {"info": {"full": "Mike Zunino", "pos": "C"}, "batting": {"fp": 67.25, "runs": "21", "single": 17, "double": "10", "triple": "1", "homers": "5", "rbi": "20", "sb": "0", "bb": "13", "ks": "66"}}, {"info": {"full": "Mike Zunino", "pos": "C"}, "batting": {"fp": 67.25, "runs": "21", "single": 17, "double": "10", "triple": "1", "homers": "5", "rbi": "20", "sb": "0", "bb": "13", "ks": "66"}}, {"info": {"full": "Mike Zunino", "pos": "C"}, "batting": {"fp": 67.25, "runs": "21", "single": 17, "double": "10", "triple": "1", "homers": "5", "rbi": "20", "sb": "0", "bb": "13", "ks": "66"}}, {"info": {"full": "Mike Zunino", "pos": "C"}, "batting": {"fp": 67.25, "runs": "21", "single": 17, "double": "10", "triple": "1", "homers": "5", "rbi": "20", "sb": "0", "bb": "13", "ks": "66"}}, {"info": {"full": "Mike Zunino", "pos": "C"}, "batting": {"fp": 67.25, "runs": "21", "single": 17, "double": "10", "triple": "1", "homers": "5", "rbi": "20", "sb": "0", "bb": "13", "ks": "66"}}, {"info": {"full": "Mike Zunino", "pos": "C"}, "batting": {"fp": 67.25, "runs": "21", "single": 17, "double": "10", "triple": "1", "homers": "5", "rbi": "20", "sb": "0", "bb": "13", "ks": "66"}}, {"info": {"full": "Mike Zunino", "pos": "C"}, "batting": {"fp": 67.25, "runs": "21", "single": 17, "double": "10", "triple": "1", "homers": "5", "rbi": "20", "sb": "0", "bb": "13", "ks": "66"}}, {"info": {"full": "Mike Zunino", "pos": "C"}, "batting": {"fp": 67.25, "runs": "21", "single": 17, "double": "10", "triple": "1", "homers": "5", "rbi": "20", "sb": "0", "bb": "13", "ks": "66"}}, {"info": {"full": "Mike Zunino", "pos": "C"}, "batting": {"fp": 67.25, "runs": "21", "single": 17, "double": "10", "triple": "1", "homers": "5", "rbi": "20", "sb": "0", "bb": "13", "ks": "66"}}, {"info": {"full": "Mike Zunino", "pos": "C"}, "batting": {"fp": 67.25, "runs": "21", "single": 17, "double": "10", "triple": "1", "homers": "5", "rbi": "20", "sb": "0", "bb": "13", "ks": "66"}}, {"info": {"full": "Mike Zunino", "pos": "C"}, "batting": {"fp": 67.25, "runs": "21", "single": 17, "double": "10", "triple": "1", "homers": "5", "rbi": "20", "sb": "0", "bb": "13", "ks": "66"}}, {"info": {"full": "Mike Zunino", "pos": "C"}, "batting": {"fp": 67.25, "runs": "21", "single": 17, "double": "10", "triple": "1", "homers": "5", "rbi": "20", "sb": "0", "bb": "13", "ks": "66"}}, {"info": {"full": "Mike Zunino", "pos": "C"}, "batting": {"fp": 67.25, "runs": "21", "single": 17, "double": "10", "triple": "1", "homers": "5", "rbi": "20", "sb": "0", "bb": "13", "ks": "66"}}, {"info": {"full": "Mike Zunino", "pos": "C"}, "batting": {"fp": 67.25, "runs": "21", "single": 17, "double": "10", "triple": "1", "homers": "5", "rbi": "20", "sb": "0", "bb": "13", "ks": "66"}}, {"info": {"full": "Mike Zunino", "pos": "C"}, "batting": {"fp": 67.25, "runs": "21", "single": 17, "double": "10", "triple": "1", "homers": "5", "rbi": "20", "sb": "0", "bb": "13", "ks": "66"}}, {"info": {"full": "Mike Zunino", "pos": "C"}, "batting": {"fp": 67.25, "runs": "21", "single": 17, "double": "10", "triple": "1", "homers": "5", "rbi": "20", "sb": "0", "bb": "13", "ks": "66"}}, {"info": {"full": "Mike Zunino", "pos": "C"}, "batting": {"fp": 67.25, "runs": "21", "single": 17, "double": "10", "triple": "1", "homers": "5", "rbi": "20", "sb": "0", "bb": "13", "ks": "66"}}, {"info": {"full": "Mike Zunino", "pos": "C"}, "batting": {"fp": 67.25, "runs": "21", "single": 17, "double": "10", "triple": "1", "homers": "5", "rbi": "20", "sb": "0", "bb": "13", "ks": "66"}}, {"info": {"full": "Mike Zunino", "pos": "C"}, "batting": {"fp": 67.25, "runs": "21", "single": 17, "double": "10", "triple": "1", "homers": "5", "rbi": "20", "sb": "0", "bb": "13", "ks": "66"}}, {"info": {"full": "Mike Zunino", "pos": "C"}, "batting": {"fp": 67.25, "runs": "21", "single": 17, "double": "10", "triple": "1", "homers": "5", "rbi": "20", "sb": "0", "bb": "13", "ks": "66"}}, {"info": {"full": "Mike Zunino", "pos": "C"}, "batting": {"fp": 67.25, "runs": "21", "single": 17, "double": "10", "triple": "1", "homers": "5", "rbi": "20", "sb": "0", "bb": "13", "ks": "66"}}, {"info": {"full": "Mike Zunino", "pos": "C"}, "batting": {"fp": 67.25, "runs": "21", "single": 17, "double": "10", "triple": "1", "homers": "5", "rbi": "20", "sb": "0", "bb": "13", "ks": "66"}}, {"info": {"full": "Mike Zunino", "pos": "C"}, "batting": {"fp": 67.25, "runs": "21", "single": 17, "double": "10", "triple": "1", "homers": "5", "rbi": "20", "sb": "0", "bb": "13", "ks": "66"}}, {"info": {"full": "Mike Zunino", "pos": "C"}, "batting": {"fp": 67.25, "runs": "21", "single": 17, "double": "10", "triple": "1", "homers": "5", "rbi": "20", "sb": "0", "bb": "13", "ks": "66"}}, {"info": {"full": "Mike Zunino", "pos": "C"}, "batting": {"fp": 67.25, "runs": "21", "single": 17, "double": "10", "triple": "1", "homers": "5", "rbi": "20", "sb": "0", "bb": "13", "ks": "66"}}, {"info": {"full": "Mike Zunino", "pos": "C"}, "batting": {"fp": 67.25, "runs": "21", "single": 17, "double": "10", "triple": "1", "homers": "5", "rbi": "20", "sb": "0", "bb": "13", "ks": "66"}}, {"info": {"full": "Mike Zunino", "pos": "C"}, "batting": {"fp": 67.25, "runs": "21", "single": 17, "double": "10", "triple": "1", "homers": "5", "rbi": "20", "sb": "0", "bb": "13", "ks": "66"}}, {"info": {"full": "Mike Zunino", "pos": "C"}, "batting": {"fp": 67.25, "runs": "21", "single": 17, "double": "10", "triple": "1", "homers": "5", "rbi": "20", "sb": "0", "bb": "13", "ks": "66"}}, {"info": {"full": "Mike Zunino", "pos": "C"}, "batting": {"fp": 67.25, "runs": "21", "single": 17, "double": "10", "triple": "1", "homers": "5", "rbi": "20", "sb": "0", "bb": "13", "ks": "66"}}, {"info": {"full": "Mike Zunino", "pos": "C"}, "batting": {"fp": 67.25, "runs": "21", "single": 17, "double": "10", "triple": "1", "homers": "5", "rbi": "20", "sb": "0", "bb": "13", "ks": "66"}}, {"info": {"full": "Mike Zunino", "pos": "C"}, "batting": {"fp": 67.25, "runs": "21", "single": 17, "double": "10", "triple": "1", "homers": "5", "rbi": "20", "sb": "0", "bb": "13", "ks": "66"}}, {"info": {"full": "Mike Zunino", "pos": "C"}, "batting": {"fp": 67.25, "runs": "21", "single": 17, "double": "10", "triple": "1", "homers": "5", "rbi": "20", "sb": "0", "bb": "13", "ks": "66"}}, {"info": {"full": "Mike Zunino", "pos": "C"}, "batting": {"fp": 67.25, "runs": "21", "single": 17, "double": "10", "triple": "1", "homers": "5", "rbi": "20", "sb": "0", "bb": "13", "ks": "66"}}, {"info": {"full": "Mike Zunino", "pos": "C"}, "batting": {"fp": 67.25, "runs": "21", "single": 17, "double": "10", "triple": "1", "homers": "5", "rbi": "20", "sb": "0", "bb": "13", "ks": "66"}}, {"info": {"full": "Mike Zunino", "pos": "C"}, "batting": {"fp": 67.25, "runs": "21", "single": 17, "double": "10", "triple": "1", "homers": "5", "rbi": "20", "sb": "0", "bb": "13", "ks": "66"}}, {"info": {"full": "Mike Zunino", "pos": "C"}, "batting": {"fp": 67.25, "runs": "21", "single": 17, "double": "10", "triple": "1", "homers": "5", "rbi": "20", "sb": "0", "bb": "13", "ks": "66"}}, {"info": {"full": "Mike Zunino", "pos": "C"}, "batting": {"fp": 67.25, "runs": "21", "single": 17, "double": "10", "triple": "1", "homers": "5", "rbi": "20", "sb": "0", "bb": "13", "ks": "66"}}, {"info": {"full": "Mike Zunino", "pos": "C"}, "batting": {"fp": 67.25, "runs": "21", "single": 17, "double": "10", "triple": "1", "homers": "5", "rbi": "20", "sb": "0", "bb": "13", "ks": "66"}}, {"info": {"full": "Mike Zunino", "pos": "C"}, "batting": {"fp": 67.25, "runs": "21", "single": 17, "double": "10", "triple": "1", "homers": "5", "rbi": "20", "sb": "0", "bb": "13", "ks": "66"}}, {"info": {"full": "Mike Zunino", "pos": "C"}, "batting": {"fp": 67.25, "runs": "21", "single": 17, "double": "10", "triple": "1", "homers": "5", "rbi": "20", "sb": "0", "bb": "13", "ks": "66"}}, {"info": {"full": "Mike Zunino", "pos": "C"}, "batting": {"fp": 67.25, "runs": "21", "single": 17, "double": "10", "triple": "1", "homers": "5", "rbi": "20", "sb": "0", "bb": "13", "ks": "66"}}, {"info": {"full": "Mike Zunino", "pos": "C"}, "batting": {"fp": 67.25, "runs": "21", "single": 17, "double": "10", "triple": "1", "homers": "5", "rbi": "20", "sb": "0", "bb": "13", "ks": "66"}}, {"info": {"full": "Mike Zunino", "pos": "C"}, "batting": {"fp": 67.25, "runs": "21", "single": 17, "double": "10", "triple": "1", "homers": "5", "rbi": "20", "sb": "0", "bb": "13", "ks": "66"}}, {"info": {"full": "Mike Zunino", "pos": "C"}, "batting": {"fp": 67.25, "runs": "21", "single": 17, "double": "10", "triple": "1", "homers": "5", "rbi": "20", "sb": "0", "bb": "13", "ks": "66"}}, {"info": {"full": "Mike Zunino", "pos": "C"}, "batting": {"fp": 67.25, "runs": "21", "single": 17, "double": "10", "triple": "1", "homers": "5", "rbi": "20", "sb": "0", "bb": "13", "ks": "66"}}, {"info": {"full": "Mike Zunino", "pos": "C"}, "batting": {"fp": 67.25, "runs": "21", "single": 17, "double": "10", "triple": "1", "homers": "5", "rbi": "20", "sb": "0", "bb": "13", "ks": "66"}}, {"info": {"full": "Mike Zunino", "pos": "C"}, "batting": {"fp": 67.25, "runs": "21", "single": 17, "double": "10", "triple": "1", "homers": "5", "rbi": "20", "sb": "0", "bb": "13", "ks": "66"}}, {"info": {"full": "Mike Zunino", "pos": "C"}, "batting": {"fp": 67.25, "runs": "21", "single": 17, "double": "10", "triple": "1", "homers": "5", "rbi": "20", "sb": "0", "bb": "13", "ks": "66"}}, {"info": {"full": "Mike Zunino", "pos": "C"}, "batting": {"fp": 67.25, "runs": "21", "single": 17, "double": "10", "triple": "1", "homers": "5", "rbi": "20", "sb": "0", "bb": "13", "ks": "66"}}, {"info": {"full": "Mike Zunino", "pos": "C"}, "batting": {"fp": 67.25, "runs": "21", "single": 17, "double": "10", "triple": "1", "homers": "5", "rbi": "20", "sb": "0", "bb": "13", "ks": "66"}}, {"info": {"full": "Mike Zunino", "pos": "C"}, "batting": {"fp": 67.25, "runs": "21", "single": 17, "double": "10", "triple": "1", "homers": "5", "rbi": "20", "sb": "0", "bb": "13", "ks": "66"}}, {"info": {"full": "Mike Zunino", "pos": "C"}, "batting": {"fp": 67.25, "runs": "21", "single": 17, "double": "10", "triple": "1", "homers": "5", "rbi": "20", "sb": "0", "bb": "13", "ks": "66"}}, {"info": {"full": "Mike Zunino", "pos": "C"}, "batting": {"fp": 67.25, "runs": "21", "single": 17, "double": "10", "triple": "1", "homers": "5", "rbi": "20", "sb": "0", "bb": "13", "ks": "66"}}, {"info": {"full": "Mike Zunino", "pos": "C"}, "batting": {"fp": 67.25, "runs": "21", "single": 17, "double": "10", "triple": "1", "homers": "5", "rbi": "20", "sb": "0", "bb": "13", "ks": "66"}}, {"info": {"full": "Mike Zunino", "pos": "C"}, "batting": {"fp": 67.25, "runs": "21", "single": 17, "double": "10", "triple": "1", "homers": "5", "rbi": "20", "sb": "0", "bb": "13", "ks": "66"}}, {"info": {"full": "Mike Zunino", "pos": "C"}, "batting": {"fp": 67.25, "runs": "21", "single": 17, "double": "10", "triple": "1", "homers": "5", "rbi": "20", "sb": "0", "bb": "13", "ks": "66"}}, {"info": {"full": "Mike Zunino", "pos": "C"}, "batting": {"fp": 67.25, "runs": "21", "single": 17, "double": "10", "triple": "1", "homers": "5", "rbi": "20", "sb": "0", "bb": "13", "ks": "66"}}, {"info": {"full": "Mike Zunino", "pos": "C"}, "batting": {"fp": 67.25, "runs": "21", "single": 17, "double": "10", "triple": "1", "homers": "5", "rbi": "20", "sb": "0", "bb": "13", "ks": "66"}}, {"info": {"full": "Mike Zunino", "pos": "C"}, "batting": {"fp": 67.25, "runs": "21", "single": 17, "double": "10", "triple": "1", "homers": "5", "rbi": "20", "sb": "0", "bb": "13", "ks": "66"}}, {"info": {"full": "Mike Zunino", "pos": "C"}, "batting": {"fp": 67.25, "runs": "21", "single": 17, "double": "10", "triple": "1", "homers": "5", "rbi": "20", "sb": "0", "bb": "13", "ks": "66"}}, {"info": {"full": "Mike Zunino", "pos": "C"}, "batting": {"fp": 67.25, "runs": "21", "single": 17, "double": "10", "triple": "1", "homers": "5", "rbi": "20", "sb": "0", "bb": "13", "ks": "66"}}, {"info": {"full": "Mike Zunino", "pos": "C"}, "batting": {"fp": 67.25, "runs": "21", "single": 17, "double": "10", "triple": "1", "homers": "5", "rbi": "20", "sb": "0", "bb": "13", "ks": "66"}}, {"info": {"full": "Mike Zunino", "pos": "C"}, "batting": {"fp": 67.25, "runs": "21", "single": 17, "double": "10", "triple": "1", "homers": "5", "rbi": "20", "sb": "0", "bb": "13", "ks": "66"}}, {"info": {"full": "Mike Zunino", "pos": "C"}, "batting": {"fp": 67.25, "runs": "21", "single": 17, "double": "10", "triple": "1", "homers": "5", "rbi": "20", "sb": "0", "bb": "13", "ks": "66"}}, {"info": {"full": "Mike Zunino", "pos": "C"}, "batting": {"fp": 67.25, "runs": "21", "single": 17, "double": "10", "triple": "1", "homers": "5", "rbi": "20", "sb": "0", "bb": "13", "ks": "66"}}, {"info": {"full": "Mike Zunino", "pos": "C"}, "batting": {"fp": 67.25, "runs": "21", "single": 17, "double": "10", "triple": "1", "homers": "5", "rbi": "20", "sb": "0", "bb": "13", "ks": "66"}}, {"info": {"full": "Mike Zunino", "pos": "C"}, "batting": {"fp": 67.25, "runs": "21", "single": 17, "double": "10", "triple": "1", "homers": "5", "rbi": "20", "sb": "0", "bb": "13", "ks": "66"}}, {"info": {"full": "Mike Zunino", "pos": "C"}, "batting": {"fp": 67.25, "runs": "21", "single": 17, "double": "10", "triple": "1", "homers": "5", "rbi": "20", "sb": "0", "bb": "13", "ks": "66"}}, {"info": {"full": "Mike Zunino", "pos": "C"}, "batting": {"fp": 67.25, "runs": "21", "single": 17, "double": "10", "triple": "1", "homers": "5", "rbi": "20", "sb": "0", "bb": "13", "ks": "66"}}, {"info": {"full": "Mike Zunino", "pos": "C"}, "batting": {"fp": 67.25, "runs": "21", "single": 17, "double": "10", "triple": "1", "homers": "5", "rbi": "20", "sb": "0", "bb": "13", "ks": "66"}}, {"info": {"full": "Mike Zunino", "pos": "C"}, "batting": {"fp": 67.25, "runs": "21", "single": 17, "double": "10", "triple": "1", "homers": "5", "rbi": "20", "sb": "0", "bb": "13", "ks": "66"}}, {"info": {"full": "Mike Zunino", "pos": "C"}, "batting": {"fp": 67.25, "runs": "21", "single": 17, "double": "10", "triple": "1", "homers": "5", "rbi": "20", "sb": "0", "bb": "13", "ks": "66"}}, {"info": {"full": "Mike Zunino", "pos": "C"}, "batting": {"fp": 67.25, "runs": "21", "single": 17, "double": "10", "triple": "1", "homers": "5", "rbi": "20", "sb": "0", "bb": "13", "ks": "66"}}, {"info": {"full": "Mike Zunino", "pos": "C"}, "batting": {"fp": 67.25, "runs": "21", "single": 17, "double": "10", "triple": "1", "homers": "5", "rbi": "20", "sb": "0", "bb": "13", "ks": "66"}}, {"info": {"full": "Mike Zunino", "pos": "C"}, "batting": {"fp": 67.25, "runs": "21", "single": 17, "double": "10", "triple": "1", "homers": "5", "rbi": "20", "sb": "0", "bb": "13", "ks": "66"}}, {"info": {"full": "Mike Zunino", "pos": "C"}, "batting": {"fp": 67.25, "runs": "21", "single": 17, "double": "10", "triple": "1", "homers": "5", "rbi": "20", "sb": "0", "bb": "13", "ks": "66"}}, {"info": {"full": "Mike Zunino", "pos": "C"}, "batting": {"fp": 67.25, "runs": "21", "single": 17, "double": "10", "triple": "1", "homers": "5", "rbi": "20", "sb": "0", "bb": "13", "ks": "66"}}, {"info": {"full": "Mike Zunino", "pos": "C"}, "batting": {"fp": 67.25, "runs": "21", "single": 17, "double": "10", "triple": "1", "homers": "5", "rbi": "20", "sb": "0", "bb": "13", "ks": "66"}}, {"info": {"full": "Mike Zunino", "pos": "C"}, "batting": {"fp": 67.25, "runs": "21", "single": 17, "double": "10", "triple": "1", "homers": "5", "rbi": "20", "sb": "0", "bb": "13", "ks": "66"}}, {"info": {"full": "Mike Zunino", "pos": "C"}, "batting": {"fp": 67.25, "runs": "21", "single": 17, "double": "10", "triple": "1", "homers": "5", "rbi": "20", "sb": "0", "bb": "13", "ks": "66"}}, {"info": {"full": "Mike Zunino", "pos": "C"}, "batting": {"fp": 67.25, "runs": "21", "single": 17, "double": "10", "triple": "1", "homers": "5", "rbi": "20", "sb": "0", "bb": "13", "ks": "66"}}, {"info": {"full": "Mike Zunino", "pos": "C"}, "batting": {"fp": 67.25, "runs": "21", "single": 17, "double": "10", "triple": "1", "homers": "5", "rbi": "20", "sb": "0", "bb": "13", "ks": "66"}}, {"info": {"full": "Mike Zunino", "pos": "C"}, "batting": {"fp": 67.25, "runs": "21", "single": 17, "double": "10", "triple": "1", "homers": "5", "rbi": "20", "sb": "0", "bb": "13", "ks": "66"}}, {"info": {"full": "Mike Zunino", "pos": "C"}, "batting": {"fp": 67.25, "runs": "21", "single": 17, "double": "10", "triple": "1", "homers": "5", "rbi": "20", "sb": "0", "bb": "13", "ks": "66"}}, {"info": {"full": "Mike Zunino", "pos": "C"}, "batting": {"fp": 67.25, "runs": "21", "single": 17, "double": "10", "triple": "1", "homers": "5", "rbi": "20", "sb": "0", "bb": "13", "ks": "66"}}, {"info": {"full": "Mike Zunino", "pos": "C"}, "batting": {"fp": 67.25, "runs": "21", "single": 17, "double": "10", "triple": "1", "homers": "5", "rbi": "20", "sb": "0", "bb": "13", "ks": "66"}}, {"info": {"full": "Mike Zunino", "pos": "C"}, "batting": {"fp": 67.25, "runs": "21", "single": 17, "double": "10", "triple": "1", "homers": "5", "rbi": "20", "sb": "0", "bb": "13", "ks": "66"}}, {"info": {"full": "Mike Zunino", "pos": "C"}, "batting": {"fp": 67.25, "runs": "21", "single": 17, "double": "10", "triple": "1", "homers": "5", "rbi": "20", "sb": "0", "bb": "13", "ks": "66"}}, {"info": {"full": "Mike Zunino", "pos": "C"}, "batting": {"fp": 67.25, "runs": "21", "single": 17, "double": "10", "triple": "1", "homers": "5", "rbi": "20", "sb": "0", "bb": "13", "ks": "66"}}, {"info": {"full": "Mike Zunino", "pos": "C"}, "batting": {"fp": 67.25, "runs": "21", "single": 17, "double": "10", "triple": "1", "homers": "5", "rbi": "20", "sb": "0", "bb": "13", "ks": "66"}}, {"info": {"full": "Mike Zunino", "pos": "C"}, "batting": {"fp": 67.25, "runs": "21", "single": 17, "double": "10", "triple": "1", "homers": "5", "rbi": "20", "sb": "0", "bb": "13", "ks": "66"}}, {"info": {"full": "Mike Zunino", "pos": "C"}, "batting": {"fp": 67.25, "runs": "21", "single": 17, "double": "10", "triple": "1", "homers": "5", "rbi": "20", "sb": "0", "bb": "13", "ks": "66"}}, {"info": {"full": "Mike Zunino", "pos": "C"}, "batting": {"fp": 67.25, "runs": "21", "single": 17, "double": "10", "triple": "1", "homers": "5", "rbi": "20", "sb": "0", "bb": "13", "ks": "66"}}, {"info": {"full": "Mike Zunino", "pos": "C"}, "batting": {"fp": 67.25, "runs": "21", "single": 17, "double": "10", "triple": "1", "homers": "5", "rbi": "20", "sb": "0", "bb": "13", "ks": "66"}}, {"info": {"full": "Mike Zunino", "pos": "C"}, "batting": {"fp": 67.25, "runs": "21", "single": 17, "double": "10", "triple": "1", "homers": "5", "rbi": "20", "sb": "0", "bb": "13", "ks": "66"}}, {"info": {"full": "Mike Zunino", "pos": "C"}, "batting": {"fp": 67.25, "runs": "21", "single": 17, "double": "10", "triple": "1", "homers": "5", "rbi": "20", "sb": "0", "bb": "13", "ks": "66"}}, {"info": {"full": "Mike Zunino", "pos": "C"}, "batting": {"fp": 67.25, "runs": "21", "single": 17, "double": "10", "triple": "1", "homers": "5", "rbi": "20", "sb": "0", "bb": "13", "ks": "66"}}, {"info": {"full": "Mike Zunino", "pos": "C"}, "batting": {"fp": 67.25, "runs": "21", "single": 17, "double": "10", "triple": "1", "homers": "5", "rbi": "20", "sb": "0", "bb": "13", "ks": "66"}}, {"info": {"full": "Mike Zunino", "pos": "C"}, "batting": {"fp": 67.25, "runs": "21", "single": 17, "double": "10", "triple": "1", "homers": "5", "rbi": "20", "sb": "0", "bb": "13", "ks": "66"}}, {"info": {"full": "Mike Zunino", "pos": "C"}, "batting": {"fp": 67.25, "runs": "21", "single": 17, "double": "10", "triple": "1", "homers": "5", "rbi": "20", "sb": "0", "bb": "13", "ks": "66"}}, {"info": {"full": "Mike Zunino", "pos": "C"}, "batting": {"fp": 67.25, "runs": "21", "single": 17, "double": "10", "triple": "1", "homers": "5", "rbi": "20", "sb": "0", "bb": "13", "ks": "66"}}, {"info": {"full": "Mike Zunino", "pos": "C"}, "batting": {"fp": 67.25, "runs": "21", "single": 17, "double": "10", "triple": "1", "homers": "5", "rbi": "20", "sb": "0", "bb": "13", "ks": "66"}}, {"info": {"full": "Mike Zunino", "pos": "C"}, "batting": {"fp": 67.25, "runs": "21", "single": 17, "double": "10", "triple": "1", "homers": "5", "rbi": "20", "sb": "0", "bb": "13", "ks": "66"}}, {"info": {"full": "Mike Zunino", "pos": "C"}, "batting": {"fp": 67.25, "runs": "21", "single": 17, "double": "10", "triple": "1", "homers": "5", "rbi": "20", "sb": "0", "bb": "13", "ks": "66"}}, {"info": {"full": "Mike Zunino", "pos": "C"}, "batting": {"fp": 67.25, "runs": "21", "single": 17, "double": "10", "triple": "1", "homers": "5", "rbi": "20", "sb": "0", "bb": "13", "ks": "66"}}, {"info": {"full": "Mike Zunino", "pos": "C"}, "batting": {"fp": 67.25, "runs": "21", "single": 17, "double": "10", "triple": "1", "homers": "5", "rbi": "20", "sb": "0", "bb": "13", "ks": "66"}}, {"info": {"full": "Mike Zunino", "pos": "C"}, "batting": {"fp": 67.25, "runs": "21", "single": 17, "double": "10", "triple": "1", "homers": "5", "rbi": "20", "sb": "0", "bb": "13", "ks": "66"}}, {"info": {"full": "Mike Zunino", "pos": "C"}, "batting": {"fp": 67.25, "runs": "21", "single": 17, "double": "10", "triple": "1", "homers": "5", "rbi": "20", "sb": "0", "bb": "13", "ks": "66"}}, {"info": {"full": "Mike Zunino", "pos": "C"}, "batting": {"fp": 67.25, "runs": "21", "single": 17, "double": "10", "triple": "1", "homers": "5", "rbi": "20", "sb": "0", "bb": "13", "ks": "66"}}, {"info": {"full": "Mike Zunino", "pos": "C"}, "batting": {"fp": 67.25, "runs": "21", "single": 17, "double": "10", "triple": "1", "homers": "5", "rbi": "20", "sb": "0", "bb": "13", "ks": "66"}}, {"info": {"full": "Mike Zunino", "pos": "C"}, "batting": {"fp": 67.25, "runs": "21", "single": 17, "double": "10", "triple": "1", "homers": "5", "rbi": "20", "sb": "0", "bb": "13", "ks": "66"}}, {"info": {"full": "Mike Zunino", "pos": "C"}, "batting": {"fp": 67.25, "runs": "21", "single": 17, "double": "10", "triple": "1", "homers": "5", "rbi": "20", "sb": "0", "bb": "13", "ks": "66"}}, {"info": {"full": "Mike Zunino", "pos": "C"}, "batting": {"fp": 67.25, "runs": "21", "single": 17, "double": "10", "triple": "1", "homers": "5", "rbi": "20", "sb": "0", "bb": "13", "ks": "66"}}, {"info": {"full": "Mike Zunino", "pos": "C"}, "batting": {"fp": 67.25, "runs": "21", "single": 17, "double": "10", "triple": "1", "homers": "5", "rbi": "20", "sb": "0", "bb": "13", "ks": "66"}}, {"info": {"full": "Mike Zunino", "pos": "C"}, "batting": {"fp": 67.25, "runs": "21", "single": 17, "double": "10", "triple": "1", "homers": "5", "rbi": "20", "sb": "0", "bb": "13", "ks": "66"}}, {"info": {"full": "Mike Zunino", "pos": "C"}, "batting": {"fp": 67.25, "runs": "21", "single": 17, "double": "10", "triple": "1", "homers": "5", "rbi": "20", "sb": "0", "bb": "13", "ks": "66"}}, {"info": {"full": "Mike Zunino", "pos": "C"}, "batting": {"fp": 67.25, "runs": "21", "single": 17, "double": "10", "triple": "1", "homers": "5", "rbi": "20", "sb": "0", "bb": "13", "ks": "66"}}, {"info": {"full": "Mike Zunino", "pos": "C"}, "batting": {"fp": 67.25, "runs": "21", "single": 17, "double": "10", "triple": "1", "homers": "5", "rbi": "20", "sb": "0", "bb": "13", "ks": "66"}}, {"info": {"full": "Mike Zunino", "pos": "C"}, "batting": {"fp": 67.25, "runs": "21", "single": 17, "double": "10", "triple": "1", "homers": "5", "rbi": "20", "sb": "0", "bb": "13", "ks": "66"}}, {"info": {"full": "Mike Zunino", "pos": "C"}, "batting": {"fp": 67.25, "runs": "21", "single": 17, "double": "10", "triple": "1", "homers": "5", "rbi": "20", "sb": "0", "bb": "13", "ks": "66"}}, {"info": {"full": "Mike Zunino", "pos": "C"}, "batting": {"fp": 67.25, "runs": "21", "single": 17, "double": "10", "triple": "1", "homers": "5", "rbi": "20", "sb": "0", "bb": "13", "ks": "66"}}, {"info": {"full": "Mike Zunino", "pos": "C"}, "batting": {"fp": 67.25, "runs": "21", "single": 17, "double": "10", "triple": "1", "homers": "5", "rbi": "20", "sb": "0", "bb": "13", "ks": "66"}}, {"info": {"full": "Mike Zunino", "pos": "C"}, "batting": {"fp": 67.25, "runs": "21", "single": 17, "double": "10", "triple": "1", "homers": "5", "rbi": "20", "sb": "0", "bb": "13", "ks": "66"}}, {"info": {"full": "Mike Zunino", "pos": "C"}, "batting": {"fp": 67.25, "runs": "21", "single": 17, "double": "10", "triple": "1", "homers": "5", "rbi": "20", "sb": "0", "bb": "13", "ks": "66"}}, {"info": {"full": "Mike Zunino", "pos": "C"}, "batting": {"fp": 67.25, "runs": "21", "single": 17, "double": "10", "triple": "1", "homers": "5", "rbi": "20", "sb": "0", "bb": "13", "ks": "66"}}, {"info": {"full": "Mike Zunino", "pos": "C"}, "batting": {"fp": 67.25, "runs": "21", "single": 17, "double": "10", "triple": "1", "homers": "5", "rbi": "20", "sb": "0", "bb": "13", "ks": "66"}}, {"info": {"full": "Mike Zunino", "pos": "C"}, "batting": {"fp": 67.25, "runs": "21", "single": 17, "double": "10", "triple": "1", "homers": "5", "rbi": "20", "sb": "0", "bb": "13", "ks": "66"}}, {"info": {"full": "Mike Zunino", "pos": "C"}, "batting": {"fp": 67.25, "runs": "21", "single": 17, "double": "10", "triple": "1", "homers": "5", "rbi": "20", "sb": "0", "bb": "13", "ks": "66"}}, {"info": {"full": "Mike Zunino", "pos": "C"}, "batting": {"fp": 67.25, "runs": "21", "single": 17, "double": "10", "triple": "1", "homers": "5", "rbi": "20", "sb": "0", "bb": "13", "ks": "66"}}, {"info": {"full": "Mike Zunino", "pos": "C"}, "batting": {"fp": 67.25, "runs": "21", "single": 17, "double": "10", "triple": "1", "homers": "5", "rbi": "20", "sb": "0", "bb": "13", "ks": "66"}}, {"info": {"full": "Mike Zunino", "pos": "C"}, "batting": {"fp": 67.25, "runs": "21", "single": 17, "double": "10", "triple": "1", "homers": "5", "rbi": "20", "sb": "0", "bb": "13", "ks": "66"}}, {"info": {"full": "Mike Zunino", "pos": "C"}, "batting": {"fp": 67.25, "runs": "21", "single": 17, "double": "10", "triple": "1", "homers": "5", "rbi": "20", "sb": "0", "bb": "13", "ks": "66"}}, {"info": {"full": "Mike Zunino", "pos": "C"}, "batting": {"fp": 67.25, "runs": "21", "single": 17, "double": "10", "triple": "1", "homers": "5", "rbi": "20", "sb": "0", "bb": "13", "ks": "66"}}, {"info": {"full": "Mike Zunino", "pos": "C"}, "batting": {"fp": 67.25, "runs": "21", "single": 17, "double": "10", "triple": "1", "homers": "5", "rbi": "20", "sb": "0", "bb": "13", "ks": "66"}}, {"info": {"full": "Mike Zunino", "pos": "C"}, "batting": {"fp": 67.25, "runs": "21", "single": 17, "double": "10", "triple": "1", "homers": "5", "rbi": "20", "sb": "0", "bb": "13", "ks": "66"}}, {"info": {"full": "Mike Zunino", "pos": "C"}, "batting": {"fp": 67.25, "runs": "21", "single": 17, "double": "10", "triple": "1", "homers": "5", "rbi": "20", "sb": "0", "bb": "13", "ks": "66"}}, {"info": {"full": "Mike Zunino", "pos": "C"}, "batting": {"fp": 67.25, "runs": "21", "single": 17, "double": "10", "triple": "1", "homers": "5", "rbi": "20", "sb": "0", "bb": "13", "ks": "66"}}, {"info": {"full": "Mike Zunino", "pos": "C"}, "batting": {"fp": 67.25, "runs": "21", "single": 17, "double": "10", "triple": "1", "homers": "5", "rbi": "20", "sb": "0", "bb": "13", "ks": "66"}}, {"info": {"full": "Mike Zunino", "pos": "C"}, "batting": {"fp": 67.25, "runs": "21", "single": 17, "double": "10", "triple": "1", "homers": "5", "rbi": "20", "sb": "0", "bb": "13", "ks": "66"}}, {"info": {"full": "Mike Zunino", "pos": "C"}, "batting": {"fp": 67.25, "runs": "21", "single": 17, "double": "10", "triple": "1", "homers": "5", "rbi": "20", "sb": "0", "bb": "13", "ks": "66"}}, {"info": {"full": "Mike Zunino", "pos": "C"}, "batting": {"fp": 67.25, "runs": "21", "single": 17, "double": "10", "triple": "1", "homers": "5", "rbi": "20", "sb": "0", "bb": "13", "ks": "66"}}, {"info": {"full": "Mike Zunino", "pos": "C"}, "batting": {"fp": 67.25, "runs": "21", "single": 17, "double": "10", "triple": "1", "homers": "5", "rbi": "20", "sb": "0", "bb": "13", "ks": "66"}}, {"info": {"full": "Mike Zunino", "pos": "C"}, "batting": {"fp": 67.25, "runs": "21", "single": 17, "double": "10", "triple": "1", "homers": "5", "rbi": "20", "sb": "0", "bb": "13", "ks": "66"}}, {"info": {"full": "Mike Zunino", "pos": "C"}, "batting": {"fp": 67.25, "runs": "21", "single": 17, "double": "10", "triple": "1", "homers": "5", "rbi": "20", "sb": "0", "bb": "13", "ks": "66"}}, {"info": {"full": "Mike Zunino", "pos": "C"}, "batting": {"fp": 67.25, "runs": "21", "single": 17, "double": "10", "triple": "1", "homers": "5", "rbi": "20", "sb": "0", "bb": "13", "ks": "66"}}, {"info": {"full": "Mike Zunino", "pos": "C"}, "batting": {"fp": 67.25, "runs": "21", "single": 17, "double": "10", "triple": "1", "homers": "5", "rbi": "20", "sb": "0", "bb": "13", "ks": "66"}}, {"info": {"full": "Mike Zunino", "pos": "C"}, "batting": {"fp": 67.25, "runs": "21", "single": 17, "double": "10", "triple": "1", "homers": "5", "rbi": "20", "sb": "0", "bb": "13", "ks": "66"}}, {"info": {"full": "Mike Zunino", "pos": "C"}, "batting": {"fp": 67.25, "runs": "21", "single": 17, "double": "10", "triple": "1", "homers": "5", "rbi": "20", "sb": "0", "bb": "13", "ks": "66"}}, {"info": {"full": "Mike Zunino", "pos": "C"}, "batting": {"fp": 67.25, "runs": "21", "single": 17, "double": "10", "triple": "1", "homers": "5", "rbi": "20", "sb": "0", "bb": "13", "ks": "66"}}, {"info": {"full": "Mike Zunino", "pos": "C"}, "batting": {"fp": 67.25, "runs": "21", "single": 17, "double": "10", "triple": "1", "homers": "5", "rbi": "20", "sb": "0", "bb": "13", "ks": "66"}}, {"info": {"full": "Mike Zunino", "pos": "C"}, "batting": {"fp": 67.25, "runs": "21", "single": 17, "double": "10", "triple": "1", "homers": "5", "rbi": "20", "sb": "0", "bb": "13", "ks": "66"}}, {"info": {"full": "Mike Zunino", "pos": "C"}, "batting": {"fp": 67.25, "runs": "21", "single": 17, "double": "10", "triple": "1", "homers": "5", "rbi": "20", "sb": "0", "bb": "13", "ks": "66"}}, {"info": {"full": "Mike Zunino", "pos": "C"}, "batting": {"fp": 67.25, "runs": "21", "single": 17, "double": "10", "triple": "1", "homers": "5", "rbi": "20", "sb": "0", "bb": "13", "ks": "66"}}, {"info": {"full": "Mike Zunino", "pos": "C"}, "batting": {"fp": 67.25, "runs": "21", "single": 17, "double": "10", "triple": "1", "homers": "5", "rbi": "20", "sb": "0", "bb": "13", "ks": "66"}}, {"info": {"full": "Mike Zunino", "pos": "C"}, "batting": {"fp": 67.25, "runs": "21", "single": 17, "double": "10", "triple": "1", "homers": "5", "rbi": "20", "sb": "0", "bb": "13", "ks": "66"}}, {"info": {"full": "Mike Zunino", "pos": "C"}, "batting": {"fp": 67.25, "runs": "21", "single": 17, "double": "10", "triple": "1", "homers": "5", "rbi": "20", "sb": "0", "bb": "13", "ks": "66"}}, {"info": {"full": "Mike Zunino", "pos": "C"}, "batting": {"fp": 67.25, "runs": "21", "single": 17, "double": "10", "triple": "1", "homers": "5", "rbi": "20", "sb": "0", "bb": "13", "ks": "66"}}, {"info": {"full": "Mike Zunino", "pos": "C"}, "batting": {"fp": 67.25, "runs": "21", "single": 17, "double": "10", "triple": "1", "homers": "5", "rbi": "20", "sb": "0", "bb": "13", "ks": "66"}}, {"info": {"full": "Mike Zunino", "pos": "C"}, "batting": {"fp": 67.25, "runs": "21", "single": 17, "double": "10", "triple": "1", "homers": "5", "rbi": "20", "sb": "0", "bb": "13", "ks": "66"}}, {"info": {"full": "Mike Zunino", "pos": "C"}, "batting": {"fp": 67.25, "runs": "21", "single": 17, "double": "10", "triple": "1", "homers": "5", "rbi": "20", "sb": "0", "bb": "13", "ks": "66"}}, {"info": {"full": "Mike Zunino", "pos": "C"}, "batting": {"fp": 67.25, "runs": "21", "single": 17, "double": "10", "triple": "1", "homers": "5", "rbi": "20", "sb": "0", "bb": "13", "ks": "66"}}, {"info": {"full": "Mike Zunino", "pos": "C"}, "batting": {"fp": 67.25, "runs": "21", "single": 17, "double": "10", "triple": "1", "homers": "5", "rbi": "20", "sb": "0", "bb": "13", "ks": "66"}}, {"info": {"full": "Mike Zunino", "pos": "C"}, "batting": {"fp": 67.25, "runs": "21", "single": 17, "double": "10", "triple": "1", "homers": "5", "rbi": "20", "sb": "0", "bb": "13", "ks": "66"}}, {"info": {"full": "Mike Zunino", "pos": "C"}, "batting": {"fp": 67.25, "runs": "21", "single": 17, "double": "10", "triple": "1", "homers": "5", "rbi": "20", "sb": "0", "bb": "13", "ks": "66"}}, {"info": {"full": "Mike Zunino", "pos": "C"}, "batting": {"fp": 67.25, "runs": "21", "single": 17, "double": "10", "triple": "1", "homers": "5", "rbi": "20", "sb": "0", "bb": "13", "ks": "66"}}, {"info": {"full": "Mike Zunino", "pos": "C"}, "batting": {"fp": 67.25, "runs": "21", "single": 17, "double": "10", "triple": "1", "homers": "5", "rbi": "20", "sb": "0", "bb": "13", "ks": "66"}}, {"info": {"full": "Mike Zunino", "pos": "C"}, "batting": {"fp": 67.25, "runs": "21", "single": 17, "double": "10", "triple": "1", "homers": "5", "rbi": "20", "sb": "0", "bb": "13", "ks": "66"}}, {"info": {"full": "Mike Zunino", "pos": "C"}, "batting": {"fp": 67.25, "runs": "21", "single": 17, "double": "10", "triple": "1", "homers": "5", "rbi": "20", "sb": "0", "bb": "13", "ks": "66"}}, {"info": {"full": "Mike Zunino", "pos": "C"}, "batting": {"fp": 67.25, "runs": "21", "single": 17, "double": "10", "triple": "1", "homers": "5", "rbi": "20", "sb": "0", "bb": "13", "ks": "66"}}, {"info": {"full": "Mike Zunino", "pos": "C"}, "batting": {"fp": 67.25, "runs": "21", "single": 17, "double": "10", "triple": "1", "homers": "5", "rbi": "20", "sb": "0", "bb": "13", "ks": "66"}}, {"info": {"full": "Mike Zunino", "pos": "C"}, "batting": {"fp": 67.25, "runs": "21", "single": 17, "double": "10", "triple": "1", "homers": "5", "rbi": "20", "sb": "0", "bb": "13", "ks": "66"}}, {"info": {"full": "Mike Zunino", "pos": "C"}, "batting": {"fp": 67.25, "runs": "21", "single": 17, "double": "10", "triple": "1", "homers": "5", "rbi": "20", "sb": "0", "bb": "13", "ks": "66"}}, {"info": {"full": "Mike Zunino", "pos": "C"}, "batting": {"fp": 67.25, "runs": "21", "single": 17, "double": "10", "triple": "1", "homers": "5", "rbi": "20", "sb": "0", "bb": "13", "ks": "66"}}, {"info": {"full": "Mike Zunino", "pos": "C"}, "batting": {"fp": 67.25, "runs": "21", "single": 17, "double": "10", "triple": "1", "homers": "5", "rbi": "20", "sb": "0", "bb": "13", "ks": "66"}}, {"info": {"full": "Mike Zunino", "pos": "C"}, "batting": {"fp": 67.25, "runs": "21", "single": 17, "double": "10", "triple": "1", "homers": "5", "rbi": "20", "sb": "0", "bb": "13", "ks": "66"}}, {"info": {"full": "Mike Zunino", "pos": "C"}, "batting": {"fp": 67.25, "runs": "21", "single": 17, "double": "10", "triple": "1", "homers": "5", "rbi": "20", "sb": "0", "bb": "13", "ks": "66"}}, {"info": {"full": "Mike Zunino", "pos": "C"}, "batting": {"fp": 67.25, "runs": "21", "single": 17, "double": "10", "triple": "1", "homers": "5", "rbi": "20", "sb": "0", "bb": "13", "ks": "66"}}, {"info": {"full": "Mike Zunino", "pos": "C"}, "batting": {"fp": 67.25, "runs": "21", "single": 17, "double": "10", "triple": "1", "homers": "5", "rbi": "20", "sb": "0", "bb": "13", "ks": "66"}}, {"info": {"full": "Mike Zunino", "pos": "C"}, "batting": {"fp": 67.25, "runs": "21", "single": 17, "double": "10", "triple": "1", "homers": "5", "rbi": "20", "sb": "0", "bb": "13", "ks": "66"}}, {"info": {"full": "Mike Zunino", "pos": "C"}, "batting": {"fp": 67.25, "runs": "21", "single": 17, "double": "10", "triple": "1", "homers": "5", "rbi": "20", "sb": "0", "bb": "13", "ks": "66"}}, {"info": {"full": "Mike Zunino", "pos": "C"}, "batting": {"fp": 67.25, "runs": "21", "single": 17, "double": "10", "triple": "1", "homers": "5", "rbi": "20", "sb": "0", "bb": "13", "ks": "66"}}, {"info": {"full": "Mike Zunino", "pos": "C"}, "batting": {"fp": 67.25, "runs": "21", "single": 17, "double": "10", "triple": "1", "homers": "5", "rbi": "20", "sb": "0", "bb": "13", "ks": "66"}}, {"info": {"full": "Mike Zunino", "pos": "C"}, "batting": {"fp": 67.25, "runs": "21", "single": 17, "double": "10", "triple": "1", "homers": "5", "rbi": "20", "sb": "0", "bb": "13", "ks": "66"}}]