Ichiro Suzuki,OF
Albert Pujols,1B
Brandon Phillips,Util
Adrian Gonzalez,1B
Jose Reyes,2B
Miguel Cabrera,1B
Jose Bautista,3B
Jeff Mathis,C
Matt Holliday,OF
Andres Blanco,2B
Ryan Raburn,OF
Curtis Granderson,OF
Rene Rivera,C
Kendrys Morales,1B
Hanley Ramirez,1B
Ian Kinsler,2B
Robinson Cano,1B
Brian McCann,C
Melky Cabrera,OF
Ryan Zimmerman,1B
Russell Martin,C
Dustin Pedroia,2B
Martin Prado,1B
Chris Young,OF
Matt Kemp,OF
Adam Jones,OF
Ben Zobrist,2B
Rajai Davis,OF
Chris Iannetta,C
Troy Tulowitzki,SS
Chris Stewart,C
Adam Lind,1B
Jacoby Ellsbury,OF
Evan Longoria,3B
Carlos Gonzalez,OF
Gregor Blanco,OF
Jarrod Saltalamacchia,C
Asdrubal Cabrera,2B
Andrew McCutchen,OF
Alejandro De Aza,OF
Carlos Gomez,OF
Mark Reynolds,1B
Chase Headley,3B
Brandon Moss,1B
Emilio Bonifacio,2B
Steve Pearce,1B
Ryan Hanigan,C
Jed Lowrie,2B
Denard Span,OF
Sean Rodriguez,2B
Bobby Wilson,C
Matt Joyce,OF
Gregorio Petit,2B
Chris Davis,1B
Nick Hundley,C
Travis Snider,OF
Adam Rosales,Util
Cliff Pennington,3B
Pablo Sandoval,1B
Wilkin Castillo,C
Alcides Escobar,3B
Dexter Fowler,OF
A.J. Ellis,C
Francisco Cervelli,C
Matt Wieters,C
Eric Young Jr.,OF
David Freese,1B
Austin Jackson,OF
Gordon Beckham,2B
Shane Robinson,OF
Chris Coghlan,3B
Gerardo Parra,1B
Jose Lobaton,C
Michael Saunders,OF
Josh Reddick,OF
Alex Avila,C
Neil Walker,1B
Tyler Flowers,C
Craig Gentry,OF
Chris Johnson,1B
Ian Desmond,1B
Adam Moore,C
Starlin Castro,2B
Chris Heisey,OF
Jason Heyward,OF
Brandon Snyder,3B
Zack Cozart,2B
Todd Frazier,3B
Logan Morrison,1B
Chris Carter,1B
Pedro Alvarez,3B
Yonder Alonso,1B
Danny Valencia,3B
Ruben Tejada,3B
Ezequiel Carrera,OF
Ben Revere,OF
Tim Beckham,2B
Drew Butera,C
Jon Jay,OF
Trevor Plouffe,Util
Daniel Nava,OF
Chad Huffman,OF
Erik Kratz,C
Peter Bourjos,OF
Welington Castillo,C
Darwin Barney,2B
Eduardo Nunez,2B
Brandon Belt,1B
Lucas Duda,1B
Jarrod Dyson,OF
Alex Presley,OF
Mark Trumbo,OF
Daniel Descalso,1B
Andrew Romine,1B
Jose Iglesias,SS
Devin Mesoraco,C
Lonnie Chisenhall,OF
Jason Kipnis,2B
Wil Myers,3B
Grant Green,2B
Derek Norris,C
Michael Martinez,2B
Alexi Amarista,SS
Logan Forsythe,1B
Leonys Martin,OF
Brandon Guyer,OF
Eric Thames,1B
Pete Kozma,3B
Tony Cruz,C
Brandon Crawford,SS
Josh Harrison,2B
Hector Sanchez,C
Chase d'Arnaud,2B
Kyle Seager,3B
Manny Pina,C
JB Shuck,OF
Salvador Perez,C
Ryan Lavarnway,C
Anthony Recker,C
Steve Lombardozzi,2B
Martin Maldonado,C
Pedro Florimon,SS
Tim Federowicz,C
Austin Romine,C
Matt Adams,1B
Cory Spangenberg,2B
Kolten Wong,2B
Jonathan Schoop,2B
Jedd Gyorko,2B
Jurickson Profar,1B
Billy Hamilton,OF
Nick Franklin,2B
Bubba Starling,OF
Yoenis Cespedes,OF
Andrew Susac,C
Freddy Galvis,2B
Ryan Flaherty,3B
Kirk Nieuwenhuis,OF
Brian Dozier,2B
Scott Van Slyke,1B
Sandy Leon,C
Charlie Culberson,2B
Yan Gomes,C
Gorkys Hernandez,OF
Donovan Solano,2B
Jhonatan Solano,C
Jordy Mercer,SS
Andrelton Simmons,SS
Bryan Holaday,C
Kristopher Negron,OF
Hernan Perez,2B
Josh Rutledge,2B
Moises Sierra,OF
Adeiny Hechavarria,2B
Brandon Barnes,OF
Rob Brantly,C
Jake Elmore,3B
Avisail Garcia,OF
Brock Holt,2B
Chris Herrmann,C
Rafael Ortega,OF
Mike Zunino,C
Kaleb Cowart,2B
Austin Hedges,C
Matt Davidson,1B
Jackie Bradley Jr.,OF
Jake Marisnick,OF
Leury Garcia,SS
Ender Inciarte,OF
Evan Gattis,Util
Shane Peterson,OF
Juan Lagares,OF
Robbie Grossman,OF
Corban Joseph,Util
Derek Dietrich,1B
Tony Sanchez,C
Jesus Sucre,C
Jaff Decker,OF
Corey Dickerson,OF
Brad Miller,1B
Josh Phegley,C
Cody Asche,3B
Tuffy Gosewisch,C
Wilmer Flores,1B
Kevin Pillar,OF
Phil Gosselin,Util
Max Stassi,C
Ryan Goins,2B
Rey Fuentes,OF
Matt den Dekker,OF
Abraham Almonte,OF
John Ryan Murphy,C
Jim Adduci,1B
Cameron Rupp,C
Ehire Adrianza,1B
Chris Owings,2B
Juan Centeno,C
Wilfredo Tovar,SS
Kevin Kiermaier,OF
Blake Swihart,C
Albert Almora Jr.,OF
Arismendy Alcantara,2B
Micah Johnson,2B
Jesse Winker,OF
Phillip Ervin,OF
Clint Frazier,OF
Rosell Herrera,2B
Tom Murphy,C
Devon Travis,2B
Delino DeShields,OF
Rio Ruiz,1B
Colin Moran,2B
Cesar Puello,OF
Dominic Smith,1B
Kevin Plawecki,C
Greg Bird,1B
Mason Williams,OF
Tyler Austin,1B
Addison Russell,2B
Maikel Franco,3B
Alen Hanson,2B
Gregory Polanco,OF
Reese McGuire,C
Jace Peterson,2B
Rymer Liriano,OF
D.J. Peterson,3B
Ji-Man Choi,1B
Stephen Piscotty,OF
Jorge Alfaro,C
Nick Williams,OF
Brian Goodwin,OF
Tyler Collins,OF
Yangervis Solarte,2B
Tucker Barnhart,C
Steven Souza Jr.,OF
Luis Sardinas,2B
Daniel Robertson,OF
Greg Garcia,2B
Randal Grichuk,OF
Caleb Joseph,C
Jesus Aguilar,1B
Francisco Pena,C
Justin Bour,1B
Miguel Rojas,1B
Aaron Altherr,OF
Joe Panik,2B
Adam Duvall,1B
Nick Ahmed,SS
Christian Colon,2B
Kike Hernandez,1B
Jake Smolinski,OF
Yolmer Sanchez,2B
Curt Casali,C
Chris Taylor,2B
Billy Burns,OF
Cristhian Adames,2B
Matt Duffy,3B
Jarrett Parker,OF
Jake Lamb,1B
Michael A. Taylor,OF
Matt Szczur,OF
Rusney Castillo,OF
Tomas Telis,C
Dilson Herrera,2B
Ryan Rua,1B
Terrance Gore,OF
Lane Adams,OF
Shawn O'Malley,2B
Dalton Pompey,OF
Raffy Lopez,C
Jose Pirela,2B
Bryce Brentz,OF
Christian Walker,1B
Yasmany Tomas,OF
Rob Refsnyder,OF
Brandon Drury,2B
Jose Peraza,2B
Billy McKinney,OF
Bradley Zimmer,OF
Raimel Tapia,OF
Forrest Wall,2B
Jorge Bonifacio,OF
Orlando Arcia,SS
Nick Gordon,SS
Brandon Nimmo,OF
Daniel Robertson,2B
Jung Ho Kang,3B
Alex Jackson,C
Christian Arroyo,2B
Willy Adames,2B
Casey Gillaspie,1B
Mikie Mahtook,OF
Mark Canha,1B
Oscar Hernandez,C
Peter O'Brien,1B
Odubel Herrera,OF
Matt Reynolds,3B
Taylor Featherston,2B
Paulo Orlando,OF
Orlando Calixte,SS
Carlos Perez,C
Preston Tucker,OF
Travis Shaw,1B
Adonis Garcia,3B
Wilmer Difo,2B
Darrell Ceciliani,OF
Dixon Machado,2B
Hanser Alberto,2B
Scott Schebler,OF
Gio Urshela,3B
Franklin Barreto,2B
Daniel Castro,2B
Deven Marrero,3B
Dusty Coleman,3B
Cheslor Cuthbert,1B
Tyler Saladino,SS
Trayce Thompson,OF
Kelby Tomlinson,2B
Travis Jankowski,OF
Dustin Garneau,C
Darnell Sweeney,3B
Ryan LaMarre,OF
John Hicks,C
Luke Maile,C
Elias Diaz,C
Pedro Severino,C
Jett Bandy,C
Rocky Gale,C
Socrates Brito,OF
Steven Baron,C
Ronald Torreyes,2B
Trevor Brown,C
Mac Williamson,OF
Keon Broxton,OF
Michael Reed,OF
Yadiel Rivera,2B
Jack Reinheimer,Util
Gabriel Guerrero,OF
Mike Yastrzemski,OF
Tyler Naquin,OF
Erik Gonzalez,2B
JaCoby Jones,OF
Tony Kemp,2B
Roberto Baldoquin,SS
Gavin Cecchini,SS
Renato Nunez,1B
Chad Pinder,2B
Roman Quinn,OF
Willy Garcia,OF
Boog Powell,OF
Justin O'Conner,C
Patrick Kivlehan,OF
Dwight Smith Jr.,OF
Johan Camargo,3B
Sam Travis,1B
Wendell Rijo,2B
Mark Zagunis,OF
Trey Michalczewski,3B
Alex Blandino,2B
Ryan McMahon,1B
Jordan Patterson,OF
AJ Reed,1B
J.D. Davis,1B
Austin Dean,OF
Brian Anderson,3B
Brett Phillips,OF
Tyrone Taylor,OF
Eric Jagielo,3B
Tyler Wade,2B
Harold Ramirez,OF
Jose Rondon,2B
Charlie Tilson,OF
Andrew Velazquez,Util
Lewis Brinson,OF
Ryan Cordell,OF
Max Pentecost,C
Drew Ward,3B
Amed Rosario,SS
Javy Guerra,SS
Jorge Mateo,SS
Anthony Alford,OF
Tyler Goeddel,OF
Aledmys Diaz,1B
Joey Rickard,OF
Tony Wolters,C
Brett Nicholas,C
Marco Hernandez,2B
Kevan Smith,C
Ben Gamel,OF
Taylor Motter,Util
Steve Selsky,3B
Ty Kelly,Util
Brett Eibner,OF
Ryan Schimpf,OF
Jacob Stallings,C
Adam Frazier,2B
Jeimer Candelario,3B
Alberto Rosario,C
Andrew Toles,OF
Ryon Healy,1B
Mike Freeman,2B
Juan Graterol,C
Bruce Maxwell,C
Guillermo Heredia,OF
Max Moroff,2B
Tony Renda,2B
Rob Segedin,3B
T.J. Rivera,2B
Teoscar Hernandez,OF
Stephen Cardullo,1B
Joey Wendle,2B
Jose Martinez,1B
Pat Valaika,1B
Spencer Kieboom,C
Domingo Leyba,SS
Dawel Lugo,2B
Anfernee Grier,OF
Travis Demeritte,2B
Kevin Maitan,SS
Jomar Reyes,3B
Michael Chavis,1B
Josh Ockimey,1B
Donnie Dewees,OF
D.J. Wilson,OF
Luis Basabe,OF
Zack Collins,C
Nick Senzel,3B
Alfredo Rodriguez,SS
Tyler Stephenson,C
Francisco Mejia,C
Yu Chang,SS
Greg Allen,OF
Bobby Bradley,1B
Nolan Jones,3B
Christin Stewart,OF
Mike Gerber,OF
Jose Azocar,OF
Derek Fisher,OF
Garrett Stubbs,C
Daz Cameron,OF
Miguelangel Sierra,SS
Jonathan Arauz,2B
Ryan O'Hearn,1B
Elier Hernandez,OF
Chase Vallot,C
Taylor Ward,3B
Matt Thaiss,1B
Jahmai Jones,OF
Brandon Marsh,OF
Nonie Williams,SS
Willie Calhoun,OF
Stone Garrett,OF
Thomas Jones,OF
JT Riddle,SS
Corey Ray,OF
Jacob Nottingham,C
Trent Clark,OF
Isan Diaz,SS
Mauricio Dubon,SS
Gilbert Lara,SS
Daniel Palka,OF
Travis Blankenhorn,2B
Ben Rortvedt,C
Desmond Lindsay,OF
Wuilmer Becerra,OF
Luis Carpio,2B
Blake Rutherford,OF
Miguel Andujar,3B
Max Schrock,2B
Richie Martin,SS
Yairo Munoz,2B
Lazaro Armenteros,OF
Andrew Knapp,C
Mickey Moniak,OF
Scott Kingery,3B
Cornelius Randolph,OF
Dylan Cozens,OF
Kevin Newman,2B
Ke'Bryan Hayes,3B
Cole Tucker,SS
Will Craig,3B
Ruddy Giron,SS
Josh Naylor,1B
Aramis Garcia,C
Chris Shaw,OF
Steven Duggar,OF
Kyle Lewis,OF
Drew Jackson,SS
Joe Rizzo,3B
Harrison Bader,OF
Magneuris Sierra,OF
Edmundo Sosa,2B
Delvin Perez,SS
Nick Plummer,OF
Jake Bauers,1B
Josh Lowe,3B
Lucius Fox,SS
Garrett Whitley,OF
Andy Ibanez,2B
Leody Taveras,OF
Ronald Guzman,1B
Eric Jenkins,OF
Richard Urena,2B
Rowdy Tellez,1B
Sheldon Neuse,3B
Andrew Stevenson,OF
Nick Banks,OF
Jake Gatewood,3B
Eddy Martinez,OF
Starling Heredia,OF
Jhailyn Ortiz,OF
Carlos Vargas,SS
Hudson Sanchez,SS
Dylan Carlson,OF
Luis Almanzar,SS
