{
    "access_token": "e9myznuaolnZercW9F1SIBOUE59yRBAJzawkdsIolsbSygoX7gxlw8zJoTdLX7QC6o1n42Qx8kKpdd0JVhuZJ1VcsA5JSZ.nY7J2y.FXMOdWNCo37EQgEAO8VHeiGZka3XfPncRj1Eh21No9R7HFWQmzz2IH_p6ybcWbE5jTqT3y2r_0EQQqCe.8hJ3EW.pu1KglK3ohxpKtQoDS_ymhZAr8wjTTnd.pz55zw2.66mEki3f4ugWUALmNvNVq0vi2hdYY_Wwqfl8h.zPsADuYNnOM7RpZ62djlHkxd4J7hCX8Q0uZShjH2u6hTGxSk4nn9DDbF0lU23Vo.440WhorxN8n6uYemn8MGuTN.W.KFNiqJdnj5ounanH7y.WcDWIUOYeCTgZaZzNWRcPSg1eMsoKVcgO_uqcIWd0HWqQ8mTofCEGEKYNnludBQbf4yRLTN27yfSrVoGca8WEAgb8XGTgSqnTG1lNZ74PBAzu8ychIOcey0aX2vmTyh1Qtcpn5x4V8xuFpVKGxWxvuyk00w4Fag8okHm0uwkO9nmj4sv28UxcfJnpDwgwdURNS.lhstbVuMh8CCkqrW2USn5H7.hu3AniE9KgiSnM3KJGbkGBOI9yAhFNqu2gq7sWeLgUo4js81gKj0Huj8.l06WvwZhjD8bg9kSi7crtDcATojWUwNoBLfU0lENDzC8hp3G7ktoWEInZ_7WgTVXo3959c35RUeqfRa9DOTIQ3NbQexciRLmQlI2cwtMmSP0F.GlL6363c3wg3Zfmyfw.Q1I0z9LBLBDmlEMddrHMxpYdfP4L9YdwzO0mLWJkrzPs7sKAPK6s1Ep.eZca5HPUGHd2EdhHyGyXZujs0EoNdLvgz1Yen6KOKJ1ANyP3j9hWbifV77._zBndrtMcZe_rPFRgIN.bCj5ax.Lr8k1LeDDAnBTM6Ru_mtI8SI9o88oGuNLf.a655MgY92wSOiXaF643LxXsKd2YVz_TQTON_4VvAM0j9XVoietfUB_SXFUiIen7bJnwJGNMfLlkZMjjBxe2KE4eUgTEnrz9AfyuanwWK6alNmiMRGt0hP8HaVOUxvr3f49WTZOKbX7CsWrWsVUcNyA--",
    "consumer_key": "dj0yJmk9UFI5OTNUVG85NWtQJmQ9WVdrOWVGSlRTbUYxTlRJbWNHbzlNQS0tJnM9Y29uc3VtZXJzZWNyZXQmc3Y9MCZ4PTdj",
    "consumer_secret": "c13232b8df33266a7f7b0983c7f4c72100cde806",
    "guid": "6KYOSOSDH6T54LOWSHNKI25S3Q",
    "refresh_token": "AKQ5JV3rzIUtC1vfTb.eZmdpOFQvUg0oYsynzvlhj9bszktNyQ--",
    "token_time": 1564016530.0408,
    "token_type": "bearer"
}