{"fantasy_content": {"xml:lang": "en-US", "yahoo:uri": "/fantasy/v2/team/242.l.155338.t.2/roster;week=7", "team": [[{"team_key": "242.l.155338.t.2"}, {"team_id": "2"}, {"name": "Fleshlight"}, [], {"url": "https://football.fantasysports.yahoo.com/archive/nfl/2010/155338/2"}, {"team_logos": [{"team_logo": {"size": "large", "url": "https://s.yimg.com/dh/ap/fantasy/img/profile_96.png"}}]}, [], {"waiver_priority": 12}, [], {"number_of_moves": "39"}, {"number_of_trades": "2"}, {"roster_adds": {"coverage_type": "week", "coverage_value": "17", "value": "2"}}, {"clinched_playoffs": 1}, {"league_scoring_type": "head"}, [], {"draft_position": 11}, {"has_draft_grade": 0}, [], [], {"managers": [{"manager": {"manager_id": "5", "nickname": "Dom", "guid": "27NK5PUMJG7Z3A7QY2MSYUKOW4", "image_url": "https://ct.yimg.com/cy/4544/37879821610_455a4e_64sq.jpg"}}]}], {"roster": {"coverage_type": "week", "week": "7", "is_editable": 0, "0": {"players": {"0": {"player": [[{"player_key": "242.p.8290"}, {"player_id": "8290"}, {"name": {"full": "Kevin Kolb", "first": "Kevin", "last": "Kolb", "ascii_first": "Kevin", "ascii_last": "Kolb"}}, {"editorial_player_key": "nfl.p.8290"}, {"editorial_team_key": "nfl.t.2"}, {"editorial_team_full_name": "Buffalo Bills"}, {"editorial_team_abbr": "Buf"}, {"bye_weeks": {"week": "6"}}, {"uniform_number": "4"}, {"display_position": "QB"}, {"headshot": {"url": "https://s.yimg.com/iu/api/res/1.2/TcM85WhJ.fAOHWf2QKLjIw--~C/YXBwaWQ9eXNwb3J0cztjaD0yMDA7Y3I9MTtjdz0xNTM7ZHg9NzQ7ZHk9MDtmaT11bGNyb3A7aD02MDtxPTEwMDt3PTQ2/https://s.yimg.com/dh/ap/default/140828/silhouette@2x.png", "size": "small"}, "image_url": "https://s.yimg.com/iu/api/res/1.2/TcM85WhJ.fAOHWf2QKLjIw--~C/YXBwaWQ9eXNwb3J0cztjaD0yMDA7Y3I9MTtjdz0xNTM7ZHg9NzQ7ZHk9MDtmaT11bGNyb3A7aD02MDtxPTEwMDt3PTQ2/https://s.yimg.com/dh/ap/default/140828/silhouette@2x.png"}, {"is_undroppable": "0"}, {"position_type": "O"}, {"primary_position": "QB"}, {"eligible_positions": [{"position": "QB"}]}, [], [], []], {"selected_position": [{"coverage_type": "week", "week": "7"}, {"position": "QB"}]}]}, "1": {"player": [[{"player_key": "242.p.8001"}, {"player_id": "8001"}, {"name": {"full": "Marques Colston", "first": "Marques", "last": "Colston", "ascii_first": "Marques", "ascii_last": "Colston"}}, {"editorial_player_key": "nfl.p.8001"}, {"editorial_team_key": "nfl.t.18"}, {"editorial_team_full_name": "New Orleans Saints"}, {"editorial_team_abbr": "NO"}, {"bye_weeks": {"week": "10"}}, {"uniform_number": "12"}, {"display_position": "WR"}, {"headshot": {"url": "https://s.yimg.com/iu/api/res/1.2/TcM85WhJ.fAOHWf2QKLjIw--~C/YXBwaWQ9eXNwb3J0cztjaD0yMDA7Y3I9MTtjdz0xNTM7ZHg9NzQ7ZHk9MDtmaT11bGNyb3A7aD02MDtxPTEwMDt3PTQ2/https://s.yimg.com/dh/ap/default/140828/silhouette@2x.png", "size": "small"}, "image_url": "https://s.yimg.com/iu/api/res/1.2/TcM85WhJ.fAOHWf2QKLjIw--~C/YXBwaWQ9eXNwb3J0cztjaD0yMDA7Y3I9MTtjdz0xNTM7ZHg9NzQ7ZHk9MDtmaT11bGNyb3A7aD02MDtxPTEwMDt3PTQ2/https://s.yimg.com/dh/ap/default/140828/silhouette@2x.png"}, {"is_undroppable": "0"}, {"position_type": "O"}, {"primary_position": "WR"}, {"eligible_positions": [{"position": "WR"}, {"position": "W/T"}, {"position": "W/R/T"}]}, [], [], []], {"selected_position": [{"coverage_type": "week", "week": "7"}, {"position": "WR"}]}]}, "2": {"player": [[{"player_key": "242.p.9286"}, {"player_id": "9286"}, {"name": {"full": "Percy Harvin", "first": "Percy", "last": "Harvin", "ascii_first": "Percy", "ascii_last": "Harvin"}}, {"editorial_player_key": "nfl.p.9286"}, {"editorial_team_key": "nfl.t.2"}, {"editorial_team_full_name": "Buffalo Bills"}, {"editorial_team_abbr": "Buf"}, {"bye_weeks": {"week": "6"}}, {"uniform_number": "11"}, {"display_position": "WR"}, {"headshot": {"url": "https://s.yimg.com/iu/api/res/1.2/ghYyD8RKtmryLwCd2tyaWA--~C/YXBwaWQ9eXNwb3J0cztjaD0yMzM2O2NyPTE7Y3c9MTc5MDtkeD04NTc7ZHk9MDtmaT11bGNyb3A7aD02MDtxPTEwMDt3PTQ2/https://s.yimg.com/xe/i/us/sp/v/nfl_cutout/players_l/20150904/9286.png", "size": "small"}, "image_url": "https://s.yimg.com/iu/api/res/1.2/ghYyD8RKtmryLwCd2tyaWA--~C/YXBwaWQ9eXNwb3J0cztjaD0yMzM2O2NyPTE7Y3c9MTc5MDtkeD04NTc7ZHk9MDtmaT11bGNyb3A7aD02MDtxPTEwMDt3PTQ2/https://s.yimg.com/xe/i/us/sp/v/nfl_cutout/players_l/20150904/9286.png"}, {"is_undroppable": "0"}, {"position_type": "O"}, {"primary_position": "WR"}, {"eligible_positions": [{"position": "WR"}, {"position": "W/T"}, {"position": "W/R/T"}]}, [], [], []], {"selected_position": [{"coverage_type": "week", "week": "7"}, {"position": "WR"}]}]}, "3": {"player": [[{"player_key": "242.p.7241"}, {"player_id": "7241"}, {"name": {"full": "Frank Gore", "first": "Frank", "last": "Gore", "ascii_first": "Frank", "ascii_last": "Gore"}}, {"editorial_player_key": "nfl.p.7241"}, {"editorial_team_key": "nfl.t.2"}, {"editorial_team_full_name": "Buffalo Bills"}, {"editorial_team_abbr": "Buf"}, {"bye_weeks": {"week": "6"}}, {"uniform_number": "28"}, {"display_position": "RB"}, {"headshot": {"url": "https://s.yimg.com/iu/api/res/1.2/tqyxxK4sLVQBjeq5sdikeQ--~C/YXBwaWQ9eXNwb3J0cztjaD0yMzM2O2NyPTE7Y3c9MTc5MDtkeD04NTc7ZHk9MDtmaT11bGNyb3A7aD02MDtxPTEwMDt3PTQ2/https://s.yimg.com/xe/i/us/sp/v/nfl_cutout/players_l/08232018/7241.png", "size": "small"}, "image_url": "https://s.yimg.com/iu/api/res/1.2/tqyxxK4sLVQBjeq5sdikeQ--~C/YXBwaWQ9eXNwb3J0cztjaD0yMzM2O2NyPTE7Y3c9MTc5MDtkeD04NTc7ZHk9MDtmaT11bGNyb3A7aD02MDtxPTEwMDt3PTQ2/https://s.yimg.com/xe/i/us/sp/v/nfl_cutout/players_l/08232018/7241.png"}, {"is_undroppable": "0"}, {"position_type": "O"}, {"primary_position": "RB"}, {"eligible_positions": [{"position": "RB"}, {"position": "W/R/T"}]}, {"has_player_notes": 1}, [], {"player_notes_last_timestamp": 1562595900}], {"selected_position": [{"coverage_type": "week", "week": "7"}, {"position": "RB"}]}]}, "4": {"player": [[{"player_key": "242.p.9560"}, {"player_id": "9560"}, {"name": {"full": "Danny Woodhead", "first": "Danny", "last": "Woodhead", "ascii_first": "Danny", "ascii_last": "Woodhead"}}, {"editorial_player_key": "nfl.p.9560"}, {"editorial_team_key": "nfl.t.33"}, {"editorial_team_full_name": "Baltimore Ravens"}, {"editorial_team_abbr": "Bal"}, {"bye_weeks": {"week": "8"}}, {"uniform_number": "39"}, {"display_position": "WR,RB"}, {"headshot": {"url": "https://s.yimg.com/iu/api/res/1.2/4FIefnucvvLf11OLDAFQMQ--~C/YXBwaWQ9eXNwb3J0cztjaD0yMzM2O2NyPTE7Y3c9MTc5MDtkeD04NTc7ZHk9MDtmaT11bGNyb3A7aD02MDtxPTEwMDt3PTQ2/https://s.yimg.com/xe/i/us/sp/v/nfl_cutout/players_l/09302017/9560.png", "size": "small"}, "image_url": "https://s.yimg.com/iu/api/res/1.2/4FIefnucvvLf11OLDAFQMQ--~C/YXBwaWQ9eXNwb3J0cztjaD0yMzM2O2NyPTE7Y3c9MTc5MDtkeD04NTc7ZHk9MDtmaT11bGNyb3A7aD02MDtxPTEwMDt3PTQ2/https://s.yimg.com/xe/i/us/sp/v/nfl_cutout/players_l/09302017/9560.png"}, {"is_undroppable": "0"}, {"position_type": "O"}, {"primary_position": "WR"}, {"eligible_positions": [{"position": "WR"}, {"position": "RB"}, {"position": "W/T"}, {"position": "W/R/T"}]}, [], [], []], {"selected_position": [{"coverage_type": "week", "week": "7"}, {"position": "RB"}]}]}, "5": {"player": [[{"player_key": "242.p.7203"}, {"player_id": "7203"}, {"name": {"full": "Roddy White", "first": "Roddy", "last": "White", "ascii_first": "Roddy", "ascii_last": "White"}}, {"editorial_player_key": "nfl.p.7203"}, {"editorial_team_key": "nfl.t.1"}, {"editorial_team_full_name": "Atlanta Falcons"}, {"editorial_team_abbr": "Atl"}, {"bye_weeks": {"week": "8"}}, {"uniform_number": "84"}, {"display_position": "WR"}, {"headshot": {"url": "https://s.yimg.com/iu/api/res/1.2/TcM85WhJ.fAOHWf2QKLjIw--~C/YXBwaWQ9eXNwb3J0cztjaD0yMDA7Y3I9MTtjdz0xNTM7ZHg9NzQ7ZHk9MDtmaT11bGNyb3A7aD02MDtxPTEwMDt3PTQ2/https://s.yimg.com/dh/ap/default/140828/silhouette@2x.png", "size": "small"}, "image_url": "https://s.yimg.com/iu/api/res/1.2/TcM85WhJ.fAOHWf2QKLjIw--~C/YXBwaWQ9eXNwb3J0cztjaD0yMDA7Y3I9MTtjdz0xNTM7ZHg9NzQ7ZHk9MDtmaT11bGNyb3A7aD02MDtxPTEwMDt3PTQ2/https://s.yimg.com/dh/ap/default/140828/silhouette@2x.png"}, {"is_undroppable": "0"}, {"position_type": "O"}, {"primary_position": "WR"}, {"eligible_positions": [{"position": "WR"}, {"position": "W/T"}, {"position": "W/R/T"}]}, [], [], []], {"selected_position": [{"coverage_type": "week", "week": "7"}, {"position": "W/T"}]}]}, "6": {"player": [[{"player_key": "242.p.4262"}, {"player_id": "4262"}, {"name": {"full": "Randy Moss", "first": "Randy", "last": "Moss", "ascii_first": "Randy", "ascii_last": "Moss"}}, {"editorial_player_key": "nfl.p.4262"}, {"editorial_team_key": "nfl.t.25"}, {"editorial_team_full_name": "San Francisco 49ers"}, {"editorial_team_abbr": "SF"}, {"bye_weeks": {"week": "9"}}, {"uniform_number": "84"}, {"display_position": "WR"}, {"headshot": {"url": "https://s.yimg.com/iu/api/res/1.2/TcM85WhJ.fAOHWf2QKLjIw--~C/YXBwaWQ9eXNwb3J0cztjaD0yMDA7Y3I9MTtjdz0xNTM7ZHg9NzQ7ZHk9MDtmaT11bGNyb3A7aD02MDtxPTEwMDt3PTQ2/https://s.yimg.com/dh/ap/default/140828/silhouette@2x.png", "size": "small"}, "image_url": "https://s.yimg.com/iu/api/res/1.2/TcM85WhJ.fAOHWf2QKLjIw--~C/YXBwaWQ9eXNwb3J0cztjaD0yMDA7Y3I9MTtjdz0xNTM7ZHg9NzQ7ZHk9MDtmaT11bGNyb3A7aD02MDtxPTEwMDt3PTQ2/https://s.yimg.com/dh/ap/default/140828/silhouette@2x.png"}, {"is_undroppable": "0"}, {"position_type": "O"}, {"primary_position": "WR"}, {"eligible_positions": [{"position": "WR"}, {"position": "W/T"}, {"position": "W/R/T"}]}, [], [], []], {"selected_position": [{"coverage_type": "week", "week": "7"}, {"position": "W/R/T"}]}]}, "7": {"player": [[{"player_key": "242.p.24400"}, {"player_id": "24400"}, {"name": {"full": "Chris Ivory", "first": "Chris", "last": "Ivory", "ascii_first": "Chris", "ascii_last": "Ivory"}}, {"editorial_player_key": "nfl.p.24400"}, {"editorial_team_key": "nfl.t.2"}, {"editorial_team_full_name": "Buffalo Bills"}, {"editorial_team_abbr": "Buf"}, {"bye_weeks": {"week": "6"}}, {"uniform_number": "33"}, {"display_position": "RB"}, {"headshot": {"url": "https://s.yimg.com/iu/api/res/1.2/NLKjJO.n_5JvMGfbqZtlpg--~C/YXBwaWQ9eXNwb3J0cztjaD0yMzM2O2NyPTE7Y3c9MTc5MDtkeD04NTc7ZHk9MDtmaT11bGNyb3A7aD02MDtxPTEwMDt3PTQ2/https://s.yimg.com/xe/i/us/sp/v/nfl_cutout/players_l/08232018/24400.png", "size": "small"}, "image_url": "https://s.yimg.com/iu/api/res/1.2/NLKjJO.n_5JvMGfbqZtlpg--~C/YXBwaWQ9eXNwb3J0cztjaD0yMzM2O2NyPTE7Y3c9MTc5MDtkeD04NTc7ZHk9MDtmaT11bGNyb3A7aD02MDtxPTEwMDt3PTQ2/https://s.yimg.com/xe/i/us/sp/v/nfl_cutout/players_l/08232018/24400.png"}, {"is_undroppable": "0"}, {"position_type": "O"}, {"primary_position": "RB"}, {"eligible_positions": [{"position": "RB"}, {"position": "W/R/T"}]}, [], [], []], {"selected_position": [{"coverage_type": "week", "week": "7"}, {"position": "BN"}]}]}, "8": {"player": [[{"player_key": "242.p.4653"}, {"player_id": "4653"}, {"name": {"full": "Ricky Williams", "first": "Ricky", "last": "Williams", "ascii_first": "Ricky", "ascii_last": "Williams"}}, {"editorial_player_key": "nfl.p.4653"}, {"editorial_team_key": "nfl.t.33"}, {"editorial_team_full_name": "Baltimore Ravens"}, {"editorial_team_abbr": "Bal"}, {"bye_weeks": {"week": "8"}}, {"uniform_number": "34"}, {"display_position": "RB"}, {"headshot": {"url": "https://s.yimg.com/iu/api/res/1.2/TcM85WhJ.fAOHWf2QKLjIw--~C/YXBwaWQ9eXNwb3J0cztjaD0yMDA7Y3I9MTtjdz0xNTM7ZHg9NzQ7ZHk9MDtmaT11bGNyb3A7aD02MDtxPTEwMDt3PTQ2/https://s.yimg.com/dh/ap/default/140828/silhouette@2x.png", "size": "small"}, "image_url": "https://s.yimg.com/iu/api/res/1.2/TcM85WhJ.fAOHWf2QKLjIw--~C/YXBwaWQ9eXNwb3J0cztjaD0yMDA7Y3I9MTtjdz0xNTM7ZHg9NzQ7ZHk9MDtmaT11bGNyb3A7aD02MDtxPTEwMDt3PTQ2/https://s.yimg.com/dh/ap/default/140828/silhouette@2x.png"}, {"is_undroppable": "0"}, {"position_type": "O"}, {"primary_position": "RB"}, {"eligible_positions": [{"position": "RB"}, {"position": "W/R/T"}]}, [], [], []], {"selected_position": [{"coverage_type": "week", "week": "7"}, {"position": "BN"}]}]}, "9": {"player": [[{"player_key": "242.p.6849"}, {"player_id": "6849"}, {"name": {"full": "Matt Schaub", "first": "Matt", "last": "Schaub", "ascii_first": "Matt", "ascii_last": "Schaub"}}, {"editorial_player_key": "nfl.p.6849"}, {"editorial_team_key": "nfl.t.1"}, {"editorial_team_full_name": "Atlanta Falcons"}, {"editorial_team_abbr": "Atl"}, {"bye_weeks": {"week": "8"}}, {"uniform_number": "8"}, {"display_position": "QB"}, {"headshot": {"url": "https://s.yimg.com/iu/api/res/1.2/3yRk9Fd1pLOn0LVwhABz0w--~C/YXBwaWQ9eXNwb3J0cztjaD0yMzM2O2NyPTE7Y3c9MTc5MDtkeD04NTc7ZHk9MDtmaT11bGNyb3A7aD02MDtxPTEwMDt3PTQ2/https://s.yimg.com/xe/i/us/sp/v/nfl_cutout/players_l/08222018/6849.png", "size": "small"}, "image_url": "https://s.yimg.com/iu/api/res/1.2/3yRk9Fd1pLOn0LVwhABz0w--~C/YXBwaWQ9eXNwb3J0cztjaD0yMzM2O2NyPTE7Y3c9MTc5MDtkeD04NTc7ZHk9MDtmaT11bGNyb3A7aD02MDtxPTEwMDt3PTQ2/https://s.yimg.com/xe/i/us/sp/v/nfl_cutout/players_l/08222018/6849.png"}, {"is_undroppable": "0"}, {"position_type": "O"}, {"primary_position": "QB"}, {"eligible_positions": [{"position": "QB"}]}, [], [], []], {"selected_position": [{"coverage_type": "week", "week": "7"}, {"position": "BN"}]}]}, "10": {"player": [[{"player_key": "242.p.9527"}, {"player_id": "9527"}, {"name": {"full": "Arian Foster", "first": "Arian", "last": "Foster", "ascii_first": "Arian", "ascii_last": "Foster"}}, {"editorial_player_key": "nfl.p.9527"}, {"editorial_team_key": "nfl.t.15"}, {"editorial_team_full_name": "Miami Dolphins"}, {"editorial_team_abbr": "Mia"}, {"bye_weeks": {"week": "5"}}, {"uniform_number": "29"}, {"display_position": "RB"}, {"headshot": {"url": "https://s.yimg.com/iu/api/res/1.2/wHVF37iHV9YmXeiMWUnw3Q--~C/YXBwaWQ9eXNwb3J0cztjaD0yMzM2O2NyPTE7Y3c9MTc5MDtkeD04NTc7ZHk9MDtmaT11bGNyb3A7aD02MDtxPTEwMDt3PTQ2/https://s.yimg.com/xe/i/us/sp/v/nfl_cutout/players_l/20150904/9527.1.png", "size": "small"}, "image_url": "https://s.yimg.com/iu/api/res/1.2/wHVF37iHV9YmXeiMWUnw3Q--~C/YXBwaWQ9eXNwb3J0cztjaD0yMzM2O2NyPTE7Y3c9MTc5MDtkeD04NTc7ZHk9MDtmaT11bGNyb3A7aD02MDtxPTEwMDt3PTQ2/https://s.yimg.com/xe/i/us/sp/v/nfl_cutout/players_l/20150904/9527.1.png"}, {"is_undroppable": "0"}, {"position_type": "O"}, {"primary_position": "RB"}, {"eligible_positions": [{"position": "RB"}, {"position": "W/R/T"}]}, [], [], []], {"selected_position": [{"coverage_type": "week", "week": "7"}, {"position": "BN"}]}]}, "11": {"player": [[{"player_key": "242.p.24088"}, {"player_id": "24088"}, {"name": {"full": "Aaron Hernandez", "first": "Aaron", "last": "Hernandez", "ascii_first": "Aaron", "ascii_last": "Hernandez"}}, {"editorial_player_key": "nfl.p.24088"}, {"editorial_team_key": "nfl.t.17"}, {"editorial_team_full_name": "New England Patriots"}, {"editorial_team_abbr": "NE"}, {"bye_weeks": {"week": "5"}}, {"uniform_number": "81"}, {"display_position": "TE"}, {"headshot": {"url": "https://s.yimg.com/iu/api/res/1.2/TcM85WhJ.fAOHWf2QKLjIw--~C/YXBwaWQ9eXNwb3J0cztjaD0yMDA7Y3I9MTtjdz0xNTM7ZHg9NzQ7ZHk9MDtmaT11bGNyb3A7aD02MDtxPTEwMDt3PTQ2/https://s.yimg.com/dh/ap/default/140828/silhouette@2x.png", "size": "small"}, "image_url": "https://s.yimg.com/iu/api/res/1.2/TcM85WhJ.fAOHWf2QKLjIw--~C/YXBwaWQ9eXNwb3J0cztjaD0yMDA7Y3I9MTtjdz0xNTM7ZHg9NzQ7ZHk9MDtmaT11bGNyb3A7aD02MDtxPTEwMDt3PTQ2/https://s.yimg.com/dh/ap/default/140828/silhouette@2x.png"}, {"is_undroppable": "0"}, {"position_type": "O"}, {"primary_position": "W/T"}, {"eligible_positions": [{"position": "W/T"}, {"position": "W/R/T"}]}, [], [], []], {"selected_position": [{"coverage_type": "week", "week": "7"}, {"position": "BN"}]}]}, "12": {"player": [[{"player_key": "242.p.9030"}, {"player_id": "9030"}, {"name": {"full": "Davone Bess", "first": "Davone", "last": "Bess", "ascii_first": "Davone", "ascii_last": "Bess"}}, {"editorial_player_key": "nfl.p.9030"}, {"editorial_team_key": "nfl.t.5"}, {"editorial_team_full_name": "Cleveland Browns"}, {"editorial_team_abbr": "Cle"}, {"bye_weeks": {"week": "8"}}, {"uniform_number": "15"}, {"display_position": "WR"}, {"headshot": {"url": "https://s.yimg.com/iu/api/res/1.2/TcM85WhJ.fAOHWf2QKLjIw--~C/YXBwaWQ9eXNwb3J0cztjaD0yMDA7Y3I9MTtjdz0xNTM7ZHg9NzQ7ZHk9MDtmaT11bGNyb3A7aD02MDtxPTEwMDt3PTQ2/https://s.yimg.com/dh/ap/default/140828/silhouette@2x.png", "size": "small"}, "image_url": "https://s.yimg.com/iu/api/res/1.2/TcM85WhJ.fAOHWf2QKLjIw--~C/YXBwaWQ9eXNwb3J0cztjaD0yMDA7Y3I9MTtjdz0xNTM7ZHg9NzQ7ZHk9MDtmaT11bGNyb3A7aD02MDtxPTEwMDt3PTQ2/https://s.yimg.com/dh/ap/default/140828/silhouette@2x.png"}, {"is_undroppable": "0"}, {"position_type": "O"}, {"primary_position": "WR"}, {"eligible_positions": [{"position": "WR"}, {"position": "W/T"}, {"position": "W/R/T"}]}, [], [], []], {"selected_position": [{"coverage_type": "week", "week": "7"}, {"position": "BN"}]}]}, "13": {"player": [[{"player_key": "242.p.9436"}, {"player_id": "9436"}, {"name": {"full": "David Buehler", "first": "David", "last": "Buehler", "ascii_first": "David", "ascii_last": "Buehler"}}, {"editorial_player_key": "nfl.p.9436"}, {"editorial_team_key": "nfl.t.19"}, {"editorial_team_full_name": "New York Giants"}, {"editorial_team_abbr": "NYG"}, {"bye_weeks": {"week": "8"}}, {"uniform_number": "19"}, {"display_position": "K"}, {"headshot": {"url": "https://s.yimg.com/iu/api/res/1.2/TcM85WhJ.fAOHWf2QKLjIw--~C/YXBwaWQ9eXNwb3J0cztjaD0yMDA7Y3I9MTtjdz0xNTM7ZHg9NzQ7ZHk9MDtmaT11bGNyb3A7aD02MDtxPTEwMDt3PTQ2/https://s.yimg.com/dh/ap/default/140828/silhouette@2x.png", "size": "small"}, "image_url": "https://s.yimg.com/iu/api/res/1.2/TcM85WhJ.fAOHWf2QKLjIw--~C/YXBwaWQ9eXNwb3J0cztjaD0yMDA7Y3I9MTtjdz0xNTM7ZHg9NzQ7ZHk9MDtmaT11bGNyb3A7aD02MDtxPTEwMDt3PTQ2/https://s.yimg.com/dh/ap/default/140828/silhouette@2x.png"}, {"is_undroppable": "0"}, {"position_type": "K"}, {"primary_position": "K"}, {"eligible_positions": [{"position": "K"}]}, [], [], []], {"selected_position": [{"coverage_type": "week", "week": "7"}, {"position": "K"}]}]}, "14": {"player": [[{"player_key": "242.p.100007"}, {"player_id": "100007"}, {"name": {"full": "Denver", "first": "Denver", "last": "", "ascii_first": "Denver", "ascii_last": ""}}, {"editorial_player_key": "nfl.p.100007"}, {"editorial_team_key": "nfl.t.7"}, {"editorial_team_full_name": "Denver Broncos"}, {"editorial_team_abbr": "Den"}, {"bye_weeks": {"week": "9"}}, {"uniform_number": false}, {"display_position": "DEF"}, {"headshot": {"url": "https://s.yimg.com/lq/i/us/sp/v/nfl/teams/1/50x50w/den.gif", "size": "small"}, "image_url": "https://s.yimg.com/lq/i/us/sp/v/nfl/teams/1/50x50w/den.gif"}, {"is_undroppable": "0"}, {"position_type": "DT"}, {"primary_position": "DEF"}, {"eligible_positions": [{"position": "DEF"}]}, [], [], []], {"selected_position": [{"coverage_type": "week", "week": "7"}, {"position": "DEF"}]}]}, "15": {"player": [[{"player_key": "242.p.8269"}, {"player_id": "8269"}, {"name": {"full": "Lawrence Timmons", "first": "Lawrence", "last": "Timmons", "ascii_first": "Lawrence", "ascii_last": "Timmons"}}, {"editorial_player_key": "nfl.p.8269"}, {"editorial_team_key": "nfl.t.15"}, {"editorial_team_full_name": "Miami Dolphins"}, {"editorial_team_abbr": "Mia"}, {"bye_weeks": {"week": "5"}}, {"uniform_number": "94"}, {"display_position": "LB"}, {"headshot": {"url": "https://s.yimg.com/iu/api/res/1.2/mbV_ymPZwRwuzdGMU7T8sw--~C/YXBwaWQ9eXNwb3J0cztjaD0yMzM2O2NyPTE7Y3c9MTc5MDtkeD04NTc7ZHk9MDtmaT11bGNyb3A7aD02MDtxPTEwMDt3PTQ2/https://s.yimg.com/xe/i/us/sp/v/nfl_cutout/players_l/09182017/8269.png", "size": "small"}, "image_url": "https://s.yimg.com/iu/api/res/1.2/mbV_ymPZwRwuzdGMU7T8sw--~C/YXBwaWQ9eXNwb3J0cztjaD0yMzM2O2NyPTE7Y3c9MTc5MDtkeD04NTc7ZHk9MDtmaT11bGNyb3A7aD02MDtxPTEwMDt3PTQ2/https://s.yimg.com/xe/i/us/sp/v/nfl_cutout/players_l/09182017/8269.png"}, {"is_undroppable": "0"}, {"position_type": "DP"}, {"primary_position": "D"}, {"eligible_positions": [{"position": "D"}]}, [], [], []], {"selected_position": [{"coverage_type": "week", "week": "7"}, {"position": "D"}]}]}, "count": 16}}}}], "time": "149.27887916565ms", "copyright": "Data provided by Yahoo! and STATS, LLC", "refresh_rate": "60"}}