[{"info": {"full": "Cristhian Adames", "pos": "SS"}, "batting": {"fp": 0.0, "runs": "0", "single": 0, "double": "0", "triple": "0", "homers": "0", "rbi": "0", "sb": "0", "bb": "0", "ks": "0"}}, {"info": {"full": "Willy Adames", "pos": "SS"}, "batting": {"fp": 178.5, "runs": "43", "single": 58, "double": "17", "triple": "1", "homers": "12", "rbi": "31", "sb": "5", "bb": "30", "ks": "112"}}, {"info": {"full": "Matt Adams", "pos": "1B"}, "batting": {"fp": 152.5, "runs": "31", "single": 24, "double": "9", "triple": "0", "homers": "16", "rbi": "43", "sb": "0", "bb": "12", "ks": "70"}}, {"info": {"full": "Jim Adduci", "pos": "RF"}, "batting": {"fp": -2.25, "runs": "0", "single": 0, "double": "0", "triple": "0", "homers": "0", "rbi": "0", "sb": "0", "bb": "0", "ks": "3"}}, {"info": {"full": "Ehire Adrianza", "pos": "SS"}, "batting": {"fp": 104.75, "runs": "28", "single": 30, "double": "4", "triple": "2", "homers": "4", "rbi": "16", "sb": "0", "bb": "17", "ks": "24"}}, {"info": {"full": "Jesus Aguilar", "pos": "1B"}, "batting": {"fp": 130.0, "runs": "26", "single": 33, "double": "9", "triple": "0", "homers": "8", "rbi": "34", "sb": "0", "bb": "31", "ks": "59"}}, {"info": {"full": "Nick Ahmed", "pos": "SS"}, "batting": {"fp": 256.25, "runs": "55", "single": 63, "double": "22", "triple": "3", "homers": "10", "rbi": "51", "sb": "6", "bb": "35", "ks": "76"}}, {"info": {"full": "Hanser Alberto", "pos": "3B"}, "batting": {"fp": 188.25, "runs": "29", "single": 83, "double": "11", "triple": "1", "homers": "6", "rbi": "31", "sb": "4", "bb": "8", "ks": "33"}}, {"info": {"full": "Jorge Alfaro", "pos": "C"}, "batting": {"fp": 127.0, "runs": "27", "single": 53, "double": "9", "triple": "1", "homers": "11", "rbi": "35", "sb": "2", "bb": "9", "ks": "101"}}, {"info": {"full": "Anthony Alford", "pos": "CF"}, "batting": {"fp": -0.75, "runs": "0", "single": 0, "double": "0", "triple": "0", "homers": "0", "rbi": "0", "sb": "0", "bb": "0", "ks": "1"}}, {"info": {"full": "Greg Allen", "pos": "LF"}, "batting": {"fp": 69.0, "runs": "16", "single": 15, "double": "5", "triple": "3", "homers": "2", "rbi": "17", "sb": "2", "bb": "6", "ks": "26"}}, {"info": {"full": "Abraham Almonte", "pos": "LF"}, "batting": {"fp": 0.0, "runs": "0", "single": 0, "double": "0", "triple": "0", "homers": "0", "rbi": "0", "sb": "0", "bb": "0", "ks": "0"}}, {"info": {"full": "Albert Almora Jr.", "pos": "CF"}, "batting": {"fp": 165.75, "runs": "35", "single": 48, "double": "10", "triple": "1", "homers": "11", "rbi": "29", "sb": "2", "bb": "13", "ks": "52"}}, {"info": {"full": "Yonder Alonso", "pos": "1B"}, "batting": {"fp": 124.5, "runs": "28", "single": 28, "double": "9", "triple": "0", "homers": "8", "rbi": "30", "sb": "0", "bb": "31", "ks": "57"}}, {"info": {"full": "Aaron Altherr", "pos": "LF"}, "batting": {"fp": 4.75, "runs": "5", "single": 1, "double": "1", "triple": "0", "homers": "1", "rbi": "3", "sb": "0", "bb": "2", "ks": "17"}}, {"info": {"full": "Pedro Alvarez", "pos": "DH"}, "batting": {"fp": 0.0, "runs": "0", "single": 0, "double": "0", "triple": "0", "homers": "0", "rbi": "0", "sb": "0", "bb": "0", "ks": "0"}}, {"info": {"full": "Alexi Amarista", "pos": "3B"}, "batting": {"fp": 0.0, "runs": "0", "single": 0, "double": "0", "triple": "0", "homers": "0", "rbi": "0", "sb": "0", "bb": "0", "ks": "0"}}, {"info": {"full": "Brian Anderson", "pos": "RF"}, "batting": {"fp": 237.75, "runs": "43", "single": 53, "double": "24", "triple": "1", "homers": "15", "rbi": "48", "sb": "4", "bb": "36", "ks": "91"}}, {"info": {"full": "Miguel Andujar", "pos": "DH"}, "batting": {"fp": 0.5, "runs": "1", "single": 6, "double": "0", "triple": "0", "homers": "0", "rbi": "1", "sb": "0", "bb": "1", "ks": "11"}}, {"info": {"full": "Jonathan Arauz", "pos": "SS"}, "batting": {"fp": 0.0, "runs": "0", "single": 0, "double": "0", "triple": "0", "homers": "0", "rbi": "0", "sb": "0", "bb": "0", "ks": "0"}}, {"info": {"full": "Orlando Arcia", "pos": "SS"}, "batting": {"fp": 195.75, "runs": "41", "single": 50, "double": "11", "triple": "1", "homers": "12", "rbi": "39", "sb": "6", "bb": "34", "ks": "77"}}, {"info": {"full": "Lazaro Armenteros", "pos": "LF"}, "batting": {"fp": 0.0, "runs": "0", "single": 0, "double": "0", "triple": "0", "homers": "0", "rbi": "0", "sb": "0", "bb": "0", "ks": "0"}}, {"info": {"full": "Christian Arroyo", "pos": "3B"}, "batting": {"fp": 31.25, "runs": "8", "single": 7, "double": "2", "triple": "0", "homers": "3", "rbi": "7", "sb": "0", "bb": "5", "ks": "18"}}, {"info": {"full": "Tyler Austin", "pos": "1B"}, "batting": {"fp": 77.5, "runs": "25", "single": 12, "double": "3", "triple": "1", "homers": "8", "rbi": "20", "sb": "1", "bb": "18", "ks": "60"}}, {"info": {"full": "Alex Avila", "pos": "C"}, "batting": {"fp": 71.0, "runs": "14", "single": 9, "double": "5", "triple": "0", "homers": "6", "rbi": "15", "sb": "1", "bb": "23", "ks": "35"}}, {"info": {"full": "Jose Azocar", "pos": "RF"}, "batting": {"fp": 0.0, "runs": "0", "single": 0, "double": "0", "triple": "0", "homers": "0", "rbi": "0", "sb": "0", "bb": "0", "ks": "0"}}, {"info": {"full": "Harrison Bader", "pos": "CF"}, "batting": {"fp": 112.0, "runs": "31", "single": 25, "double": "10", "triple": "2", "homers": "6", "rbi": "19", "sb": "6", "bb": "29", "ks": "73"}}, {"info": {"full": "Jett Bandy", "pos": "C"}, "batting": {"fp": 0.0, "runs": "0", "single": 0, "double": "0", "triple": "0", "homers": "0", "rbi": "0", "sb": "0", "bb": "0", "ks": "0"}}, {"info": {"full": "Nick Banks", "pos": "LF"}, "batting": {"fp": 0.0, "runs": "0", "single": 0, "double": "0", "triple": "0", "homers": "0", "rbi": "0", "sb": "0", "bb": "0", "ks": "0"}}, {"info": {"full": "Austin Barnes", "pos": "C"}, "batting": {"fp": 105.75, "runs": "27", "single": 24, "double": "10", "triple": "1", "homers": "5", "rbi": "23", "sb": "3", "bb": "22", "ks": "53"}}, {"info": {"full": "Brandon Barnes", "pos": "LF"}, "batting": {"fp": 0.0, "runs": "0", "single": 0, "double": "0", "triple": "0", "homers": "0", "rbi": "0", "sb": "0", "bb": "0", "ks": "0"}}, {"info": {"full": "Darwin Barney", "pos": "2B"}, "batting": {"fp": 0.0, "runs": "0", "single": 0, "double": "0", "triple": "0", "homers": "0", "rbi": "0", "sb": "0", "bb": "0", "ks": "0"}}, {"info": {"full": "Steven Baron", "pos": "C"}, "batting": {"fp": 0.0, "runs": "0", "single": 0, "double": "0", "triple": "0", "homers": "0", "rbi": "0", "sb": "0", "bb": "0", "ks": "0"}}, {"info": {"full": "Franklin Barreto", "pos": "2B"}, "batting": {"fp": 14.75, "runs": "6", "single": 2, "double": "1", "triple": "0", "homers": "2", "rbi": "4", "sb": "1", "bb": "1", "ks": "16"}}, {"info": {"full": "Jose Bautista", "pos": "RF"}, "batting": {"fp": 0.0, "runs": "0", "single": 0, "double": "0", "triple": "0", "homers": "0", "rbi": "0", "sb": "0", "bb": "0", "ks": "0"}}, {"info": {"full": "Gordon Beckham", "pos": "DH"}, "batting": {"fp": 60.5, "runs": "17", "single": 16, "double": "11", "triple": "2", "homers": "4", "rbi": "10", "sb": "1", "bb": "11", "ks": "57"}}, {"info": {"full": "Tim Beckham", "pos": "LF"}, "batting": {"fp": 182.0, "runs": "38", "single": 33, "double": "21", "triple": "1", "homers": "15", "rbi": "45", "sb": "1", "bb": "21", "ks": "97"}}, {"info": {"full": "Brandon Belt", "pos": "1B"}, "batting": {"fp": 229.75, "runs": "55", "single": 51, "double": "18", "triple": "2", "homers": "11", "rbi": "36", "sb": "3", "bb": "61", "ks": "84"}}, {"info": {"full": "Andres Blanco", "pos": "2B"}, "batting": {"fp": 0.0, "runs": "0", "single": 0, "double": "0", "triple": "0", "homers": "0", "rbi": "0", "sb": "0", "bb": "0", "ks": "0"}}, {"info": {"full": "Gregor Blanco", "pos": "RF"}, "batting": {"fp": 0.0, "runs": "0", "single": 0, "double": "0", "triple": "0", "homers": "0", "rbi": "0", "sb": "0", "bb": "0", "ks": "0"}}, {"info": {"full": "Alex Blandino", "pos": "2B"}, "batting": {"fp": 0.0, "runs": "0", "single": 0, "double": "0", "triple": "0", "homers": "0", "rbi": "0", "sb": "0", "bb": "0", "ks": "0"}}, {"info": {"full": "Jorge Bonifacio", "pos": "RF"}, "batting": {"fp": 11.5, "runs": "3", "single": 4, "double": "3", "triple": "0", "homers": "0", "rbi": "3", "sb": "0", "bb": "1", "ks": "7"}}, {"info": {"full": "Justin Bour", "pos": "1B"}, "batting": {"fp": 84.5, "runs": "18", "single": 13, "double": "5", "triple": "0", "homers": "8", "rbi": "26", "sb": "0", "bb": "16", "ks": "46"}}, {"info": {"full": "Peter Bourjos", "pos": "OF"}, "batting": {"fp": 4.5, "runs": "4", "single": 3, "double": "1", "triple": "0", "homers": "0", "rbi": "2", "sb": "2", "bb": "1", "ks": "15"}}, {"info": {"full": "Bobby Bradley", "pos": "DH"}, "batting": {"fp": 13.0, "runs": "4", "single": 2, "double": "5", "triple": "0", "homers": "1", "rbi": "4", "sb": "0", "bb": "4", "ks": "20"}}, {"info": {"full": "Jackie Bradley Jr.", "pos": "CF"}, "batting": {"fp": 202.25, "runs": "44", "single": 44, "double": "21", "triple": "2", "homers": "11", "rbi": "41", "sb": "7", "bb": "40", "ks": "101"}}, {"info": {"full": "Rob Brantly", "pos": "DH"}, "batting": {"fp": -0.75, "runs": "0", "single": 0, "double": "0", "triple": "0", "homers": "0", "rbi": "0", "sb": "0", "bb": "0", "ks": "1"}}, {"info": {"full": "Lewis Brinson", "pos": "CF"}, "batting": {"fp": 8.5, "runs": "4", "single": 10, "double": "5", "triple": "0", "homers": "0", "rbi": "4", "sb": "0", "bb": "2", "ks": "28"}}, {"info": {"full": "Socrates Brito", "pos": "RF"}, "batting": {"fp": 3.25, "runs": "5", "single": 2, "double": "0", "triple": "1", "homers": "0", "rbi": "2", "sb": "0", "bb": "4", "ks": "17"}}, {"info": {"full": "Trevor Brown", "pos": "C"}, "batting": {"fp": 0.0, "runs": "0", "single": 0, "double": "0", "triple": "0", "homers": "0", "rbi": "0", "sb": "0", "bb": "0", "ks": "0"}}, {"info": {"full": "Keon Broxton", "pos": "CF"}, "batting": {"fp": 49.75, "runs": "19", "single": 20, "double": "4", "triple": "0", "homers": "4", "rbi": "11", "sb": "8", "bb": "12", "ks": "71"}}, {"info": {"full": "Billy Burns", "pos": "CF"}, "batting": {"fp": 0.0, "runs": "0", "single": 0, "double": "0", "triple": "0", "homers": "0", "rbi": "0", "sb": "0", "bb": "0", "ks": "0"}}, {"info": {"full": "Drew Butera", "pos": "C"}, "batting": {"fp": 6.75, "runs": "4", "single": 1, "double": "2", "triple": "0", "homers": "0", "rbi": "0", "sb": "0", "bb": "1", "ks": "4"}}, {"info": {"full": "Asdrubal Cabrera", "pos": "3B"}, "batting": {"fp": 208.75, "runs": "45", "single": 50, "double": "15", "triple": "0", "homers": "12", "rbi": "51", "sb": "4", "bb": "38", "ks": "85"}}, {"info": {"full": "Melky Cabrera", "pos": "LF"}, "batting": {"fp": 187.25, "runs": "32", "single": 58, "double": "17", "triple": "1", "homers": "6", "rbi": "35", "sb": "2", "bb": "13", "ks": "26"}}, {"info": {"full": "Miguel Cabrera", "pos": "DH"}, "batting": {"fp": 161.25, "runs": "24", "single": 73, "double": "14", "triple": "0", "homers": "6", "rbi": "40", "sb": "0", "bb": "30", "ks": "75"}}, {"info": {"full": "Orlando Calixte", "pos": "SS"}, "batting": {"fp": 0.0, "runs": "0", "single": 0, "double": "0", "triple": "0", "homers": "0", "rbi": "0", "sb": "0", "bb": "0", "ks": "0"}}, {"info": {"full": "Johan Camargo", "pos": "SS"}, "batting": {"fp": 99.25, "runs": "23", "single": 26, "double": "10", "triple": "1", "homers": "4", "rbi": "23", "sb": "1", "bb": "8", "ks": "33"}}, {"info": {"full": "Daz Cameron", "pos": "CF"}, "batting": {"fp": 0.0, "runs": "0", "single": 0, "double": "0", "triple": "0", "homers": "0", "rbi": "0", "sb": "0", "bb": "0", "ks": "0"}}, {"info": {"full": "Jeimer Candelario", "pos": "1B"}, "batting": {"fp": 114.5, "runs": "26", "single": 33, "double": "12", "triple": "1", "homers": "7", "rbi": "24", "sb": "3", "bb": "29", "ks": "79"}}, {"info": {"full": "Mark Canha", "pos": "RF"}, "batting": {"fp": 203.5, "runs": "46", "single": 28, "double": "10", "triple": "1", "homers": "17", "rbi": "31", "sb": "0", "bb": "39", "ks": "53"}}, {"info": {"full": "Robinson Cano", "pos": "2B"}, "batting": {"fp": 155.0, "runs": "30", "single": 44, "double": "19", "triple": "0", "homers": "9", "rbi": "28", "sb": "0", "bb": "16", "ks": "56"}}, {"info": {"full": "Stephen Cardullo", "pos": "OF"}, "batting": {"fp": 0.0, "runs": "0", "single": 0, "double": "0", "triple": "0", "homers": "0", "rbi": "0", "sb": "0", "bb": "0", "ks": "0"}}, {"info": {"full": "Luis Carpio", "pos": "2B"}, "batting": {"fp": 0.0, "runs": "0", "single": 0, "double": "0", "triple": "0", "homers": "0", "rbi": "0", "sb": "0", "bb": "0", "ks": "0"}}, {"info": {"full": "Ezequiel Carrera", "pos": "RF"}, "batting": {"fp": 0.0, "runs": "0", "single": 0, "double": "0", "triple": "0", "homers": "0", "rbi": "0", "sb": "0", "bb": "0", "ks": "0"}}, {"info": {"full": "Curt Casali", "pos": "C"}, "batting": {"fp": 93.25, "runs": "19", "single": 25, "double": "7", "triple": "0", "homers": "6", "rbi": "24", "sb": "0", "bb": "19", "ks": "44"}}, {"info": {"full": "Welington Castillo", "pos": "C"}, "batting": {"fp": 49.25, "runs": "8", "single": 15, "double": "5", "triple": "0", "homers": "5", "rbi": "16", "sb": "0", "bb": "12", "ks": "45"}}, {"info": {"full": "Wilkin Castillo", "pos": "C"}, "batting": {"fp": 1.75, "runs": "0", "single": 0, "double": "1", "triple": "0", "homers": "0", "rbi": "2", "sb": "0", "bb": "0", "ks": "3"}}, {"info": {"full": "Daniel Castro", "pos": "SS"}, "batting": {"fp": 0.0, "runs": "0", "single": 0, "double": "0", "triple": "0", "homers": "0", "rbi": "0", "sb": "0", "bb": "0", "ks": "0"}}, {"info": {"full": "Jason Castro", "pos": "C"}, "batting": {"fp": 125.5, "runs": "31", "single": 24, "double": "9", "triple": "0", "homers": "10", "rbi": "25", "sb": "0", "bb": "19", "ks": "49"}}, {"info": {"full": "Starlin Castro", "pos": "2B"}, "batting": {"fp": 191.25, "runs": "29", "single": 78, "double": "14", "triple": "3", "homers": "8", "rbi": "43", "sb": "2", "bb": "17", "ks": "74"}}, {"info": {"full": "Gavin Cecchini", "pos": "SS"}, "batting": {"fp": 0.0, "runs": "0", "single": 0, "double": "0", "triple": "0", "homers": "0", "rbi": "0", "sb": "0", "bb": "0", "ks": "0"}}, {"info": {"full": "Darrell Ceciliani", "pos": "LF"}, "batting": {"fp": 0.0, "runs": "0", "single": 0, "double": "0", "triple": "0", "homers": "0", "rbi": "0", "sb": "0", "bb": "0", "ks": "0"}}, {"info": {"full": "Juan Centeno", "pos": "C"}, "batting": {"fp": 0.0, "runs": "0", "single": 0, "double": "0", "triple": "0", "homers": "0", "rbi": "0", "sb": "0", "bb": "0", "ks": "0"}}, {"info": {"full": "Francisco Cervelli", "pos": "C"}, "batting": {"fp": 29.5, "runs": "11", "single": 17, "double": "3", "triple": "0", "homers": "1", "rbi": "5", "sb": "1", "bb": "9", "ks": "31"}}, {"info": {"full": "Yoenis Cespedes", "pos": "CF"}, "batting": {"fp": 0.0, "runs": "0", "single": 0, "double": "0", "triple": "0", "homers": "0", "rbi": "0", "sb": "0", "bb": "0", "ks": "0"}}, {"info": {"full": "Michael Chavis", "pos": "2B"}, "batting": {"fp": 197.25, "runs": "44", "single": 54, "double": "10", "triple": "1", "homers": "16", "rbi": "55", "sb": "2", "bb": "29", "ks": "114"}}, {"info": {"full": "Lonnie Chisenhall", "pos": "RF"}, "batting": {"fp": 0.0, "runs": "0", "single": 0, "double": "0", "triple": "0", "homers": "0", "rbi": "0", "sb": "0", "bb": "0", "ks": "0"}}, {"info": {"full": "Ji-Man Choi", "pos": "DH"}, "batting": {"fp": 171.75, "runs": "31", "single": 51, "double": "9", "triple": "1", "homers": "10", "rbi": "37", "sb": "2", "bb": "36", "ks": "67"}}, {"info": {"full": "Chris Coghlan", "pos": "CF"}, "batting": {"fp": 0.0, "runs": "0", "single": 0, "double": "0", "triple": "0", "homers": "0", "rbi": "0", "sb": "0", "bb": "0", "ks": "0"}}, {"info": {"full": "Dusty Coleman", "pos": "SS"}, "batting": {"fp": 0.0, "runs": "0", "single": 0, "double": "0", "triple": "0", "homers": "0", "rbi": "0", "sb": "0", "bb": "0", "ks": "0"}}, {"info": {"full": "Tyler Collins", "pos": "CF"}, "batting": {"fp": 0.0, "runs": "0", "single": 0, "double": "0", "triple": "0", "homers": "0", "rbi": "0", "sb": "0", "bb": "0", "ks": "0"}}, {"info": {"full": "Ryan Cordell", "pos": "RF"}, "batting": {"fp": 68.75, "runs": "15", "single": 30, "double": "6", "triple": "0", "homers": "5", "rbi": "18", "sb": "2", "bb": "11", "ks": "58"}}, {"info": {"full": "Kaleb Cowart", "pos": "3B"}, "batting": {"fp": 0.0, "runs": "0", "single": 0, "double": "0", "triple": "0", "homers": "0", "rbi": "0", "sb": "0", "bb": "0", "ks": "0"}}, {"info": {"full": "Zack Cozart", "pos": "3B"}, "batting": {"fp": 16.75, "runs": "4", "single": 10, "double": "2", "triple": "0", "homers": "0", "rbi": "7", "sb": "0", "bb": "5", "ks": "16"}}, {"info": {"full": "Dylan Cozens", "pos": "DH"}, "batting": {"fp": 0.0, "runs": "0", "single": 0, "double": "0", "triple": "0", "homers": "0", "rbi": "0", "sb": "0", "bb": "0", "ks": "0"}}, {"info": {"full": "Will Craig", "pos": "1B"}, "batting": {"fp": 0.0, "runs": "0", "single": 0, "double": "0", "triple": "0", "homers": "0", "rbi": "0", "sb": "0", "bb": "0", "ks": "0"}}, {"info": {"full": "Brandon Crawford", "pos": "SS"}, "batting": {"fp": 185.0, "runs": "40", "single": 50, "double": "19", "triple": "1", "homers": "9", "rbi": "43", "sb": "2", "bb": "35", "ks": "87"}}, {"info": {"full": "Tony Cruz", "pos": "C"}, "batting": {"fp": 0.0, "runs": "0", "single": 0, "double": "0", "triple": "0", "homers": "0", "rbi": "0", "sb": "0", "bb": "0", "ks": "0"}}, {"info": {"full": "Charlie Culberson", "pos": "RF"}, "batting": {"fp": 66.5, "runs": "10", "single": 17, "double": "3", "triple": "2", "homers": "4", "rbi": "16", "sb": "0", "bb": "5", "ks": "19"}}, {"info": {"full": "Cheslor Cuthbert", "pos": "1B"}, "batting": {"fp": 107.0, "runs": "15", "single": 41, "double": "9", "triple": "0", "homers": "6", "rbi": "28", "sb": "1", "bb": "9", "ks": "45"}}, {"info": {"full": "Chase d'Arnaud", "pos": "SS"}, "batting": {"fp": 0.0, "runs": "0", "single": 0, "double": "0", "triple": "0", "homers": "0", "rbi": "0", "sb": "0", "bb": "0", "ks": "0"}}, {"info": {"full": "Matt Davidson", "pos": "DH"}, "batting": {"fp": 0.0, "runs": "0", "single": 0, "double": "0", "triple": "0", "homers": "0", "rbi": "0", "sb": "0", "bb": "0", "ks": "0"}}, {"info": {"full": "Chris Davis", "pos": "1B"}, "batting": {"fp": 59.0, "runs": "17", "single": 27, "double": "7", "triple": "0", "homers": "7", "rbi": "26", "sb": "0", "bb": "22", "ks": "102"}}, {"info": {"full": "J.D. Davis", "pos": "LF"}, "batting": {"fp": 168.5, "runs": "33", "single": 49, "double": "12", "triple": "1", "homers": "10", "rbi": "29", "sb": "1", "bb": "23", "ks": "53"}}, {"info": {"full": "Rajai Davis", "pos": "DH"}, "batting": {"fp": 9.5, "runs": "2", "single": 1, "double": "0", "triple": "0", "homers": "1", "rbi": "3", "sb": "0", "bb": "0", "ks": "2"}}, {"info": {"full": "Austin Dean", "pos": "LF"}, "batting": {"fp": 31.25, "runs": "6", "single": 11, "double": "5", "triple": "0", "homers": "2", "rbi": "10", "sb": "0", "bb": "1", "ks": "22"}}, {"info": {"full": "Alejandro De Aza", "pos": "CF"}, "batting": {"fp": 0.0, "runs": "0", "single": 0, "double": "0", "triple": "0", "homers": "0", "rbi": "0", "sb": "0", "bb": "0", "ks": "0"}}, {"info": {"full": "Jaff Decker", "pos": "OF"}, "batting": {"fp": 0.0, "runs": "0", "single": 0, "double": "0", "triple": "0", "homers": "0", "rbi": "0", "sb": "0", "bb": "0", "ks": "0"}}, {"info": {"full": "Matt den Dekker", "pos": "OF"}, "batting": {"fp": 0.0, "runs": "0", "single": 0, "double": "0", "triple": "0", "homers": "0", "rbi": "0", "sb": "0", "bb": "0", "ks": "0"}}, {"info": {"full": "Daniel Descalso", "pos": "2B"}, "batting": {"fp": 61.25, "runs": "19", "single": 21, "double": "5", "triple": "1", "homers": "2", "rbi": "15", "sb": "2", "bb": "23", "ks": "52"}}, {"info": {"full": "Delino DeShields", "pos": "CF"}, "batting": {"fp": 127.25, "runs": "26", "single": 38, "double": "9", "triple": "2", "homers": "3", "rbi": "20", "sb": "12", "bb": "25", "ks": "54"}}, {"info": {"full": "Ian Desmond", "pos": "LF"}, "batting": {"fp": 223.75, "runs": "47", "single": 43, "double": "25", "triple": "3", "homers": "13", "rbi": "50", "sb": "2", "bb": "24", "ks": "87"}}, {"info": {"full": "Donnie Dewees", "pos": "CF"}, "batting": {"fp": 0.0, "runs": "0", "single": 0, "double": "0", "triple": "0", "homers": "0", "rbi": "0", "sb": "0", "bb": "0", "ks": "0"}}, {"info": {"full": "Aledmys Diaz", "pos": "3B"}, "batting": {"fp": 100.75, "runs": "19", "single": 17, "double": "5", "triple": "1", "homers": "6", "rbi": "26", "sb": "0", "bb": "7", "ks": "14"}}, {"info": {"full": "Elias Diaz", "pos": "C"}, "batting": {"fp": 98.75, "runs": "23", "single": 41, "double": "13", "triple": "0", "homers": "1", "rbi": "21", "sb": "0", "bb": "16", "ks": "39"}}, {"info": {"full": "Isan Diaz", "pos": "2B"}, "batting": {"fp": 0.0, "runs": "0", "single": 0, "double": "0", "triple": "0", "homers": "0", "rbi": "0", "sb": "0", "bb": "0", "ks": "0"}}, {"info": {"full": "Corey Dickerson", "pos": "LF"}, "batting": {"fp": 95.5, "runs": "18", "single": 17, "double": "18", "triple": "0", "homers": "2", "rbi": "20", "sb": "1", "bb": "13", "ks": "23"}}, {"info": {"full": "Derek Dietrich", "pos": "2B"}, "batting": {"fp": 190.0, "runs": "40", "single": 18, "double": "7", "triple": "2", "homers": "19", "rbi": "43", "sb": "1", "bb": "24", "ks": "64"}}, {"info": {"full": "Wilmer Difo", "pos": "SS"}, "batting": {"fp": 47.75, "runs": "14", "single": 24, "double": "2", "triple": "0", "homers": "2", "rbi": "7", "sb": "0", "bb": "12", "ks": "27"}}, {"info": {"full": "Brian Dozier", "pos": "2B"}, "batting": {"fp": 210.75, "runs": "42", "single": 42, "double": "19", "triple": "0", "homers": "15", "rbi": "37", "sb": "3", "bb": "46", "ks": "85"}}, {"info": {"full": "Brandon Drury", "pos": "LF"}, "batting": {"fp": 132.5, "runs": "29", "single": 36, "double": "15", "triple": "1", "homers": "11", "rbi": "28", "sb": "0", "bb": "17", "ks": "83"}}, {"info": {"full": "Mauricio Dubon", "pos": "DH"}, "batting": {"fp": -0.75, "runs": "0", "single": 0, "double": "0", "triple": "0", "homers": "0", "rbi": "0", "sb": "0", "bb": "0", "ks": "1"}}, {"info": {"full": "Lucas Duda", "pos": "1B"}, "batting": {"fp": 44.25, "runs": "7", "single": 10, "double": "4", "triple": "0", "homers": "4", "rbi": "15", "sb": "0", "bb": "11", "ks": "32"}}, {"info": {"full": "Matt Duffy", "pos": "3B"}, "batting": {"fp": 6.25, "runs": "0", "single": 4, "double": "2", "triple": "0", "homers": "0", "rbi": "2", "sb": "0", "bb": "2", "ks": "7"}}, {"info": {"full": "Matt Duffy", "pos": "3B"}, "batting": {"fp": 0.0, "runs": "0", "single": 0, "double": "0", "triple": "0", "homers": "0", "rbi": "0", "sb": "0", "bb": "0", "ks": "0"}}, {"info": {"full": "Steven Duggar", "pos": "RF"}, "batting": {"fp": 99.5, "runs": "25", "single": 41, "double": "11", "triple": "2", "homers": "4", "rbi": "28", "sb": "1", "bb": "15", "ks": "77"}}, {"info": {"full": "Adam Duvall", "pos": "LF"}, "batting": {"fp": 11.0, "runs": "2", "single": 4, "double": "0", "triple": "0", "homers": "1", "rbi": "3", "sb": "0", "bb": "0", "ks": "4"}}, {"info": {"full": "Jarrod Dyson", "pos": "CF"}, "batting": {"fp": 201.75, "runs": "46", "single": 53, "double": "7", "triple": "2", "homers": "6", "rbi": "20", "sb": "24", "bb": "34", "ks": "57"}}, {"info": {"full": "Brett Eibner", "pos": "RF"}, "batting": {"fp": 0.0, "runs": "0", "single": 0, "double": "0", "triple": "0", "homers": "0", "rbi": "0", "sb": "0", "bb": "0", "ks": "0"}}, {"info": {"full": "A.J. Ellis", "pos": "C"}, "batting": {"fp": 0.0, "runs": "0", "single": 0, "double": "0", "triple": "0", "homers": "0", "rbi": "0", "sb": "0", "bb": "0", "ks": "0"}}, {"info": {"full": "Jacoby Ellsbury", "pos": "CF"}, "batting": {"fp": 0.0, "runs": "0", "single": 0, "double": "0", "triple": "0", "homers": "0", "rbi": "0", "sb": "0", "bb": "0", "ks": "0"}}, {"info": {"full": "Jake Elmore", "pos": "RF"}, "batting": {"fp": -1.25, "runs": "0", "single": 1, "double": "0", "triple": "0", "homers": "0", "rbi": "0", "sb": "0", "bb": "0", "ks": "3"}}, {"info": {"full": "Phillip Ervin", "pos": "CF"}, "batting": {"fp": 75.75, "runs": "14", "single": 19, "double": "4", "triple": "5", "homers": "2", "rbi": "13", "sb": "3", "bb": "8", "ks": "27"}}, {"info": {"full": "Alcides Escobar", "pos": "SS"}, "batting": {"fp": 0.0, "runs": "0", "single": 0, "double": "0", "triple": "0", "homers": "0", "rbi": "0", "sb": "0", "bb": "0", "ks": "0"}}, {"info": {"full": "Taylor Featherston", "pos": "3B"}, "batting": {"fp": 0.0, "runs": "0", "single": 0, "double": "0", "triple": "0", "homers": "0", "rbi": "0", "sb": "0", "bb": "0", "ks": "0"}}, {"info": {"full": "Tim Federowicz", "pos": "C"}, "batting": {"fp": 26.75, "runs": "6", "single": 5, "double": "2", "triple": "0", "homers": "4", "rbi": "7", "sb": "1", "bb": "5", "ks": "28"}}, {"info": {"full": "Derek Fisher", "pos": "LF"}, "batting": {"fp": 37.75, "runs": "9", "single": 8, "double": "2", "triple": "1", "homers": "1", "rbi": "5", "sb": "4", "bb": "7", "ks": "14"}}, {"info": {"full": "Ryan Flaherty", "pos": "3B"}, "batting": {"fp": 0.0, "runs": "0", "single": 0, "double": "0", "triple": "0", "homers": "0", "rbi": "0", "sb": "0", "bb": "0", "ks": "0"}}, {"info": {"full": "Wilmer Flores", "pos": "2B"}, "batting": {"fp": 78.25, "runs": "13", "single": 27, "double": "10", "triple": "0", "homers": "2", "rbi": "15", "sb": "0", "bb": "8", "ks": "17"}}, {"info": {"full": "Tyler Flowers", "pos": "C"}, "batting": {"fp": 87.25, "runs": "23", "single": 25, "double": "6", "triple": "2", "homers": "8", "rbi": "19", "sb": "0", "bb": "19", "ks": "72"}}, {"info": {"full": "Logan Forsythe", "pos": "1B"}, "batting": {"fp": 144.75, "runs": "32", "single": 32, "double": "16", "triple": "1", "homers": "6", "rbi": "34", "sb": "2", "bb": "37", "ks": "68"}}, {"info": {"full": "Dexter Fowler", "pos": "RF"}, "batting": {"fp": 186.75, "runs": "38", "single": 47, "double": "13", "triple": "1", "homers": "12", "rbi": "37", "sb": "5", "bb": "37", "ks": "84"}}, {"info": {"full": "Maikel Franco", "pos": "3B"}, "batting": {"fp": 222.5, "runs": "41", "single": 45, "double": "13", "triple": "0", "homers": "15", "rbi": "46", "sb": "0", "bb": "32", "ks": "46"}}, {"info": {"full": "Nick Franklin", "pos": "LF"}, "batting": {"fp": 0.0, "runs": "0", "single": 0, "double": "0", "triple": "0", "homers": "0", "rbi": "0", "sb": "0", "bb": "0", "ks": "0"}}, {"info": {"full": "Adam Frazier", "pos": "2B"}, "batting": {"fp": 229.25, "runs": "54", "single": 70, "double": "23", "triple": "4", "homers": "5", "rbi": "28", "sb": "3", "bb": "26", "ks": "47"}}, {"info": {"full": "Clint Frazier", "pos": "DH"}, "batting": {"fp": 135.5, "runs": "25", "single": 32, "double": "11", "triple": "0", "homers": "11", "rbi": "34", "sb": "1", "bb": "13", "ks": "59"}}, {"info": {"full": "Todd Frazier", "pos": "3B"}, "batting": {"fp": 186.75, "runs": "38", "single": 44, "double": "8", "triple": "2", "homers": "14", "rbi": "41", "sb": "1", "bb": "26", "ks": "69"}}, {"info": {"full": "David Freese", "pos": "1B"}, "batting": {"fp": 137.0, "runs": "32", "single": 21, "double": "12", "triple": "0", "homers": "9", "rbi": "27", "sb": "0", "bb": "22", "ks": "38"}}, {"info": {"full": "Rocky Gale", "pos": "C"}, "batting": {"fp": -2.25, "runs": "1", "single": 2, "double": "0", "triple": "0", "homers": "0", "rbi": "0", "sb": "0", "bb": "0", "ks": "7"}}, {"info": {"full": "Freddy Galvis", "pos": "SS"}, "batting": {"fp": 239.0, "runs": "48", "single": 69, "double": "22", "triple": "1", "homers": "15", "rbi": "48", "sb": "4", "bb": "20", "ks": "96"}}, {"info": {"full": "Ben Gamel", "pos": "LF"}, "batting": {"fp": 124.5, "runs": "35", "single": 37, "double": "13", "triple": "0", "homers": "6", "rbi": "27", "sb": "2", "bb": "27", "ks": "73"}}, {"info": {"full": "Aramis Garcia", "pos": "C"}, "batting": {"fp": 11.75, "runs": "3", "single": 1, "double": "0", "triple": "0", "homers": "2", "rbi": "3", "sb": "0", "bb": "1", "ks": "8"}}, {"info": {"full": "Avisail Garcia", "pos": "RF"}, "batting": {"fp": 226.0, "runs": "43", "single": 66, "double": "16", "triple": "1", "homers": "13", "rbi": "46", "sb": "9", "bb": "25", "ks": "89"}}, {"info": {"full": "Greg Garcia", "pos": "2B"}, "batting": {"fp": 120.25, "runs": "33", "single": 35, "double": "10", "triple": "3", "homers": "3", "rbi": "24", "sb": "0", "bb": "25", "ks": "50"}}, {"info": {"full": "Leury Garcia", "pos": "SS"}, "batting": {"fp": 209.25, "runs": "65", "single": 85, "double": "21", "triple": "0", "homers": "5", "rbi": "28", "sb": "11", "bb": "16", "ks": "93"}}, {"info": {"full": "Dustin Garneau", "pos": "C"}, "batting": {"fp": 38.0, "runs": "11", "single": 10, "double": "3", "triple": "0", "homers": "2", "rbi": "7", "sb": "0", "bb": "8", "ks": "16"}}, {"info": {"full": "Stone Garrett", "pos": "RF"}, "batting": {"fp": 0.0, "runs": "0", "single": 0, "double": "0", "triple": "0", "homers": "0", "rbi": "0", "sb": "0", "bb": "0", "ks": "0"}}, {"info": {"full": "Evan Gattis", "pos": "C"}, "batting": {"fp": 0.0, "runs": "0", "single": 0, "double": "0", "triple": "0", "homers": "0", "rbi": "0", "sb": "0", "bb": "0", "ks": "0"}}, {"info": {"full": "Craig Gentry", "pos": "LF"}, "batting": {"fp": 0.0, "runs": "0", "single": 0, "double": "0", "triple": "0", "homers": "0", "rbi": "0", "sb": "0", "bb": "0", "ks": "0"}}, {"info": {"full": "Mike Gerber", "pos": "LF"}, "batting": {"fp": -4.0, "runs": "0", "single": 0, "double": "1", "triple": "0", "homers": "0", "rbi": "0", "sb": "0", "bb": "1", "ks": "9"}}, {"info": {"full": "Casey Gillaspie", "pos": "1B"}, "batting": {"fp": 0.0, "runs": "0", "single": 0, "double": "0", "triple": "0", "homers": "0", "rbi": "0", "sb": "0", "bb": "0", "ks": "0"}}, {"info": {"full": "Ruddy Giron", "pos": "SS"}, "batting": {"fp": 0.0, "runs": "0", "single": 0, "double": "0", "triple": "0", "homers": "0", "rbi": "0", "sb": "0", "bb": "0", "ks": "0"}}, {"info": {"full": "Tyler Goeddel", "pos": "LF"}, "batting": {"fp": 0.0, "runs": "0", "single": 0, "double": "0", "triple": "0", "homers": "0", "rbi": "0", "sb": "0", "bb": "0", "ks": "0"}}, {"info": {"full": "Ryan Goins", "pos": "1B"}, "batting": {"fp": 22.0, "runs": "3", "single": 5, "double": "2", "triple": "0", "homers": "2", "rbi": "3", "sb": "0", "bb": "5", "ks": "9"}}, {"info": {"full": "Yan Gomes", "pos": "C"}, "batting": {"fp": 95.0, "runs": "19", "single": 30, "double": "7", "triple": "0", "homers": "5", "rbi": "23", "sb": "1", "bb": "26", "ks": "50"}}, {"info": {"full": "Adrian Gonzalez", "pos": "1B"}, "batting": {"fp": 0.0, "runs": "0", "single": 0, "double": "0", "triple": "0", "homers": "0", "rbi": "0", "sb": "0", "bb": "0", "ks": "0"}}, {"info": {"full": "Erik Gonzalez", "pos": "SS"}, "batting": {"fp": 18.75, "runs": "2", "single": 8, "double": "2", "triple": "1", "homers": "0", "rbi": "2", "sb": "2", "bb": "6", "ks": "13"}}, {"info": {"full": "Brian Goodwin", "pos": "LF"}, "batting": {"fp": 172.25, "runs": "42", "single": 44, "double": "18", "triple": "2", "homers": "9", "rbi": "28", "sb": "3", "bb": "21", "ks": "70"}}, {"info": {"full": "Nick Gordon", "pos": "SS"}, "batting": {"fp": 0.0, "runs": "0", "single": 0, "double": "0", "triple": "0", "homers": "0", "rbi": "0", "sb": "0", "bb": "0", "ks": "0"}}, {"info": {"full": "Terrance Gore", "pos": "LF"}, "batting": {"fp": 50.0, "runs": "13", "single": 11, "double": "2", "triple": "1", "homers": "0", "rbi": "1", "sb": "13", "bb": "6", "ks": "18"}}, {"info": {"full": "Tuffy Gosewisch", "pos": "C"}, "batting": {"fp": 0.0, "runs": "0", "single": 0, "double": "0", "triple": "0", "homers": "0", "rbi": "0", "sb": "0", "bb": "0", "ks": "0"}}, {"info": {"full": "Phil Gosselin", "pos": "SS"}, "batting": {"fp": 16.25, "runs": "3", "single": 8, "double": "3", "triple": "0", "homers": "0", "rbi": "6", "sb": "0", "bb": "1", "ks": "10"}}, {"info": {"full": "Curtis Granderson", "pos": "LF"}, "batting": {"fp": 122.0, "runs": "34", "single": 20, "double": "14", "triple": "1", "homers": "9", "rbi": "27", "sb": "0", "bb": "28", "ks": "76"}}, {"info": {"full": "Juan Graterol", "pos": "C"}, "batting": {"fp": 2.0, "runs": "1", "single": 3, "double": "0", "triple": "0", "homers": "0", "rbi": "1", "sb": "0", "bb": "0", "ks": "4"}}, {"info": {"full": "Grant Green", "pos": "2B"}, "batting": {"fp": 0.0, "runs": "0", "single": 0, "double": "0", "triple": "0", "homers": "0", "rbi": "0", "sb": "0", "bb": "0", "ks": "0"}}, {"info": {"full": "Randal Grichuk", "pos": "RF"}, "batting": {"fp": 208.0, "runs": "46", "single": 54, "double": "16", "triple": "2", "homers": "17", "rbi": "47", "sb": "1", "bb": "28", "ks": "116"}}, {"info": {"full": "Robbie Grossman", "pos": "LF"}, "batting": {"fp": 181.0, "runs": "37", "single": 47, "double": "18", "triple": "1", "homers": "5", "rbi": "29", "sb": "6", "bb": "40", "ks": "52"}}, {"info": {"full": "Gabriel Guerrero", "pos": "RF"}, "batting": {"fp": 0.0, "runs": "0", "single": 0, "double": "0", "triple": "0", "homers": "0", "rbi": "0", "sb": "0", "bb": "0", "ks": "0"}}, {"info": {"full": "Brandon Guyer", "pos": "LF"}, "batting": {"fp": 0.0, "runs": "0", "single": 0, "double": "0", "triple": "0", "homers": "0", "rbi": "0", "sb": "0", "bb": "0", "ks": "0"}}, {"info": {"full": "Ronald Guzman", "pos": "DH"}, "batting": {"fp": 112.0, "runs": "25", "single": 14, "double": "16", "triple": "0", "homers": "8", "rbi": "29", "sb": "1", "bb": "25", "ks": "65"}}, {"info": {"full": "Jedd Gyorko", "pos": "3B"}, "batting": {"fp": 29.0, "runs": "5", "single": 9, "double": "0", "triple": "0", "homers": "2", "rbi": "7", "sb": "2", "bb": "6", "ks": "14"}}, {"info": {"full": "Billy Hamilton", "pos": "CF"}, "batting": {"fp": 112.5, "runs": "30", "single": 43, "double": "10", "triple": "2", "homers": "0", "rbi": "12", "sb": "17", "bb": "24", "ks": "70"}}, {"info": {"full": "Alen Hanson", "pos": "RF"}, "batting": {"fp": 7.5, "runs": "5", "single": 7, "double": "0", "triple": "0", "homers": "0", "rbi": "4", "sb": "1", "bb": "3", "ks": "17"}}, {"info": {"full": "Josh Harrison", "pos": "2B"}, "batting": {"fp": 47.0, "runs": "10", "single": 15, "double": "7", "triple": "1", "homers": "1", "rbi": "8", "sb": "3", "bb": "6", "ks": "26"}}, {"info": {"full": "Ke'Bryan Hayes", "pos": "3B"}, "batting": {"fp": 0.0, "runs": "0", "single": 0, "double": "0", "triple": "0", "homers": "0", "rbi": "0", "sb": "0", "bb": "0", "ks": "0"}}, {"info": {"full": "Chase Headley", "pos": "3B"}, "batting": {"fp": 0.0, "runs": "0", "single": 0, "double": "0", "triple": "0", "homers": "0", "rbi": "0", "sb": "0", "bb": "0", "ks": "0"}}, {"info": {"full": "Ryon Healy", "pos": "1B"}, "batting": {"fp": 113.75, "runs": "24", "single": 17, "double": "16", "triple": "0", "homers": "7", "rbi": "26", "sb": "0", "bb": "13", "ks": "40"}}, {"info": {"full": "Adeiny Hechavarria", "pos": "SS"}, "batting": {"fp": 86.25, "runs": "20", "single": 16, "double": "7", "triple": "0", "homers": "5", "rbi": "18", "sb": "3", "bb": "5", "ks": "22"}}, {"info": {"full": "Austin Hedges", "pos": "C"}, "batting": {"fp": 83.25, "runs": "18", "single": 27, "double": "8", "triple": "0", "homers": "8", "rbi": "29", "sb": "1", "bb": "14", "ks": "79"}}, {"info": {"full": "Guillermo Heredia", "pos": "CF"}, "batting": {"fp": 72.25, "runs": "21", "single": 24, "double": "9", "triple": "0", "homers": "3", "rbi": "16", "sb": "0", "bb": "12", "ks": "41"}}, {"info": {"full": "Elier Hernandez", "pos": "RF"}, "batting": {"fp": 0.0, "runs": "0", "single": 0, "double": "0", "triple": "0", "homers": "0", "rbi": "0", "sb": "0", "bb": "0", "ks": "0"}}, {"info": {"full": "Gorkys Hernandez", "pos": "RF"}, "batting": {"fp": 0.0, "runs": "0", "single": 0, "double": "0", "triple": "0", "homers": "0", "rbi": "0", "sb": "0", "bb": "0", "ks": "0"}}, {"info": {"full": "Marco Hernandez", "pos": "2B"}, "batting": {"fp": 44.25, "runs": "12", "single": 15, "double": "4", "triple": "0", "homers": "2", "rbi": "7", "sb": "1", "bb": "0", "ks": "13"}}, {"info": {"full": "Teoscar Hernandez", "pos": "CF"}, "batting": {"fp": 167.25, "runs": "36", "single": 32, "double": "10", "triple": "1", "homers": "15", "rbi": "38", "sb": "4", "bb": "26", "ks": "87"}}, {"info": {"full": "Dilson Herrera", "pos": "2B"}, "batting": {"fp": 0.0, "runs": "0", "single": 0, "double": "0", "triple": "0", "homers": "0", "rbi": "0", "sb": "0", "bb": "0", "ks": "0"}}, {"info": {"full": "Odubel Herrera", "pos": "CF"}, "batting": {"fp": 60.5, "runs": "12", "single": 16, "double": "10", "triple": "1", "homers": "1", "rbi": "16", "sb": "2", "bb": "11", "ks": "33"}}, {"info": {"full": "Rosell Herrera", "pos": "LF"}, "batting": {"fp": 52.0, "runs": "10", "single": 13, "double": "6", "triple": "0", "homers": "2", "rbi": "11", "sb": "4", "bb": "11", "ks": "27"}}, {"info": {"full": "Chris Herrmann", "pos": "C"}, "batting": {"fp": 16.5, "runs": "4", "single": 7, "double": "2", "triple": "0", "homers": "1", "rbi": "7", "sb": "0", "bb": "2", "ks": "16"}}, {"info": {"full": "Jason Heyward", "pos": "RF"}, "batting": {"fp": 254.25, "runs": "48", "single": 64, "double": "12", "triple": "3", "homers": "15", "rbi": "44", "sb": "6", "bb": "42", "ks": "75"}}, {"info": {"full": "John Hicks", "pos": "C"}, "batting": {"fp": 69.5, "runs": "16", "single": 25, "double": "10", "triple": "0", "homers": "7", "rbi": "18", "sb": "1", "bb": "10", "ks": "72"}}, {"info": {"full": "Bryan Holaday", "pos": "C"}, "batting": {"fp": 40.5, "runs": "7", "single": 14, "double": "2", "triple": "0", "homers": "2", "rbi": "7", "sb": "0", "bb": "7", "ks": "9"}}, {"info": {"full": "Matt Holliday", "pos": "LF"}, "batting": {"fp": 0.0, "runs": "0", "single": 0, "double": "0", "triple": "0", "homers": "0", "rbi": "0", "sb": "0", "bb": "0", "ks": "0"}}, {"info": {"full": "Brock Holt", "pos": "2B"}, "batting": {"fp": 91.5, "runs": "24", "single": 34, "double": "8", "triple": "1", "homers": "1", "rbi": "20", "sb": "1", "bb": "11", "ks": "29"}}, {"info": {"full": "Chad Huffman", "pos": "1B"}, "batting": {"fp": 0.0, "runs": "0", "single": 0, "double": "0", "triple": "0", "homers": "0", "rbi": "0", "sb": "0", "bb": "0", "ks": "0"}}, {"info": {"full": "Nick Hundley", "pos": "C"}, "batting": {"fp": 26.0, "runs": "5", "single": 8, "double": "3", "triple": "1", "homers": "2", "rbi": "5", "sb": "0", "bb": "2", "ks": "18"}}, {"info": {"full": "Chris Iannetta", "pos": "C"}, "batting": {"fp": 77.75, "runs": "18", "single": 14, "double": "9", "triple": "0", "homers": "6", "rbi": "21", "sb": "0", "bb": "18", "ks": "49"}}, {"info": {"full": "Jose Iglesias", "pos": "SS"}, "batting": {"fp": 193.0, "runs": "38", "single": 71, "double": "13", "triple": "2", "homers": "6", "rbi": "39", "sb": "4", "bb": "14", "ks": "50"}}, {"info": {"full": "Ender Inciarte", "pos": "CF"}, "batting": {"fp": 85.75, "runs": "19", "single": 21, "double": "5", "triple": "1", "homers": "4", "rbi": "15", "sb": "4", "bb": "16", "ks": "31"}}, {"info": {"full": "Alex Jackson", "pos": "C"}, "batting": {"fp": -1.5, "runs": "0", "single": 0, "double": "0", "triple": "0", "homers": "0", "rbi": "0", "sb": "0", "bb": "1", "ks": "3"}}, {"info": {"full": "Austin Jackson", "pos": "CF"}, "batting": {"fp": 0.0, "runs": "0", "single": 0, "double": "0", "triple": "0", "homers": "0", "rbi": "0", "sb": "0", "bb": "0", "ks": "0"}}, {"info": {"full": "Drew Jackson", "pos": "CF"}, "batting": {"fp": 0.0, "runs": "0", "single": 0, "double": "0", "triple": "0", "homers": "0", "rbi": "0", "sb": "0", "bb": "1", "ks": "1"}}, {"info": {"full": "Travis Jankowski", "pos": "CF"}, "batting": {"fp": 0.0, "runs": "0", "single": 0, "double": "0", "triple": "0", "homers": "0", "rbi": "0", "sb": "0", "bb": "0", "ks": "0"}}, {"info": {"full": "Jon Jay", "pos": "LF"}, "batting": {"fp": 45.0, "runs": "10", "single": 23, "double": "7", "triple": "0", "homers": "0", "rbi": "7", "sb": "0", "bb": "4", "ks": "16"}}, {"info": {"full": "Eric Jenkins", "pos": "LF"}, "batting": {"fp": 0.0, "runs": "0", "single": 0, "double": "0", "triple": "0", "homers": "0", "rbi": "0", "sb": "0", "bb": "0", "ks": "0"}}, {"info": {"full": "Chris Johnson", "pos": "3B"}, "batting": {"fp": 0.0, "runs": "0", "single": 0, "double": "0", "triple": "0", "homers": "0", "rbi": "0", "sb": "0", "bb": "0", "ks": "0"}}, {"info": {"full": "Micah Johnson", "pos": "2B"}, "batting": {"fp": 0.0, "runs": "0", "single": 0, "double": "0", "triple": "0", "homers": "0", "rbi": "0", "sb": "0", "bb": "0", "ks": "0"}}, {"info": {"full": "Adam Jones", "pos": "RF"}, "batting": {"fp": 237.75, "runs": "53", "single": 65, "double": "20", "triple": "0", "homers": "13", "rbi": "46", "sb": "2", "bb": "21", "ks": "68"}}, {"info": {"full": "JaCoby Jones", "pos": "CF"}, "batting": {"fp": 151.5, "runs": "33", "single": 34, "double": "17", "triple": "2", "homers": "10", "rbi": "25", "sb": "7", "bb": "22", "ks": "84"}}, {"info": {"full": "Jahmai Jones", "pos": "CF"}, "batting": {"fp": 0.0, "runs": "0", "single": 0, "double": "0", "triple": "0", "homers": "0", "rbi": "0", "sb": "0", "bb": "0", "ks": "0"}}, {"info": {"full": "Nolan Jones", "pos": "3B"}, "batting": {"fp": 0.0, "runs": "0", "single": 0, "double": "0", "triple": "0", "homers": "0", "rbi": "0", "sb": "0", "bb": "0", "ks": "0"}}, {"info": {"full": "Caleb Joseph", "pos": "C"}, "batting": {"fp": 6.75, "runs": "4", "single": 2, "double": "2", "triple": "0", "homers": "0", "rbi": "2", "sb": "0", "bb": "1", "ks": "8"}}, {"info": {"full": "Corban Joseph", "pos": "1B"}, "batting": {"fp": 0.0, "runs": "0", "single": 0, "double": "0", "triple": "0", "homers": "0", "rbi": "0", "sb": "0", "bb": "0", "ks": "0"}}, {"info": {"full": "Matt Joyce", "pos": "LF"}, "batting": {"fp": 63.0, "runs": "13", "single": 14, "double": "7", "triple": "0", "homers": "3", "rbi": "10", "sb": "0", "bb": "16", "ks": "20"}}, {"info": {"full": "Jung Ho Kang", "pos": "3B"}, "batting": {"fp": 81.25, "runs": "15", "single": 11, "double": "7", "triple": "1", "homers": "10", "rbi": "24", "sb": "0", "bb": "11", "ks": "60"}}, {"info": {"full": "Ty Kelly", "pos": "2B"}, "batting": {"fp": 0.0, "runs": "0", "single": 0, "double": "0", "triple": "0", "homers": "0", "rbi": "0", "sb": "0", "bb": "0", "ks": "0"}}, {"info": {"full": "Matt Kemp", "pos": "LF"}, "batting": {"fp": 13.5, "runs": "4", "single": 9, "double": "2", "triple": "0", "homers": "1", "rbi": "5", "sb": "0", "bb": "1", "ks": "19"}}, {"info": {"full": "Spencer Kieboom", "pos": "C"}, "batting": {"fp": 0.0, "runs": "0", "single": 0, "double": "0", "triple": "0", "homers": "0", "rbi": "0", "sb": "0", "bb": "0", "ks": "0"}}, {"info": {"full": "Kevin Kiermaier", "pos": "CF"}, "batting": {"fp": 232.5, "runs": "43", "single": 50, "double": "13", "triple": "6", "homers": "10", "rbi": "43", "sb": "17", "bb": "20", "ks": "70"}}, {"info": {"full": "Scott Kingery", "pos": "SS"}, "batting": {"fp": 188.0, "runs": "40", "single": 39, "double": "20", "triple": "2", "homers": "13", "rbi": "30", "sb": "7", "bb": "21", "ks": "85"}}, {"info": {"full": "Ian Kinsler", "pos": "2B"}, "batting": {"fp": 122.5, "runs": "26", "single": 34, "double": "12", "triple": "0", "homers": "8", "rbi": "20", "sb": "2", "bb": "18", "ks": "52"}}, {"info": {"full": "Jason Kipnis", "pos": "2B"}, "batting": {"fp": 193.75, "runs": "35", "single": 55, "double": "14", "triple": "1", "homers": "8", "rbi": "42", "sb": "5", "bb": "31", "ks": "58"}}, {"info": {"full": "Patrick Kivlehan", "pos": "RF"}, "batting": {"fp": 0.0, "runs": "0", "single": 0, "double": "0", "triple": "0", "homers": "0", "rbi": "0", "sb": "0", "bb": "0", "ks": "0"}}, {"info": {"full": "Andrew Knapp", "pos": "C"}, "batting": {"fp": 21.25, "runs": "8", "single": 11, "double": "3", "triple": "0", "homers": "1", "rbi": "4", "sb": "0", "bb": "14", "ks": "31"}}, {"info": {"full": "Pete Kozma", "pos": "SS"}, "batting": {"fp": 0.0, "runs": "0", "single": 0, "double": "0", "triple": "0", "homers": "0", "rbi": "0", "sb": "0", "bb": "0", "ks": "0"}}, {"info": {"full": "Erik Kratz", "pos": "C"}, "batting": {"fp": 6.0, "runs": "1", "single": 2, "double": "2", "triple": "0", "homers": "1", "rbi": "3", "sb": "0", "bb": "2", "ks": "14"}}, {"info": {"full": "Juan Lagares", "pos": "CF"}, "batting": {"fp": 53.75, "runs": "19", "single": 21, "double": "6", "triple": "0", "homers": "2", "rbi": "15", "sb": "3", "bb": "12", "ks": "51"}}, {"info": {"full": "Ryan LaMarre", "pos": "LF"}, "batting": {"fp": 0.0, "runs": "0", "single": 0, "double": "0", "triple": "0", "homers": "0", "rbi": "0", "sb": "0", "bb": "0", "ks": "0"}}, {"info": {"full": "Jake Lamb", "pos": "1B"}, "batting": {"fp": 61.0, "runs": "15", "single": 9, "double": "6", "triple": "1", "homers": "3", "rbi": "12", "sb": "0", "bb": "16", "ks": "24"}}, {"info": {"full": "Ryan Lavarnway", "pos": "C"}, "batting": {"fp": 23.0, "runs": "4", "single": 1, "double": "2", "triple": "0", "homers": "2", "rbi": "7", "sb": "0", "bb": "1", "ks": "5"}}, {"info": {"full": "Sandy Leon", "pos": "C"}, "batting": {"fp": 51.25, "runs": "10", "single": 18, "double": "2", "triple": "0", "homers": "4", "rbi": "15", "sb": "0", "bb": "10", "ks": "31"}}, {"info": {"full": "Domingo Leyba", "pos": "2B"}, "batting": {"fp": 3.75, "runs": "1", "single": 2, "double": "1", "triple": "0", "homers": "0", "rbi": "1", "sb": "0", "bb": "1", "ks": "4"}}, {"info": {"full": "Desmond Lindsay", "pos": "CF"}, "batting": {"fp": 0.0, "runs": "0", "single": 0, "double": "0", "triple": "0", "homers": "0", "rbi": "0", "sb": "0", "bb": "0", "ks": "0"}}, {"info": {"full": "Rymer Liriano", "pos": "LF"}, "batting": {"fp": 0.0, "runs": "0", "single": 0, "double": "0", "triple": "0", "homers": "0", "rbi": "0", "sb": "0", "bb": "0", "ks": "0"}}, {"info": {"full": "Jose Lobaton", "pos": "C"}, "batting": {"fp": 0.0, "runs": "0", "single": 0, "double": "0", "triple": "0", "homers": "0", "rbi": "0", "sb": "0", "bb": "0", "ks": "0"}}, {"info": {"full": "Evan Longoria", "pos": "3B"}, "batting": {"fp": 193.75, "runs": "38", "single": 38, "double": "14", "triple": "2", "homers": "13", "rbi": "39", "sb": "2", "bb": "29", "ks": "64"}}, {"info": {"full": "Raffy Lopez", "pos": "C"}, "batting": {"fp": 0.0, "runs": "0", "single": 0, "double": "0", "triple": "0", "homers": "0", "rbi": "0", "sb": "0", "bb": "0", "ks": "0"}}, {"info": {"full": "Jed Lowrie", "pos": "2B"}, "batting": {"fp": 0.0, "runs": "0", "single": 0, "double": "0", "triple": "0", "homers": "0", "rbi": "0", "sb": "0", "bb": "0", "ks": "0"}}, {"info": {"full": "Dawel Lugo", "pos": "DH"}, "batting": {"fp": 29.25, "runs": "5", "single": 13, "double": "0", "triple": "3", "homers": "1", "rbi": "7", "sb": "0", "bb": "2", "ks": "19"}}, {"info": {"full": "Dixon Machado", "pos": "SS"}, "batting": {"fp": 0.0, "runs": "0", "single": 0, "double": "0", "triple": "0", "homers": "0", "rbi": "0", "sb": "0", "bb": "0", "ks": "0"}}, {"info": {"full": "Mikie Mahtook", "pos": "DH"}, "batting": {"fp": -6.75, "runs": "0", "single": 0, "double": "0", "triple": "0", "homers": "0", "rbi": "0", "sb": "0", "bb": "2", "ks": "11"}}, {"info": {"full": "Luke Maile", "pos": "C"}, "batting": {"fp": 34.5, "runs": "9", "single": 13, "double": "2", "triple": "1", "homers": "2", "rbi": "9", "sb": "1", "bb": "7", "ks": "29"}}, {"info": {"full": "Kevin Maitan", "pos": "SS"}, "batting": {"fp": 0.0, "runs": "0", "single": 0, "double": "0", "triple": "0", "homers": "0", "rbi": "0", "sb": "0", "bb": "0", "ks": "0"}}, {"info": {"full": "Martin Maldonado", "pos": "C"}, "batting": {"fp": 105.25, "runs": "26", "single": 33, "double": "15", "triple": "0", "homers": "6", "rbi": "17", "sb": "0", "bb": "19", "ks": "60"}}, {"info": {"full": "Manuel Margot", "pos": "CF"}, "batting": {"fp": 170.75, "runs": "40", "single": 39, "double": "14", "triple": "1", "homers": "6", "rbi": "20", "sb": "15", "bb": "27", "ks": "54"}}, {"info": {"full": "Jake Marisnick", "pos": "CF"}, "batting": {"fp": 134.5, "runs": "32", "single": 26, "double": "14", "triple": "2", "homers": "8", "rbi": "25", "sb": "8", "bb": "12", "ks": "66"}}, {"info": {"full": "Nick Markakis", "pos": "RF"}, "batting": {"fp": 276.5, "runs": "57", "single": 71, "double": "22", "triple": "2", "homers": "9", "rbi": "55", "sb": "2", "bb": "43", "ks": "53"}}, {"info": {"full": "Deven Marrero", "pos": "SS"}, "batting": {"fp": 0.0, "runs": "0", "single": 0, "double": "0", "triple": "0", "homers": "0", "rbi": "0", "sb": "0", "bb": "0", "ks": "0"}}, {"info": {"full": "Brandon Marsh", "pos": "RF"}, "batting": {"fp": 0.0, "runs": "0", "single": 0, "double": "0", "triple": "0", "homers": "0", "rbi": "0", "sb": "0", "bb": "0", "ks": "0"}}, {"info": {"full": "Leonys Martin", "pos": "CF"}, "batting": {"fp": 106.25, "runs": "32", "single": 31, "double": "7", "triple": "0", "homers": "9", "rbi": "19", "sb": "4", "bb": "21", "ks": "78"}}, {"info": {"full": "Richie Martin", "pos": "SS"}, "batting": {"fp": 71.0, "runs": "20", "single": 26, "double": "6", "triple": "3", "homers": "4", "rbi": "11", "sb": "6", "bb": "12", "ks": "68"}}, {"info": {"full": "Russell Martin", "pos": "C"}, "batting": {"fp": 60.0, "runs": "21", "single": 26, "double": "3", "triple": "0", "homers": "2", "rbi": "9", "sb": "0", "bb": "22", "ks": "38"}}, {"info": {"full": "Eddy Martinez", "pos": "RF"}, "batting": {"fp": 0.0, "runs": "0", "single": 0, "double": "0", "triple": "0", "homers": "0", "rbi": "0", "sb": "0", "bb": "0", "ks": "0"}}, {"info": {"full": "Jose Martinez", "pos": "RF"}, "batting": {"fp": 185.0, "runs": "38", "single": 56, "double": "12", "triple": "0", "homers": "10", "rbi": "39", "sb": "1", "bb": "31", "ks": "63"}}, {"info": {"full": "Michael Martinez", "pos": "2B"}, "batting": {"fp": 0.0, "runs": "0", "single": 0, "double": "0", "triple": "0", "homers": "0", "rbi": "0", "sb": "0", "bb": "0", "ks": "0"}}, {"info": {"full": "Jorge Mateo", "pos": "SS"}, "batting": {"fp": 0.0, "runs": "0", "single": 0, "double": "0", "triple": "0", "homers": "0", "rbi": "0", "sb": "0", "bb": "0", "ks": "0"}}, {"info": {"full": "Jeff Mathis", "pos": "C"}, "batting": {"fp": 23.75, "runs": "15", "single": 20, "double": "4", "triple": "0", "homers": "2", "rbi": "9", "sb": "0", "bb": "12", "ks": "63"}}, {"info": {"full": "Bruce Maxwell", "pos": "C"}, "batting": {"fp": 0.0, "runs": "0", "single": 0, "double": "0", "triple": "0", "homers": "0", "rbi": "0", "sb": "0", "bb": "0", "ks": "0"}}, {"info": {"full": "Brian McCann", "pos": "C"}, "batting": {"fp": 143.25, "runs": "22", "single": 36, "double": "8", "triple": "0", "homers": "10", "rbi": "35", "sb": "0", "bb": "20", "ks": "41"}}, {"info": {"full": "Andrew McCutchen", "pos": "CF"}, "batting": {"fp": 180.0, "runs": "45", "single": 33, "double": "12", "triple": "1", "homers": "10", "rbi": "29", "sb": "2", "bb": "43", "ks": "55"}}, {"info": {"full": "Reese McGuire", "pos": "C"}, "batting": {"fp": -0.5, "runs": "0", "single": 1, "double": "0", "triple": "0", "homers": "0", "rbi": "0", "sb": "0", "bb": "0", "ks": "2"}}, {"info": {"full": "Billy McKinney", "pos": "DH"}, "batting": {"fp": 95.5, "runs": "26", "single": 20, "double": "11", "triple": "1", "homers": "7", "rbi": "17", "sb": "0", "bb": "12", "ks": "50"}}, {"info": {"full": "Ryan McMahon", "pos": "3B"}, "batting": {"fp": 199.0, "runs": "46", "single": 52, "double": "15", "triple": "1", "homers": "11", "rbi": "51", "sb": "3", "bb": "34", "ks": "94"}}, {"info": {"full": "Jordy Mercer", "pos": "SS"}, "batting": {"fp": 52.5, "runs": "10", "single": 16, "double": "7", "triple": "0", "homers": "4", "rbi": "6", "sb": "0", "bb": "7", "ks": "25"}}, {"info": {"full": "Devin Mesoraco", "pos": "C"}, "batting": {"fp": 0.0, "runs": "0", "single": 0, "double": "0", "triple": "0", "homers": "0", "rbi": "0", "sb": "0", "bb": "0", "ks": "0"}}, {"info": {"full": "Brad Miller", "pos": "LF"}, "batting": {"fp": 57.0, "runs": "11", "single": 10, "double": "3", "triple": "1", "homers": "4", "rbi": "11", "sb": "2", "bb": "10", "ks": "22"}}, {"info": {"full": "Mickey Moniak", "pos": "CF"}, "batting": {"fp": 0.0, "runs": "0", "single": 0, "double": "0", "triple": "0", "homers": "0", "rbi": "0", "sb": "0", "bb": "0", "ks": "0"}}, {"info": {"full": "Adam Moore", "pos": "C"}, "batting": {"fp": 0.0, "runs": "0", "single": 0, "double": "0", "triple": "0", "homers": "0", "rbi": "0", "sb": "0", "bb": "0", "ks": "0"}}, {"info": {"full": "Kendrys Morales", "pos": "DH"}, "batting": {"fp": 74.0, "runs": "16", "single": 28, "double": "2", "triple": "1", "homers": "2", "rbi": "12", "sb": "0", "bb": "26", "ks": "26"}}, {"info": {"full": "Colin Moran", "pos": "3B"}, "batting": {"fp": 198.25, "runs": "33", "single": 56, "double": "18", "triple": "1", "homers": "11", "rbi": "60", "sb": "0", "bb": "18", "ks": "79"}}, {"info": {"full": "Mitch Moreland", "pos": "1B"}, "batting": {"fp": 150.5, "runs": "27", "single": 14, "double": "10", "triple": "0", "homers": "13", "rbi": "36", "sb": "1", "bb": "22", "ks": "40"}}, {"info": {"full": "Max Moroff", "pos": "SS"}, "batting": {"fp": 7.5, "runs": "3", "single": 2, "double": "1", "triple": "0", "homers": "1", "rbi": "4", "sb": "1", "bb": "2", "ks": "16"}}, {"info": {"full": "Logan Morrison", "pos": "1B"}, "batting": {"fp": 0.0, "runs": "0", "single": 0, "double": "0", "triple": "0", "homers": "0", "rbi": "0", "sb": "0", "bb": "0", "ks": "0"}}, {"info": {"full": "Brandon Moss", "pos": "1B"}, "batting": {"fp": 0.0, "runs": "0", "single": 0, "double": "0", "triple": "0", "homers": "0", "rbi": "0", "sb": "0", "bb": "0", "ks": "0"}}, {"info": {"full": "Taylor Motter", "pos": "SS"}, "batting": {"fp": 0.0, "runs": "0", "single": 0, "double": "0", "triple": "0", "homers": "0", "rbi": "0", "sb": "0", "bb": "0", "ks": "0"}}, {"info": {"full": "Yairo Munoz", "pos": "2B"}, "batting": {"fp": 82.0, "runs": "17", "single": 27, "double": "7", "triple": "1", "homers": "2", "rbi": "11", "sb": "7", "bb": "4", "ks": "24"}}, {"info": {"full": "John Ryan Murphy", "pos": "DH"}, "batting": {"fp": 29.5, "runs": "9", "single": 4, "double": "3", "triple": "0", "homers": "4", "rbi": "7", "sb": "0", "bb": "6", "ks": "28"}}, {"info": {"full": "Tom Murphy", "pos": "C"}, "batting": {"fp": 92.25, "runs": "15", "single": 22, "double": "8", "triple": "0", "homers": "10", "rbi": "24", "sb": "1", "bb": "6", "ks": "55"}}, {"info": {"full": "Wil Myers", "pos": "LF"}, "batting": {"fp": 160.25, "runs": "44", "single": 35, "double": "13", "triple": "0", "homers": "13", "rbi": "30", "sb": "9", "bb": "38", "ks": "115"}}, {"info": {"full": "Tyler Naquin", "pos": "RF"}, "batting": {"fp": 151.75, "runs": "27", "single": 36, "double": "17", "triple": "0", "homers": "9", "rbi": "31", "sb": "4", "bb": "10", "ks": "49"}}, {"info": {"full": "Daniel Nava", "pos": "LF"}, "batting": {"fp": 0.0, "runs": "0", "single": 0, "double": "0", "triple": "0", "homers": "0", "rbi": "0", "sb": "0", "bb": "0", "ks": "0"}}, {"info": {"full": "Josh Naylor", "pos": "DH"}, "batting": {"fp": 54.25, "runs": "11", "single": 18, "double": "4", "triple": "0", "homers": "3", "rbi": "16", "sb": "1", "bb": "8", "ks": "29"}}, {"info": {"full": "Kristopher Negron", "pos": "2B"}, "batting": {"fp": 5.75, "runs": "3", "single": 5, "double": "0", "triple": "0", "homers": "0", "rbi": "1", "sb": "1", "bb": "2", "ks": "9"}}, {"info": {"full": "Sheldon Neuse", "pos": "3B"}, "batting": {"fp": 0.0, "runs": "0", "single": 0, "double": "0", "triple": "0", "homers": "0", "rbi": "0", "sb": "0", "bb": "0", "ks": "0"}}, {"info": {"full": "Kevin Newman", "pos": "SS"}, "batting": {"fp": 193.0, "runs": "28", "single": 69, "double": "13", "triple": "2", "homers": "6", "rbi": "35", "sb": "6", "bb": "18", "ks": "38"}}, {"info": {"full": "Brett Nicholas", "pos": "C"}, "batting": {"fp": 0.0, "runs": "0", "single": 0, "double": "0", "triple": "0", "homers": "0", "rbi": "0", "sb": "0", "bb": "0", "ks": "0"}}, {"info": {"full": "Kirk Nieuwenhuis", "pos": "CF"}, "batting": {"fp": 0.0, "runs": "0", "single": 0, "double": "0", "triple": "0", "homers": "0", "rbi": "0", "sb": "0", "bb": "0", "ks": "0"}}, {"info": {"full": "Brandon Nimmo", "pos": "CF"}, "batting": {"fp": 64.5, "runs": "20", "single": 16, "double": "7", "triple": "0", "homers": "3", "rbi": "14", "sb": "1", "bb": "26", "ks": "48"}}, {"info": {"full": "Derek Norris", "pos": "C"}, "batting": {"fp": 0.0, "runs": "0", "single": 0, "double": "0", "triple": "0", "homers": "0", "rbi": "0", "sb": "0", "bb": "0", "ks": "0"}}, {"info": {"full": "Jacob Nottingham", "pos": "DH"}, "batting": {"fp": 9.5, "runs": "1", "single": 1, "double": "0", "triple": "0", "homers": "1", "rbi": "4", "sb": "0", "bb": "0", "ks": "2"}}, {"info": {"full": "Renato Nunez", "pos": "1B"}, "batting": {"fp": 281.75, "runs": "55", "single": 49, "double": "20", "triple": "0", "homers": "26", "rbi": "61", "sb": "0", "bb": "31", "ks": "102"}}, {"info": {"full": "Peter O'Brien", "pos": "OF"}, "batting": {"fp": 8.75, "runs": "2", "single": 5, "double": "1", "triple": "0", "homers": "1", "rbi": "4", "sb": "1", "bb": "4", "ks": "19"}}, {"info": {"full": "Josh Ockimey", "pos": "1B"}, "batting": {"fp": 0.0, "runs": "0", "single": 0, "double": "0", "triple": "0", "homers": "0", "rbi": "0", "sb": "0", "bb": "0", "ks": "0"}}, {"info": {"full": "Ryan O'Hearn", "pos": "1B"}, "batting": {"fp": 85.75, "runs": "19", "single": 22, "double": "7", "triple": "1", "homers": "6", "rbi": "20", "sb": "0", "bb": "25", "ks": "56"}}, {"info": {"full": "Tyler O'Neill", "pos": "LF"}, "batting": {"fp": 64.25, "runs": "14", "single": 25, "double": "5", "triple": "0", "homers": "5", "rbi": "16", "sb": "1", "bb": "7", "ks": "44"}}, {"info": {"full": "Paulo Orlando", "pos": "RF"}, "batting": {"fp": 0.0, "runs": "0", "single": 0, "double": "0", "triple": "0", "homers": "0", "rbi": "0", "sb": "0", "bb": "0", "ks": "0"}}, {"info": {"full": "Rafael Ortega", "pos": "LF"}, "batting": {"fp": 0.0, "runs": "0", "single": 0, "double": "0", "triple": "0", "homers": "0", "rbi": "0", "sb": "0", "bb": "0", "ks": "0"}}, {"info": {"full": "Chris Owings", "pos": "3B"}, "batting": {"fp": 23.75, "runs": "9", "single": 11, "double": "4", "triple": "1", "homers": "2", "rbi": "9", "sb": "4", "bb": "8", "ks": "55"}}, {"info": {"full": "Daniel Palka", "pos": "RF"}, "batting": {"fp": -6.0, "runs": "0", "single": 1, "double": "0", "triple": "0", "homers": "0", "rbi": "2", "sb": "0", "bb": "6", "ks": "18"}}, {"info": {"full": "Joe Panik", "pos": "2B"}, "batting": {"fp": 172.0, "runs": "33", "single": 58, "double": "16", "triple": "1", "homers": "3", "rbi": "27", "sb": "3", "bb": "34", "ks": "38"}}, {"info": {"full": "Jarrett Parker", "pos": "LF"}, "batting": {"fp": -2.75, "runs": "1", "single": 0, "double": "0", "triple": "0", "homers": "0", "rbi": "0", "sb": "0", "bb": "3", "ks": "8"}}, {"info": {"full": "Gerardo Parra", "pos": "RF"}, "batting": {"fp": 119.5, "runs": "25", "single": 30, "double": "10", "triple": "0", "homers": "5", "rbi": "29", "sb": "5", "bb": "13", "ks": "39"}}, {"info": {"full": "Jordan Patterson", "pos": "RF"}, "batting": {"fp": 0.0, "runs": "0", "single": 0, "double": "0", "triple": "0", "homers": "0", "rbi": "0", "sb": "0", "bb": "0", "ks": "0"}}, {"info": {"full": "Steve Pearce", "pos": "1B"}, "batting": {"fp": 24.0, "runs": "9", "single": 11, "double": "4", "triple": "0", "homers": "1", "rbi": "9", "sb": "0", "bb": "7", "ks": "31"}}, {"info": {"full": "Dustin Pedroia", "pos": "2B"}, "batting": {"fp": 3.25, "runs": "1", "single": 2, "double": "0", "triple": "0", "homers": "0", "rbi": "1", "sb": "0", "bb": "1", "ks": "2"}}, {"info": {"full": "Francisco Pena", "pos": "C"}, "batting": {"fp": 0.0, "runs": "0", "single": 0, "double": "0", "triple": "0", "homers": "0", "rbi": "0", "sb": "0", "bb": "0", "ks": "0"}}, {"info": {"full": "Cliff Pennington", "pos": "2B"}, "batting": {"fp": 0.0, "runs": "0", "single": 0, "double": "0", "triple": "0", "homers": "0", "rbi": "0", "sb": "0", "bb": "0", "ks": "0"}}, {"info": {"full": "Max Pentecost", "pos": "C"}, "batting": {"fp": 0.0, "runs": "0", "single": 0, "double": "0", "triple": "0", "homers": "0", "rbi": "0", "sb": "0", "bb": "0", "ks": "0"}}, {"info": {"full": "Jose Peraza", "pos": "3B"}, "batting": {"fp": 145.0, "runs": "28", "single": 44, "double": "10", "triple": "2", "homers": "6", "rbi": "29", "sb": "5", "bb": "11", "ks": "43"}}, {"info": {"full": "Carlos Perez", "pos": "C"}, "batting": {"fp": 0.0, "runs": "0", "single": 0, "double": "0", "triple": "0", "homers": "0", "rbi": "0", "sb": "0", "bb": "0", "ks": "0"}}, {"info": {"full": "Hernan Perez", "pos": "2B"}, "batting": {"fp": 76.25, "runs": "20", "single": 23, "double": "7", "triple": "0", "homers": "5", "rbi": "11", "sb": "4", "bb": "9", "ks": "42"}}, {"info": {"full": "Salvador Perez", "pos": "C"}, "batting": {"fp": 0.0, "runs": "0", "single": 0, "double": "0", "triple": "0", "homers": "0", "rbi": "0", "sb": "0", "bb": "0", "ks": "0"}}, {"info": {"full": "D.J. Peterson", "pos": "1B"}, "batting": {"fp": 0.0, "runs": "0", "single": 0, "double": "0", "triple": "0", "homers": "0", "rbi": "0", "sb": "0", "bb": "0", "ks": "0"}}, {"info": {"full": "Jace Peterson", "pos": "LF"}, "batting": {"fp": 11.75, "runs": "2", "single": 4, "double": "0", "triple": "0", "homers": "0", "rbi": "2", "sb": "3", "bb": "1", "ks": "4"}}, {"info": {"full": "Shane Peterson", "pos": "RF"}, "batting": {"fp": 0.0, "runs": "0", "single": 0, "double": "0", "triple": "0", "homers": "0", "rbi": "0", "sb": "0", "bb": "0", "ks": "0"}}, {"info": {"full": "Gregorio Petit", "pos": "SS"}, "batting": {"fp": 0.0, "runs": "0", "single": 0, "double": "0", "triple": "0", "homers": "0", "rbi": "0", "sb": "0", "bb": "0", "ks": "0"}}, {"info": {"full": "Josh Phegley", "pos": "C"}, "batting": {"fp": 169.0, "runs": "34", "single": 34, "double": "14", "triple": "0", "homers": "10", "rbi": "47", "sb": "0", "bb": "10", "ks": "42"}}, {"info": {"full": "Brandon Phillips", "pos": "2B"}, "batting": {"fp": 0.0, "runs": "0", "single": 0, "double": "0", "triple": "0", "homers": "0", "rbi": "0", "sb": "0", "bb": "0", "ks": "0"}}, {"info": {"full": "Brett Phillips", "pos": "CF"}, "batting": {"fp": 0.0, "runs": "0", "single": 0, "double": "0", "triple": "0", "homers": "0", "rbi": "0", "sb": "0", "bb": "0", "ks": "0"}}, {"info": {"full": "Kevin Pillar", "pos": "CF"}, "batting": {"fp": 259.0, "runs": "51", "single": 58, "double": "27", "triple": "1", "homers": "12", "rbi": "55", "sb": "8", "bb": "12", "ks": "64"}}, {"info": {"full": "Manny Pina", "pos": "C"}, "batting": {"fp": 59.0, "runs": "8", "single": 11, "double": "3", "triple": "0", "homers": "6", "rbi": "16", "sb": "0", "bb": "11", "ks": "27"}}, {"info": {"full": "Chad Pinder", "pos": "LF"}, "batting": {"fp": 132.0, "runs": "31", "single": 33, "double": "13", "triple": "0", "homers": "8", "rbi": "32", "sb": "0", "bb": "11", "ks": "51"}}, {"info": {"full": "Jose Pirela", "pos": "LF"}, "batting": {"fp": -2.25, "runs": "0", "single": 0, "double": "0", "triple": "0", "homers": "0", "rbi": "0", "sb": "0", "bb": "0", "ks": "3"}}, {"info": {"full": "Stephen Piscotty", "pos": "RF"}, "batting": {"fp": 169.75, "runs": "37", "single": 47, "double": "15", "triple": "1", "homers": "9", "rbi": "35", "sb": "2", "bb": "27", "ks": "70"}}, {"info": {"full": "Kevin Plawecki", "pos": "C"}, "batting": {"fp": 49.5, "runs": "10", "single": 14, "double": "7", "triple": "0", "homers": "2", "rbi": "12", "sb": "0", "bb": "9", "ks": "23"}}, {"info": {"full": "Trevor Plouffe", "pos": "3B"}, "batting": {"fp": 0.0, "runs": "0", "single": 0, "double": "0", "triple": "0", "homers": "0", "rbi": "0", "sb": "0", "bb": "0", "ks": "0"}}, {"info": {"full": "Gregory Polanco", "pos": "RF"}, "batting": {"fp": 90.25, "runs": "23", "single": 22, "double": "8", "triple": "1", "homers": "6", "rbi": "17", "sb": "3", "bb": "12", "ks": "49"}}, {"info": {"full": "Dalton Pompey", "pos": "CF"}, "batting": {"fp": 0.0, "runs": "0", "single": 0, "double": "0", "triple": "0", "homers": "0", "rbi": "0", "sb": "0", "bb": "0", "ks": "0"}}, {"info": {"full": "Boog Powell", "pos": "CF"}, "batting": {"fp": 0.0, "runs": "0", "single": 0, "double": "0", "triple": "0", "homers": "0", "rbi": "0", "sb": "0", "bb": "0", "ks": "0"}}, {"info": {"full": "Martin Prado", "pos": "1B"}, "batting": {"fp": 68.75, "runs": "17", "single": 32, "double": "8", "triple": "0", "homers": "1", "rbi": "13", "sb": "0", "bb": "6", "ks": "25"}}, {"info": {"full": "Jurickson Profar", "pos": "2B"}, "batting": {"fp": 217.25, "runs": "40", "single": 39, "double": "14", "triple": "1", "homers": "14", "rbi": "47", "sb": "7", "bb": "23", "ks": "56"}}, {"info": {"full": "Albert Pujols", "pos": "1B"}, "batting": {"fp": 247.0, "runs": "39", "single": 45, "double": "14", "triple": "0", "homers": "17", "rbi": "62", "sb": "0", "bb": "27", "ks": "43"}}, {"info": {"full": "Roman Quinn", "pos": "CF"}, "batting": {"fp": 21.75, "runs": "9", "single": 6, "double": "2", "triple": "0", "homers": "1", "rbi": "4", "sb": "4", "bb": "7", "ks": "26"}}, {"info": {"full": "Ryan Raburn", "pos": "LF"}, "batting": {"fp": 0.0, "runs": "0", "single": 0, "double": "0", "triple": "0", "homers": "0", "rbi": "0", "sb": "0", "bb": "0", "ks": "0"}}, {"info": {"full": "Hanley Ramirez", "pos": "DH"}, "batting": {"fp": 23.25, "runs": "4", "single": 6, "double": "1", "triple": "0", "homers": "2", "rbi": "8", "sb": "0", "bb": "8", "ks": "17"}}, {"info": {"full": "Harold Ramirez", "pos": "CF"}, "batting": {"fp": 141.75, "runs": "35", "single": 47, "double": "12", "triple": "0", "homers": "6", "rbi": "31", "sb": "2", "bb": "9", "ks": "48"}}, {"info": {"full": "Cornelius Randolph", "pos": "LF"}, "batting": {"fp": 0.0, "runs": "0", "single": 0, "double": "0", "triple": "0", "homers": "0", "rbi": "0", "sb": "0", "bb": "0", "ks": "0"}}, {"info": {"full": "Josh Reddick", "pos": "LF"}, "batting": {"fp": 230.25, "runs": "42", "single": 76, "double": "14", "triple": "1", "homers": "10", "rbi": "35", "sb": "4", "bb": "25", "ks": "42"}}, {"info": {"full": "Michael Reed", "pos": "RF"}, "batting": {"fp": -4.5, "runs": "0", "single": 0, "double": "0", "triple": "0", "homers": "0", "rbi": "0", "sb": "0", "bb": "0", "ks": "6"}}, {"info": {"full": "Rob Refsnyder", "pos": "2B"}, "batting": {"fp": 0.0, "runs": "0", "single": 0, "double": "0", "triple": "0", "homers": "0", "rbi": "0", "sb": "0", "bb": "0", "ks": "0"}}, {"info": {"full": "Jack Reinheimer", "pos": "SS"}, "batting": {"fp": 0.0, "runs": "0", "single": 0, "double": "0", "triple": "0", "homers": "0", "rbi": "0", "sb": "0", "bb": "0", "ks": "0"}}, {"info": {"full": "Tony Renda", "pos": "2B"}, "batting": {"fp": 0.0, "runs": "0", "single": 0, "double": "0", "triple": "0", "homers": "0", "rbi": "0", "sb": "0", "bb": "0", "ks": "0"}}, {"info": {"full": "Hunter Renfroe", "pos": "RF"}, "batting": {"fp": 271.5, "runs": "48", "single": 31, "double": "15", "triple": "1", "homers": "29", "rbi": "58", "sb": "4", "bb": "28", "ks": "98"}}, {"info": {"full": "Ben Revere", "pos": "CF"}, "batting": {"fp": 0.0, "runs": "0", "single": 0, "double": "0", "triple": "0", "homers": "0", "rbi": "0", "sb": "0", "bb": "0", "ks": "0"}}, {"info": {"full": "Jomar Reyes", "pos": "3B"}, "batting": {"fp": 0.0, "runs": "0", "single": 0, "double": "0", "triple": "0", "homers": "0", "rbi": "0", "sb": "0", "bb": "0", "ks": "0"}}, {"info": {"full": "Jose Reyes", "pos": "3B"}, "batting": {"fp": 0.0, "runs": "0", "single": 0, "double": "0", "triple": "0", "homers": "0", "rbi": "0", "sb": "0", "bb": "0", "ks": "0"}}, {"info": {"full": "Bryan Reynolds", "pos": "RF"}, "batting": {"fp": 218.25, "runs": "46", "single": 62, "double": "20", "triple": "2", "homers": "9", "rbi": "43", "sb": "1", "bb": "31", "ks": "68"}}, {"info": {"full": "Mark Reynolds", "pos": "1B"}, "batting": {"fp": 56.75, "runs": "13", "single": 12, "double": "7", "triple": "0", "homers": "4", "rbi": "20", "sb": "2", "bb": "22", "ks": "57"}}, {"info": {"full": "Matt Reynolds", "pos": "3B"}, "batting": {"fp": 0.0, "runs": "0", "single": 0, "double": "0", "triple": "0", "homers": "0", "rbi": "0", "sb": "0", "bb": "0", "ks": "0"}}, {"info": {"full": "Joey Rickard", "pos": "CF"}, "batting": {"fp": 52.75, "runs": "10", "single": 13, "double": "7", "triple": "2", "homers": "2", "rbi": "6", "sb": "3", "bb": "14", "ks": "33"}}, {"info": {"full": "Austin Riley", "pos": "LF"}, "batting": {"fp": 154.75, "runs": "37", "single": 30, "double": "8", "triple": "1", "homers": "16", "rbi": "44", "sb": "0", "bb": "13", "ks": "88"}}, {"info": {"full": "T.J. Rivera", "pos": "3B"}, "batting": {"fp": 0.0, "runs": "0", "single": 0, "double": "0", "triple": "0", "homers": "0", "rbi": "0", "sb": "0", "bb": "0", "ks": "0"}}, {"info": {"full": "Yadiel Rivera", "pos": "2B"}, "batting": {"fp": 15.5, "runs": "7", "single": 8, "double": "2", "triple": "0", "homers": "0", "rbi": "3", "sb": "2", "bb": "6", "ks": "20"}}, {"info": {"full": "Joe Rizzo", "pos": "3B"}, "batting": {"fp": 0.0, "runs": "0", "single": 0, "double": "0", "triple": "0", "homers": "0", "rbi": "0", "sb": "0", "bb": "0", "ks": "0"}}, {"info": {"full": "Daniel Robertson", "pos": "LF"}, "batting": {"fp": 0.0, "runs": "0", "single": 0, "double": "0", "triple": "0", "homers": "0", "rbi": "0", "sb": "0", "bb": "0", "ks": "0"}}, {"info": {"full": "Daniel Robertson", "pos": "3B"}, "batting": {"fp": 69.25, "runs": "22", "single": 26, "double": "8", "triple": "0", "homers": "2", "rbi": "15", "sb": "1", "bb": "23", "ks": "52"}}, {"info": {"full": "Shane Robinson", "pos": "OF"}, "batting": {"fp": 0.0, "runs": "0", "single": 0, "double": "0", "triple": "0", "homers": "0", "rbi": "0", "sb": "0", "bb": "0", "ks": "0"}}, {"info": {"full": "Alfredo Rodriguez", "pos": "SS"}, "batting": {"fp": 0.0, "runs": "0", "single": 0, "double": "0", "triple": "0", "homers": "0", "rbi": "0", "sb": "0", "bb": "0", "ks": "0"}}, {"info": {"full": "Sean Rodriguez", "pos": "SS"}, "batting": {"fp": 47.25, "runs": "14", "single": 10, "double": "3", "triple": "0", "homers": "3", "rbi": "10", "sb": "1", "bb": "7", "ks": "20"}}, {"info": {"full": "Miguel Rojas", "pos": "SS"}, "batting": {"fp": 209.5, "runs": "41", "single": 78, "double": "21", "triple": "0", "homers": "4", "rbi": "33", "sb": "6", "bb": "28", "ks": "50"}}, {"info": {"full": "Andrew Romine", "pos": "SS"}, "batting": {"fp": 0.0, "runs": "0", "single": 0, "double": "0", "triple": "0", "homers": "0", "rbi": "0", "sb": "0", "bb": "0", "ks": "0"}}, {"info": {"full": "Austin Romine", "pos": "C"}, "batting": {"fp": 70.25, "runs": "14", "single": 26, "double": "5", "triple": "0", "homers": "3", "rbi": "22", "sb": "1", "bb": "3", "ks": "28"}}, {"info": {"full": "Jose Rondon", "pos": "SS"}, "batting": {"fp": 41.75, "runs": "10", "single": 22, "double": "3", "triple": "0", "homers": "3", "rbi": "9", "sb": "0", "bb": "11", "ks": "38"}}, {"info": {"full": "Ben Rortvedt", "pos": "C"}, "batting": {"fp": 0.0, "runs": "0", "single": 0, "double": "0", "triple": "0", "homers": "0", "rbi": "0", "sb": "0", "bb": "0", "ks": "0"}}, {"info": {"full": "Adam Rosales", "pos": "2B"}, "batting": {"fp": 0.0, "runs": "0", "single": 0, "double": "0", "triple": "0", "homers": "0", "rbi": "0", "sb": "0", "bb": "0", "ks": "0"}}, {"info": {"full": "Alberto Rosario", "pos": "C"}, "batting": {"fp": 0.0, "runs": "0", "single": 0, "double": "0", "triple": "0", "homers": "0", "rbi": "0", "sb": "0", "bb": "0", "ks": "0"}}, {"info": {"full": "Amed Rosario", "pos": "SS"}, "batting": {"fp": 255.75, "runs": "48", "single": 67, "double": "20", "triple": "6", "homers": "11", "rbi": "47", "sb": "11", "bb": "24", "ks": "87"}}, {"info": {"full": "Ryan Rua", "pos": "LF"}, "batting": {"fp": 0.0, "runs": "0", "single": 0, "double": "0", "triple": "0", "homers": "0", "rbi": "0", "sb": "0", "bb": "0", "ks": "0"}}, {"info": {"full": "Rio Ruiz", "pos": "DH"}, "batting": {"fp": 113.0, "runs": "23", "single": 48, "double": "8", "triple": "1", "homers": "5", "rbi": "27", "sb": "0", "bb": "26", "ks": "66"}}, {"info": {"full": "Cameron Rupp", "pos": "C"}, "batting": {"fp": 0.0, "runs": "0", "single": 0, "double": "0", "triple": "0", "homers": "0", "rbi": "0", "sb": "0", "bb": "0", "ks": "0"}}, {"info": {"full": "Addison Russell", "pos": "DH"}, "batting": {"fp": 85.75, "runs": "18", "single": 26, "double": "3", "triple": "1", "homers": "6", "rbi": "16", "sb": "0", "bb": "18", "ks": "37"}}, {"info": {"full": "Blake Rutherford", "pos": "CF"}, "batting": {"fp": 0.0, "runs": "0", "single": 0, "double": "0", "triple": "0", "homers": "0", "rbi": "0", "sb": "0", "bb": "0", "ks": "0"}}, {"info": {"full": "Tyler Saladino", "pos": "3B"}, "batting": {"fp": 20.0, "runs": "7", "single": 6, "double": "0", "triple": "0", "homers": "2", "rbi": "8", "sb": "2", "bb": "5", "ks": "25"}}, {"info": {"full": "Jarrod Saltalamacchia", "pos": "C"}, "batting": {"fp": 0.0, "runs": "0", "single": 0, "double": "0", "triple": "0", "homers": "0", "rbi": "0", "sb": "0", "bb": "0", "ks": "0"}}, {"info": {"full": "Hudson Sanchez", "pos": "SS"}, "batting": {"fp": 0.0, "runs": "0", "single": 0, "double": "0", "triple": "0", "homers": "0", "rbi": "0", "sb": "0", "bb": "0", "ks": "0"}}, {"info": {"full": "Tony Sanchez", "pos": "C"}, "batting": {"fp": 0.0, "runs": "0", "single": 0, "double": "0", "triple": "0", "homers": "0", "rbi": "0", "sb": "0", "bb": "0", "ks": "0"}}, {"info": {"full": "Yolmer Sanchez", "pos": "2B"}, "batting": {"fp": 129.5, "runs": "34", "single": 58, "double": "12", "triple": "3", "homers": "2", "rbi": "24", "sb": "4", "bb": "21", "ks": "75"}}, {"info": {"full": "Pablo Sandoval", "pos": "1B"}, "batting": {"fp": 184.75, "runs": "39", "single": 31, "double": "21", "triple": "0", "homers": "13", "rbi": "38", "sb": "1", "bb": "16", "ks": "59"}}, {"info": {"full": "Luis Sardinas", "pos": "SS"}, "batting": {"fp": 0.0, "runs": "0", "single": 0, "double": "0", "triple": "0", "homers": "0", "rbi": "0", "sb": "0", "bb": "0", "ks": "0"}}, {"info": {"full": "Scott Schebler", "pos": "LF"}, "batting": {"fp": 28.25, "runs": "11", "single": 6, "double": "2", "triple": "0", "homers": "2", "rbi": "7", "sb": "0", "bb": "14", "ks": "27"}}, {"info": {"full": "Ryan Schimpf", "pos": "3B"}, "batting": {"fp": 0.0, "runs": "0", "single": 0, "double": "0", "triple": "0", "homers": "0", "rbi": "0", "sb": "0", "bb": "0", "ks": "0"}}, {"info": {"full": "Jonathan Schoop", "pos": "2B"}, "batting": {"fp": 203.25, "runs": "47", "single": 48, "double": "19", "triple": "0", "homers": "16", "rbi": "43", "sb": "1", "bb": "13", "ks": "86"}}, {"info": {"full": "Max Schrock", "pos": "2B"}, "batting": {"fp": 0.0, "runs": "0", "single": 0, "double": "0", "triple": "0", "homers": "0", "rbi": "0", "sb": "0", "bb": "0", "ks": "0"}}, {"info": {"full": "Kyle Seager", "pos": "3B"}, "batting": {"fp": 107.0, "runs": "24", "single": 23, "double": "9", "triple": "0", "homers": "8", "rbi": "21", "sb": "1", "bb": "19", "ks": "47"}}, {"info": {"full": "Rob Segedin", "pos": "3B"}, "batting": {"fp": 0.0, "runs": "0", "single": 0, "double": "0", "triple": "0", "homers": "0", "rbi": "0", "sb": "0", "bb": "0", "ks": "0"}}, {"info": {"full": "Pedro Severino", "pos": "C"}, "batting": {"fp": 144.25, "runs": "26", "single": 36, "double": "9", "triple": "0", "homers": "10", "rbi": "29", "sb": "2", "bb": "20", "ks": "45"}}, {"info": {"full": "Chris Shaw", "pos": "1B"}, "batting": {"fp": 0.0, "runs": "0", "single": 0, "double": "0", "triple": "0", "homers": "0", "rbi": "0", "sb": "0", "bb": "0", "ks": "0"}}, {"info": {"full": "Travis Shaw", "pos": "1B"}, "batting": {"fp": 57.75, "runs": "18", "single": 19, "double": "5", "triple": "0", "homers": "6", "rbi": "13", "sb": "0", "bb": "27", "ks": "70"}}, {"info": {"full": "Magneuris Sierra", "pos": "CF"}, "batting": {"fp": 0.0, "runs": "0", "single": 0, "double": "0", "triple": "0", "homers": "0", "rbi": "0", "sb": "0", "bb": "0", "ks": "0"}}, {"info": {"full": "Miguelangel Sierra", "pos": "SS"}, "batting": {"fp": 0.0, "runs": "0", "single": 0, "double": "0", "triple": "0", "homers": "0", "rbi": "0", "sb": "0", "bb": "0", "ks": "0"}}, {"info": {"full": "Moises Sierra", "pos": "OF"}, "batting": {"fp": 0.0, "runs": "0", "single": 0, "double": "0", "triple": "0", "homers": "0", "rbi": "0", "sb": "0", "bb": "0", "ks": "0"}}, {"info": {"full": "Andrelton Simmons", "pos": "SS"}, "batting": {"fp": 180.5, "runs": "36", "single": 57, "double": "14", "triple": "0", "homers": "5", "rbi": "27", "sb": "9", "bb": "14", "ks": "28"}}, {"info": {"full": "Dominic Smith", "pos": "LF"}, "batting": {"fp": 138.25, "runs": "34", "single": 29, "double": "10", "triple": "0", "homers": "10", "rbi": "22", "sb": "1", "bb": "19", "ks": "44"}}, {"info": {"full": "Kevan Smith", "pos": "C"}, "batting": {"fp": 70.0, "runs": "16", "single": 18, "double": "9", "triple": "0", "homers": "2", "rbi": "12", "sb": "1", "bb": "13", "ks": "21"}}, {"info": {"full": "Dwight Smith Jr.", "pos": "LF"}, "batting": {"fp": 206.25, "runs": "41", "single": 45, "double": "15", "triple": "2", "homers": "12", "rbi": "48", "sb": "4", "bb": "23", "ks": "68"}}, {"info": {"full": "Jake Smolinski", "pos": "CF"}, "batting": {"fp": 0.0, "runs": "0", "single": 0, "double": "0", "triple": "0", "homers": "0", "rbi": "0", "sb": "0", "bb": "0", "ks": "0"}}, {"info": {"full": "Brandon Snyder", "pos": "1B"}, "batting": {"fp": 0.0, "runs": "0", "single": 0, "double": "0", "triple": "0", "homers": "0", "rbi": "0", "sb": "0", "bb": "0", "ks": "0"}}, {"info": {"full": "Donovan Solano", "pos": "2B"}, "batting": {"fp": 79.5, "runs": "15", "single": 31, "double": "9", "triple": "0", "homers": "2", "rbi": "16", "sb": "0", "bb": "8", "ks": "22"}}, {"info": {"full": "Jhonatan Solano", "pos": "C"}, "batting": {"fp": 0.0, "runs": "0", "single": 0, "double": "0", "triple": "0", "homers": "0", "rbi": "0", "sb": "0", "bb": "0", "ks": "0"}}, {"info": {"full": "Yangervis Solarte", "pos": "3B"}, "batting": {"fp": 31.0, "runs": "9", "single": 9, "double": "5", "triple": "0", "homers": "1", "rbi": "7", "sb": "0", "bb": "4", "ks": "16"}}, {"info": {"full": "Edmundo Sosa", "pos": "DH"}, "batting": {"fp": 0.25, "runs": "0", "single": 1, "double": "0", "triple": "0", "homers": "0", "rbi": "0", "sb": "0", "bb": "0", "ks": "1"}}, {"info": {"full": "Steven Souza Jr.", "pos": "RF"}, "batting": {"fp": 0.0, "runs": "0", "single": 0, "double": "0", "triple": "0", "homers": "0", "rbi": "0", "sb": "0", "bb": "0", "ks": "0"}}, {"info": {"full": "Denard Span", "pos": "LF"}, "batting": {"fp": 0.0, "runs": "0", "single": 0, "double": "0", "triple": "0", "homers": "0", "rbi": "0", "sb": "0", "bb": "0", "ks": "0"}}, {"info": {"full": "Cory Spangenberg", "pos": "2B"}, "batting": {"fp": 0.0, "runs": "0", "single": 0, "double": "0", "triple": "0", "homers": "0", "rbi": "0", "sb": "0", "bb": "0", "ks": "0"}}, {"info": {"full": "Jacob Stallings", "pos": "C"}, "batting": {"fp": 41.0, "runs": "11", "single": 20, "double": "2", "triple": "0", "homers": "2", "rbi": "5", "sb": "0", "bb": "7", "ks": "19"}}, {"info": {"full": "Bubba Starling", "pos": "RF"}, "batting": {"fp": 23.75, "runs": "9", "single": 12, "double": "2", "triple": "0", "homers": "1", "rbi": "3", "sb": "1", "bb": "3", "ks": "18"}}, {"info": {"full": "Max Stassi", "pos": "C"}, "batting": {"fp": 6.75, "runs": "4", "single": 13, "double": "1", "triple": "0", "homers": "1", "rbi": "3", "sb": "0", "bb": "7", "ks": "34"}}, {"info": {"full": "Tyler Stephenson", "pos": "C"}, "batting": {"fp": 0.0, "runs": "0", "single": 0, "double": "0", "triple": "0", "homers": "0", "rbi": "0", "sb": "0", "bb": "0", "ks": "0"}}, {"info": {"full": "Andrew Stevenson", "pos": "LF"}, "batting": {"fp": 6.25, "runs": "3", "single": 4, "double": "0", "triple": "0", "homers": "0", "rbi": "0", "sb": "0", "bb": "3", "ks": "4"}}, {"info": {"full": "Chris Stewart", "pos": "C"}, "batting": {"fp": 0.0, "runs": "0", "single": 0, "double": "0", "triple": "0", "homers": "0", "rbi": "0", "sb": "0", "bb": "0", "ks": "0"}}, {"info": {"full": "Christin Stewart", "pos": "LF"}, "batting": {"fp": 146.75, "runs": "27", "single": 39, "double": "21", "triple": "1", "homers": "7", "rbi": "33", "sb": "1", "bb": "31", "ks": "78"}}, {"info": {"full": "Garrett Stubbs", "pos": "C"}, "batting": {"fp": 7.0, "runs": "1", "single": 3, "double": "1", "triple": "0", "homers": "0", "rbi": "2", "sb": "1", "bb": "1", "ks": "5"}}, {"info": {"full": "Jesus Sucre", "pos": "C"}, "batting": {"fp": 14.25, "runs": "3", "single": 11, "double": "2", "triple": "0", "homers": "0", "rbi": "3", "sb": "0", "bb": "4", "ks": "13"}}, {"info": {"full": "Andrew Susac", "pos": "C"}, "batting": {"fp": 0.0, "runs": "0", "single": 0, "double": "0", "triple": "0", "homers": "0", "rbi": "0", "sb": "0", "bb": "0", "ks": "0"}}, {"info": {"full": "Ichiro Suzuki", "pos": "RF"}, "batting": {"fp": 0.0, "runs": "0", "single": 0, "double": "0", "triple": "0", "homers": "0", "rbi": "0", "sb": "0", "bb": "1", "ks": "1"}}, {"info": {"full": "Darnell Sweeney", "pos": "CF"}, "batting": {"fp": 0.0, "runs": "0", "single": 0, "double": "0", "triple": "0", "homers": "0", "rbi": "0", "sb": "0", "bb": "0", "ks": "0"}}, {"info": {"full": "Blake Swihart", "pos": "DH"}, "batting": {"fp": 37.0, "runs": "13", "single": 10, "double": "1", "triple": "0", "homers": "4", "rbi": "13", "sb": "0", "bb": "6", "ks": "34"}}, {"info": {"full": "Matt Szczur", "pos": "LF"}, "batting": {"fp": 0.0, "runs": "0", "single": 0, "double": "0", "triple": "0", "homers": "0", "rbi": "0", "sb": "0", "bb": "0", "ks": "0"}}, {"info": {"full": "Raimel Tapia", "pos": "RF"}, "batting": {"fp": 178.5, "runs": "39", "single": 47, "double": "21", "triple": "5", "homers": "7", "rbi": "31", "sb": "4", "bb": "15", "ks": "73"}}, {"info": {"full": "Leody Taveras", "pos": "CF"}, "batting": {"fp": 0.0, "runs": "0", "single": 0, "double": "0", "triple": "0", "homers": "0", "rbi": "0", "sb": "0", "bb": "0", "ks": "0"}}, {"info": {"full": "Chris Taylor", "pos": "2B"}, "batting": {"fp": 178.0, "runs": "33", "single": 37, "double": "20", "triple": "3", "homers": "8", "rbi": "41", "sb": "7", "bb": "29", "ks": "81"}}, {"info": {"full": "Michael A. Taylor", "pos": "CF"}, "batting": {"fp": 18.25, "runs": "6", "single": 11, "double": "5", "triple": "0", "homers": "0", "rbi": "2", "sb": "4", "bb": "7", "ks": "32"}}, {"info": {"full": "Tyrone Taylor", "pos": "CF"}, "batting": {"fp": 0.0, "runs": "0", "single": 0, "double": "0", "triple": "0", "homers": "0", "rbi": "0", "sb": "0", "bb": "0", "ks": "0"}}, {"info": {"full": "Tomas Telis", "pos": "C"}, "batting": {"fp": 0.0, "runs": "0", "single": 0, "double": "0", "triple": "0", "homers": "0", "rbi": "0", "sb": "0", "bb": "0", "ks": "0"}}, {"info": {"full": "Rowdy Tellez", "pos": "DH"}, "batting": {"fp": 154.5, "runs": "33", "single": 33, "double": "13", "triple": "0", "homers": "14", "rbi": "40", "sb": "1", "bb": "17", "ks": "83"}}, {"info": {"full": "Matt Thaiss", "pos": "3B"}, "batting": {"fp": 34.75, "runs": "8", "single": 4, "double": "1", "triple": "0", "homers": "4", "rbi": "9", "sb": "0", "bb": "4", "ks": "15"}}, {"info": {"full": "Eric Thames", "pos": "1B"}, "batting": {"fp": 177.25, "runs": "42", "single": 30, "double": "14", "triple": "1", "homers": "14", "rbi": "39", "sb": "2", "bb": "37", "ks": "90"}}, {"info": {"full": "Trayce Thompson", "pos": "LF"}, "batting": {"fp": 0.0, "runs": "0", "single": 0, "double": "0", "triple": "0", "homers": "0", "rbi": "0", "sb": "0", "bb": "0", "ks": "0"}}, {"info": {"full": "Charlie Tilson", "pos": "RF"}, "batting": {"fp": 57.0, "runs": "16", "single": 27, "double": "5", "triple": "0", "homers": "1", "rbi": "12", "sb": "4", "bb": "10", "ks": "38"}}, {"info": {"full": "Andrew Toles", "pos": "RF"}, "batting": {"fp": 0.0, "runs": "0", "single": 0, "double": "0", "triple": "0", "homers": "0", "rbi": "0", "sb": "0", "bb": "0", "ks": "0"}}, {"info": {"full": "Yasmany Tomas", "pos": "LF"}, "batting": {"fp": -1.5, "runs": "0", "single": 0, "double": "0", "triple": "0", "homers": "0", "rbi": "0", "sb": "0", "bb": "0", "ks": "2"}}, {"info": {"full": "Kelby Tomlinson", "pos": "2B"}, "batting": {"fp": 0.0, "runs": "0", "single": 0, "double": "0", "triple": "0", "homers": "0", "rbi": "0", "sb": "0", "bb": "0", "ks": "0"}}, {"info": {"full": "Ronald Torreyes", "pos": "3B"}, "batting": {"fp": 0.0, "runs": "0", "single": 0, "double": "0", "triple": "0", "homers": "0", "rbi": "0", "sb": "0", "bb": "0", "ks": "0"}}, {"info": {"full": "Wilfredo Tovar", "pos": "SS"}, "batting": {"fp": 15.0, "runs": "3", "single": 4, "double": "4", "triple": "0", "homers": "0", "rbi": "3", "sb": "0", "bb": "5", "ks": "9"}}, {"info": {"full": "Devon Travis", "pos": "2B"}, "batting": {"fp": 0.0, "runs": "0", "single": 0, "double": "0", "triple": "0", "homers": "0", "rbi": "0", "sb": "0", "bb": "0", "ks": "0"}}, {"info": {"full": "Sam Travis", "pos": "1B"}, "batting": {"fp": 28.0, "runs": "5", "single": 9, "double": "2", "triple": "0", "homers": "2", "rbi": "7", "sb": "1", "bb": "2", "ks": "14"}}, {"info": {"full": "Mark Trumbo", "pos": "RF"}, "batting": {"fp": 0.0, "runs": "0", "single": 0, "double": "0", "triple": "0", "homers": "0", "rbi": "0", "sb": "0", "bb": "0", "ks": "0"}}, {"info": {"full": "Cole Tucker", "pos": "DH"}, "batting": {"fp": 37.75, "runs": "11", "single": 12, "double": "8", "triple": "0", "homers": "2", "rbi": "9", "sb": "0", "bb": "7", "ks": "34"}}, {"info": {"full": "Preston Tucker", "pos": "LF"}, "batting": {"fp": 0.0, "runs": "0", "single": 0, "double": "0", "triple": "0", "homers": "0", "rbi": "0", "sb": "0", "bb": "0", "ks": "0"}}, {"info": {"full": "Troy Tulowitzki", "pos": "SS"}, "batting": {"fp": 7.5, "runs": "1", "single": 0, "double": "1", "triple": "0", "homers": "1", "rbi": "1", "sb": "0", "bb": "2", "ks": "4"}}, {"info": {"full": "Richard Urena", "pos": "DH"}, "batting": {"fp": 6.0, "runs": "2", "single": 7, "double": "3", "triple": "0", "homers": "0", "rbi": "0", "sb": "0", "bb": "1", "ks": "13"}}, {"info": {"full": "Gio Urshela", "pos": "3B"}, "batting": {"fp": 223.75, "runs": "45", "single": 50, "double": "23", "triple": "0", "homers": "11", "rbi": "49", "sb": "1", "bb": "17", "ks": "48"}}, {"info": {"full": "Pat Valaika", "pos": "3B"}, "batting": {"fp": 7.75, "runs": "6", "single": 4, "double": "1", "triple": "0", "homers": "1", "rbi": "2", "sb": "0", "bb": "6", "ks": "21"}}, {"info": {"full": "Danny Valencia", "pos": "1B"}, "batting": {"fp": 0.0, "runs": "0", "single": 0, "double": "0", "triple": "0", "homers": "0", "rbi": "0", "sb": "0", "bb": "0", "ks": "0"}}, {"info": {"full": "Scott Van Slyke", "pos": "LF"}, "batting": {"fp": 0.0, "runs": "0", "single": 0, "double": "0", "triple": "0", "homers": "0", "rbi": "0", "sb": "0", "bb": "0", "ks": "0"}}, {"info": {"full": "Andrew Velazquez", "pos": "2B"}, "batting": {"fp": -0.5, "runs": "2", "single": 0, "double": "1", "triple": "0", "homers": "0", "rbi": "0", "sb": "0", "bb": "0", "ks": "6"}}, {"info": {"full": "Stephen Vogt", "pos": "C"}, "batting": {"fp": 95.75, "runs": "18", "single": 14, "double": "17", "triple": "2", "homers": "4", "rbi": "19", "sb": "0", "bb": "16", "ks": "39"}}, {"info": {"full": "Tyler Wade", "pos": "SS"}, "batting": {"fp": 24.75, "runs": "8", "single": 10, "double": "0", "triple": "0", "homers": "0", "rbi": "5", "sb": "5", "bb": "7", "ks": "18"}}, {"info": {"full": "Christian Walker", "pos": "1B"}, "batting": {"fp": 252.0, "runs": "54", "single": 48, "double": "20", "triple": "1", "homers": "19", "rbi": "51", "sb": "7", "bb": "39", "ks": "111"}}, {"info": {"full": "Neil Walker", "pos": "3B"}, "batting": {"fp": 117.75, "runs": "22", "single": 40, "double": "13", "triple": "0", "homers": "5", "rbi": "21", "sb": "2", "bb": "27", "ks": "54"}}, {"info": {"full": "Taylor Ward", "pos": "3B"}, "batting": {"fp": -1.5, "runs": "1", "single": 0, "double": "1", "triple": "0", "homers": "0", "rbi": "0", "sb": "0", "bb": "1", "ks": "7"}}, {"info": {"full": "Joey Wendle", "pos": "2B"}, "batting": {"fp": 55.25, "runs": "14", "single": 19, "double": "10", "triple": "0", "homers": "0", "rbi": "10", "sb": "4", "bb": "8", "ks": "29"}}, {"info": {"full": "Tyler White", "pos": "1B"}, "batting": {"fp": 80.5, "runs": "16", "single": 32, "double": "14", "triple": "0", "homers": "3", "rbi": "21", "sb": "0", "bb": "32", "ks": "74"}}, {"info": {"full": "Garrett Whitley", "pos": "LF"}, "batting": {"fp": 0.0, "runs": "0", "single": 0, "double": "0", "triple": "0", "homers": "0", "rbi": "0", "sb": "0", "bb": "0", "ks": "0"}}, {"info": {"full": "Matt Wieters", "pos": "C"}, "batting": {"fp": 84.5, "runs": "13", "single": 16, "double": "3", "triple": "0", "homers": "9", "rbi": "19", "sb": "1", "bb": "9", "ks": "31"}}, {"info": {"full": "Mason Williams", "pos": "CF"}, "batting": {"fp": 0.0, "runs": "0", "single": 0, "double": "0", "triple": "0", "homers": "0", "rbi": "0", "sb": "0", "bb": "0", "ks": "0"}}, {"info": {"full": "Nick Williams", "pos": "LF"}, "batting": {"fp": 15.75, "runs": "9", "single": 10, "double": "4", "triple": "0", "homers": "2", "rbi": "5", "sb": "0", "bb": "4", "ks": "39"}}, {"info": {"full": "Mac Williamson", "pos": "LF"}, "batting": {"fp": 48.5, "runs": "13", "single": 15, "double": "1", "triple": "0", "homers": "4", "rbi": "17", "sb": "2", "bb": "14", "ks": "44"}}, {"info": {"full": "Bobby Wilson", "pos": "C"}, "batting": {"fp": 2.25, "runs": "2", "single": 3, "double": "1", "triple": "0", "homers": "0", "rbi": "2", "sb": "0", "bb": "2", "ks": "11"}}, {"info": {"full": "D.J. Wilson", "pos": "CF"}, "batting": {"fp": 0.0, "runs": "0", "single": 0, "double": "0", "triple": "0", "homers": "0", "rbi": "0", "sb": "0", "bb": "0", "ks": "0"}}, {"info": {"full": "Jesse Winker", "pos": "RF"}, "batting": {"fp": 214.5, "runs": "44", "single": 46, "double": "15", "triple": "2", "homers": "14", "rbi": "33", "sb": "0", "bb": "32", "ks": "54"}}, {"info": {"full": "Tony Wolters", "pos": "C"}, "batting": {"fp": 132.25, "runs": "33", "single": 52, "double": "12", "triple": "2", "homers": "1", "rbi": "26", "sb": "0", "bb": "23", "ks": "44"}}, {"info": {"full": "Kolten Wong", "pos": "2B"}, "batting": {"fp": 233.0, "runs": "40", "single": 59, "double": "17", "triple": "1", "homers": "8", "rbi": "40", "sb": "14", "bb": "35", "ks": "51"}}, {"info": {"full": "Mike Yastrzemski", "pos": "RF"}, "batting": {"fp": 142.25, "runs": "33", "single": 29, "double": "11", "triple": "2", "homers": "9", "rbi": "31", "sb": "1", "bb": "13", "ks": "50"}}, {"info": {"full": "Chris Young", "pos": "OF"}, "batting": {"fp": 0.0, "runs": "0", "single": 0, "double": "0", "triple": "0", "homers": "0", "rbi": "0", "sb": "0", "bb": "0", "ks": "0"}}, {"info": {"full": "Eric Young Jr.", "pos": "LF"}, "batting": {"fp": 0.0, "runs": "0", "single": 0, "double": "0", "triple": "0", "homers": "0", "rbi": "0", "sb": "0", "bb": "0", "ks": "0"}}, {"info": {"full": "Mark Zagunis", "pos": "DH"}, "batting": {"fp": 10.75, "runs": "2", "single": 6, "double": "3", "triple": "0", "homers": "0", "rbi": "5", "sb": "0", "bb": "4", "ks": "15"}}, {"info": {"full": "Bradley Zimmer", "pos": "CF"}, "batting": {"fp": 0.0, "runs": "0", "single": 0, "double": "0", "triple": "0", "homers": "0", "rbi": "0", "sb": "0", "bb": "0", "ks": "0"}}, {"info": {"full": "Ryan Zimmerman", "pos": "1B"}, "batting": {"fp": 64.75, "runs": "12", "single": 18, "double": "8", "triple": "0", "homers": "3", "rbi": "15", "sb": "0", "bb": "12", "ks": "27"}}, {"info": {"full": "Ben Zobrist", "pos": "2B"}, "batting": {"fp": 44.5, "runs": "12", "single": 19, "double": "1", "triple": "0", "homers": "0", "rbi": "10", "sb": "0", "bb": "14", "ks": "12"}}, {"info": {"full": "Mike Zunino", "pos": "C"}, "batting": {"fp": 65.75, "runs": "21", "single": 17, "double": "10", "triple": "1", "homers": "5", "rbi": "20", "sb": "0", "bb": "13", "ks": "68"}}]