Bartolo Colon,SP
CC Sabathia,SP
Joaquin Benoit,RP
Oliver Perez,RP
Francisco Rodriguez,RP
Adam Wainwright,SP
Ryan Madson,RP
Matt Belisle,RP
Edwin Jackson,SP
Jorge De La Rosa,RP
Scott Kazmir,SP
Dustin McGowan,SP
Santiago Casilla,RP
Felix Hernandez,SP
Francisco Liriano,SP
Zach Duke,RP
Ervin Santana,SP
Blaine Boyer,RP
Rich Hill,SP
Jason Vargas,SP
Edinson Volquez,SP
Jason Hammel,SP
Boone Logan,RP
Ricky Nolasco,SP
Peter Moylan,RP
James Shields,SP
Pat Neshek,RP
Edward Mujica,RP
Matt Albers,RP
Jim Johnson,RP
Ryan Feierabend,SP
Phil Hughes,RP
Yovani Gallardo,SP
Homer Bailey,SP
Tony Sipp,RP
Joakim Soria,RP
Tyler Clippard,RP
Tim Lincecum,SP
Joe Smith,RP
Mike Zagurski,RP
Clay Buchholz,SP
Chris Volstad,RP
Ross Detwiler,SP
Jerry Blevins,RP
Johnny Cueto,SP
Jake McGee,RP
Brian Duensing,RP
Gio Gonzalez,SP
Darren O'Day,RP
Jeff Samardzija,SP
Clayton Richard,SP
Tommy Hunter,RP
Marco Estrada,SP
Jesse Chavez,SP
Wade LeBlanc,SP
Kevin Jepsen,RP
Junichi Tazawa,RP
Jordan Zimmermann,SP
Neftali Feliz,SP
Derek Holland,SP
Brett Anderson,SP
Trevor Cahill,SP
Chris Tillman,SP
Jeremy Hellickson,SP
Miguel Gonzalez,SP
Luke Gregerson,RP
Brett Cecil,RP
Mark Melancon,RP
David Hernandez,RP
Antonio Bastardo,RP
Marc Rzepczynski,RP
Carlos Torres,RP
Jhoulys Chacin,SP
Bud Norris,RP
Doug Fister,SP
Pedro Strop,RP
Mike Dunn,RP
John Axford,RP
Ernesto Frieri,RP
Drew Storen,RP
Jake Arrieta,SP
Andrew Cashner,SP
Travis Wood,SP
Hector Rondon,RP
Jay Jackson,RP
Jenrry Mejia,SP
Mike Leake,SP
Mike Montgomery,SP
Tyson Ross,SP
Jonny Venters,RP
Ivan Nova,SP
Blake Wood,RP
Fernando Salas,RP
Alexi Ogando,RP
Brian Schlitter,RP
Jhan Marinez,RP
Jeanmar Gomez,RP
Vance Worley,SP
Fernando Abad,SP
Josh Tomlin,SP
Jeremy Jeffress,RP
Gregory Infante,RP
Chris Hatcher,RP
Brandon Kintzler,RP
Al Alburquerque,RP
Randall Delgado,RP
Chris Archer,SP
Jordan Lyles,SP
John Lamb,SP
Tyler Chatwood,SP
Manny Banuelos,SP
Simon Castro,RP
Shelby Miller,SP
Matt Moore,SP
Pedro Beato,RP
Tim Collins,RP
Louis Coleman,RP
Cory Gearrin,RP
Evan Scribner,RP
Alex Cobb,SP
Javy Guerra,RP
Danny Duffy,SP
Adam Wilk,SP
Rubby De La Rosa,SP
Juan Nicasio,RP
Rex Brothers,RP
Tony Watson,RP
Bryan Shaw,RP
Anthony Bass,RP
Hector Santiago,SP
David Carpenter,RP
Zach McAllister,RP
Arodys Vizcaino,RP
Henderson Alvarez,SP
Garrett Richards,SP
Wily Peralta,RP
Tommy Milone,SP
Brad Brach,RP
Wilmer Font,SP
Addison Reed,RP
George Kontos,RP
Drew Pomeranz,SP
Danny Farquhar,RP
Jared Hughes,RP
Xavier Cedeno,RP
Zach Putnam,RP
Kelvin Herrera,RP
Wei-Yin Chen,SP
Anthony Gose,RP
Dylan Bundy,SP
Tyler Skaggs,SP
Erasmo Ramirez,SP
Robbie Ross Jr.,RP
Drew Smyly,SP
Nate Jones,RP
Rhiner Cruz,RP
Dan Otero,RP
Drew Hutchison,SP
J.J. Hoover,RP
Dan Jennings,RP
Jake Diekman,RP
Blake Parker,RP
Nick Vincent,RP
Sam Freeman,RP
Shawn Tolleson,RP
Joe Kelly,RP
Brad Boxberger,RP
Justin Grimm,RP
Tyler Thornburg,RP
A.J. Griffin,SP
Adam Warren,RP
Luis Avilan,RP
Josh Edgin,RP
Aaron Loup,RP
Miguel Socolovich,RP
Trevor Rosenthal,RP
Cody Allen,RP
Matt Harvey,SP
Jeff Beliveau,RP
Allen Webster,RP
Carter Capps,RP
Dan Straily,SP
Will Harris,RP
Tommy Layne,RP
Chris Rusin,RP
Justin Wilson,RP
Collin McHugh,SP
Tyler Cloyd,RP
Tom Koehler,SP
Tony Cingrani,RP
AJ Ramos,RP
Jeurys Familia,RP
Rob Scahill,RP
Oliver Drake,RP
Bruce Rondon,RP
Taijuan Walker,SP
Michael Wacha,SP
Zach Lee,RP
Alex Meyer,SP
Kevin Gausman,SP
Kyle Zimmer,SP
Nick Tepesch,SP
Brandon Maurer,RP
T.J. McFarland,RP
Josh Fields,RP
Alex Wilson,RP
Justin Miller,RP
Steven Wright,SP
Brett Oberholtzer,SP
Jose Cisnero,RP
Robbie Erlin,SP
Matt Magill,RP
Seth Maness,RP
Ryan Brasier,RP
Preston Claiborne,RP
Burch Smith,SP
Tyler Lyons,RP
Michael Blazek,RP
Nate Karns,SP
Alex Wood,SP
Ian Krol,RP
Kevin Siegrist,RP
Jose Alvarez,RP
Brandon Cumpton,RP
JC Ramirez,SP
TJ House,SP
Chaz Roe,RP
Preston Guilmet,RP
Luis Garcia,RP
Chad Bettis,SP
Kevin Chapman,RP
Buddy Boshers,RP
Jake Petricka,RP
David Holmberg,SP
Brian Flynn,RP
Jimmy Nelson,SP
Heath Hembree,RP
Zac Rosscup,RP
David Hale,RP
Matt Shoemaker,SP
Lucas Sims,RP
Hunter Harvey,RP
Carl Edwards Jr.,RP
Robert Stephenson,SP
Lance McCullers Jr.,SP
Miguel Almonte,RP
Sean Manaea,SP
Andrew Heaney,SP
Justin Nicolino,SP
Kohl Stewart,SP
Rafael Montero,RP
Steven Matz,SP
Jesse Biddle,RP
Nick Kingham,SP
Matt Wisler,SP
Clayton Blackburn,SP
Kyle Crick,RP
Taylor Guerrieri,RP
Aaron Sanchez,SP
Daniel Norris,SP
A.J. Cole,RP
Bo Schultz,RP
Wei-Chung Wang,RP
Ryan Buchter,RP
Dominic Leone,RP
Aaron Brooks,SP
Bryan Mitchell,SP
Neil Ramirez,RP
Kevin Quackenbush,RP
Casey Sadler,RP
Mike Morin,RP
Pedro Baez,RP
Evan Marshall,RP
Chase Anderson,SP
Chase Whitley,RP
Anthony DeSclafani,SP
Kyle Crockett,RP
Corey Knebel,RP
Odrisamer Despaigne,SP
Shae Simmons,RP
Jesse Hahn,SP
Cam Bedrosian,SP
Christian Bergman,P
Blaine Hardy,SP
Jumbo Diaz,RP
Jake Buchanan,RP
Drew VerHagen,RP
Chasen Shreve,RP
Andrew Chafin,RP
Trevor May,RP
Buck Farmer,RP
Alex Claudio,RP
Jon Edwards,RP
Daniel Corcino,RP
Kyle Ryan,SP
Chris Bassitt,SP
Brandon Finnegan,SP
Erik Goeddel,RP
Carson Smith,RP
Leonel Campos,RP
Yimi Garcia,RP
Dario Alvarez,RP
Kendall Graveman,SP
Carlos Rodon,SP
Lisalverto Bonilla,RP
Nick Tropeano,SP
Chris Heston,RP
Sam Tuivailala,RP
Jairo Diaz,RP
Danny Coulombe,RP
Aaron Blair,SP
Braden Shipley,RP
Touki Toussaint,SP
Henry Owens,SP
Kyle Freeland,SP
Tyler Kolek,SP
Nick Burdi,RP
Jacob Lindgren,RP
Ben Lively,SP
Adalberto Mejia,SP
Alex Reyes,SP
Jeff Hoffman,SP
Miguel Castro,RP
Matt Andriese,SP
Sean Gilmartin,RP
Dan Winkler,RP
Tyler Olson,RP
Keone Kela,RP
A.J. Schugel,RP
Josh Smith,SP
Jose Urena,SP
Adam Liberatore,RP
Matt Grace,RP
Severino Gonzalez,RP
Cory Mazzoni,RP
Jack Leathersich,RP
Sammy Solis,RP
Scott Copeland,RP
Ryan Tepera,RP
Chris Beck,RP
Mike Wright,RP
David Goforth,RP
Chi Chi Gonzalez,SP
Michael Feliz,RP
Tyler Cravy,SP
Pat Venditte,RP
Joe Ross,SP
Junior Guerra,SP
Vince Velasquez,SP
Adam Conley,RP
Trevor Gott,RP
Akeel Morris,RP
Brian Johnson,SP
Cody Anderson,SP
Adam Morgan,RP
Nick Rumbelow,RP
Jonathan Aro,RP
Deolis Guerra,RP
Jeff Ferrell,RP
Josh Osich,RP
Noe Ramirez,SP
Ryan O'Rourke,RP
Frankie Montas,SP
Zack Godley,SP
Nick Goody,RP
Tyler Anderson,SP
Jose Valdez,RP
Tyler Duffey,RP
Brian Ellington,RP
Kyle Barraclough,RP
Shawn Armstrong,RP
Colin Rea,SP
Jerad Eickhoff,SP
Nefi Ogando,RP
Alec Asher,RP
Silvino Bracho,RP
James Pazos,RP
Scott Alexander,RP
Tony Zych,RP
Ryan Dull,RP
Ryan Weber,SP
Jorge Lopez,SP
Adrian Houser,SP
Tony Barnette,RP
Buddy Baumann,RP
Seunghwan Oh,RP
Nate Smith,SP
Steven Okert,RP
Jake Barrett,RP
Jimmie Sherfy,RP
Chris Ellis,SP
Jason Hursh,RP
Tyler Danish,RP
Adam Plutko,SP
Nick Wittgren,RP
JT Chargois,RP
Gabriel Ynoa,SP
Zach Eflin,SP
Chad Kuhl,SP
Trevor Williams,SP
Tayron Guerrero,RP
Ryan Yarbrough,SP
Austin Voth,SP
David Hess,SP
Trey Ball,SP
Duane Underwood Jr.,SP
Jen-Ho Tseng,SP
Carson Fulmer,SP
Rob Kaminsky,SP
Keury Mella,RP
Antonio Senzatela,SP
Sam Moll,RP
Michael Fulmer,SP
Spencer Turnbull,SP
Joe Musgrove,SP
Victor Alcantara,RP
Jose De Leon,SP
Jharel Cotton,SP
Chase De Jong,SP
Jarlin Garcia,SP
Stephen Gonsalves,SP
Taylor Williams,RP
Robert Gsellman,RP
James Kaprielian,SP
Ian Clarkin,SP
Rookie Davis,SP
Dillon Overton,SP
Stephen Tarpley,RP
Tyler Beede,SP
Sam Coonrod,SP
Chih-Wei Hu,RP
Dillon Tate,SP
Conner Greene,SP
Erick Fedde,SP
Tyler Jay,RP
Cody Reed,SP
Francis Martes,RP
Anderson Espinoza,SP
Matt Bowman,RP
Daniel Stumpf,RP
Luis Cessa,SP
Johnny Barbato,RP
John Gant,SP
Tim Melville,SP
Joe Biagini,SP
Luis Perdomo,SP
Chris Devenski,RP
Michael Ynoa,RP
Hunter Cervenka,RP
Derek Law,SP
Carlos Estevez,RP
Andrew Triggs,SP
Zac Curtis,RP
J.B. Wendelken,RP
Cody Reed,SP
Dean Kiekhefer,RP
Chad Green,SP
Alec Mills,RP
Dayan Diaz,RP
Daniel Wright,SP
Ryan Merritt,RP
Ashur Tolliver,RP
Ryan Garton,RP
Richard Bleier,RP
Chris Stratton,SP
Jacob Barnes,RP
Daniel Mengden,SP
Adrian Sampson,SP
Edubray Ramos,RP
Mauricio Cabrera,RP
Brock Stewart,RP
Shawn Morimando,RP
Jayson Aquino,RP
Steven Brault,SP
Brooks Pounders,RP
Dylan Floro,RP
Donnie Hart,RP
Koda Glover,RP
Grant Dayton,RP
Mike Mayers,RP
Josh Smoker,RP
Steve Hathaway,RP
Matt Strahm,SP
Rob Whalen,RP
James Hoyt,RP
Danny Barnes,RP
Austin Brice,RP
Jandel Gustave,RP
Ben Heller,RP
Matt Carasiti,SP
Damien Magnifico,RP
Brent Suter,SP
Rob Zastryzny,RP
Felix Pena,SP
Parker Bridwell,P
Vicente Campos,RP
Alex Wimmers,RP
Dan Altavilla,RP
Ty Blach,SP
Juan Minaya,RP
Yohander Mendez,SP
Matt Dermody,RP
Robby Scott,RP
Brady Rodgers,RP
Jonathan Holder,RP
Wandy Peralta,RP
Ray Black,RP
David Paulino,RP
Kevin McCarthy,RP
Matt Koch,SP
Chris Lee,RP
Jose Torres,RP
Christopher Smith,RP
Michael Kopech,SP
Anthony Banda,P
Taylor Clarke,SP
Brad Keller,SP
Kolby Allard,P
Ian Anderson,SP
Joey Wentz,SP
Cody Sedlock,SP
Keegan Akin,SP
Tanner Scott,RP
Travis Lakins,SP
Roniel Raudes,SP
Jason Groome,SP
Dylan Cease,SP
Oscar De La Cruz,SP
Trevor Clifton,SP
Jose Albertos,SP
Bryan Hudson,RP
Zack Burdi,RP
Spencer Adams,SP
Dane Dunning,SP
Vladimir Gutierrez,SP
Tyler Mahle,SP
Brady Aiken,SP
Triston McKenzie,SP
Riley Pint,SP
Peter Lambert,SP
Tyler Alexander,SP
Kyle Funkhouser,SP
Beau Burrows,SP
Franklin Perez,SP
Eric Skoglund,SP
Ashe Russell,SP
Scott Blewett,SP
Foster Griffin,SP
Josh Staumont,SP
A.J. Puckett,SP
Jakob Junis,SP
Nolan Watson,SP
Jaime Barria,SP
Grayson Long,SP
Yadier Alvarez,SP
Jordan Sheffield,SP
Brett Lilek,SP
Braxton Garrett,SP
Luis Ortiz,P
Phil Bickford,SP
Cody Ponce,SP
Marcos Diplan,SP
Fernando Romero,SP
Felix Jorge,SP
Justin Dunn,SP
Thomas Szapucki,SP
Anthony Kay,SP
Marcos Molina,SP
Chance Adams,P
Domingo Acevedo,RP
Albert Abreu,SP
Grant Holmes,SP
Dakota Chalmers,SP
Norge Ruiz,SP
Ricardo Pinto,RP
Franklyn Kilome,SP
Mitch Keller,SP
Clay Holmes,SP
Cal Quantrill,SP
Adrian Morejon,SP
Eric Lauer,SP
Joan Gregorio,SP
Andrew Suarez,SP
Jordan Johnson,SP
Luiz Gohara,RP
Nick Neidert,SP
Andrew Moore,RP
Max Povse,RP
Junior Fernandez,SP
Sandy Alcantara,SP
Dakota Hudson,SP
Jake Faria,SP
Jaime Schultz,RP
Ryne Stanek,SP
Cole Ragans,SP
Ariel Jurado,SP
Brett Martin,SP
Alex Speas,SP
Connor Sadzeck,RP
Sean Reid-Foley,SP
Jon Harris,SP
T.J. Zeuch,SP
Mike Nikorak,SP
Kodi Medeiros,SP
Nick Howard,SP
Jake Stinnett,SP
Nathan Kirby,SP
Ricardo Sanchez,SP
Austin Smith,SP
Cionel Perez,RP
