{
    "access_token": "d.mqyIyaolkGM_ybLnO_qRKEIMW7HuqZ5dHIT4RvzOZv3qQSemxQNR8BrBXBqSa4zH5tiNCR1q2az.INR5z9NBAqyhUjtLOSeBvwSvohRqdIm88ZHC8Te.MMyhHo72xYph_Jo_jdM_NX0H2fWleeiMd4FsmDIge5U404UvwLEEj_Nw.QgW3DZXeGAmvIqNWaCrTXYgeLoinikScP9v38S48jvxSofrwMZ25Z8oOzUbqWDiXZ_CCpgXcnqTKwFdQaSGlZRM3QX4XOkewU5LpBBXOgD6lIJu_WWWPe0ZdA11gqHe.P3_H3LhvjwOuzIpe2V2vEHfKvl4YaOYlNwkfkRbe_GD.shBWeS731o.WU0K.anW0DUpAfDRARFN6RnnLrPiZg.kdTdqUGEI4vOu3jQmPspzOgoKJuBTsHoPo6DYWVp7vPgeML11J_UVninTXMs_RWBXcTMegLR1Ovg1QfZTSOe2f_KQXj_SXrcM4baZ0LYi1Z1DDbO4_P.n2v.2tfMl6t27MPnYRxjN0gNwXNhVjdRd81isdLMS8qsb.32P4GsNx263GsYQJIQetTR36VRpLEZDrRLyczkcYHIvwQmW39p8tInwTw02tNv1NcpL0JapvEuK8DfDZrhz0ywb3bJfGgF6ZWfLakXyNZSw4.SbXSRhldTURPJ98RnYQ_2boQouu3qQZDOodvPeZ.CtmOaELtS0C6t6JuPx59lLCvMfTBgbjkHqAzwqV2ElxSk9bpBw3oiEIE4kNSi_3jysH96Al2SxVzRHYSkJrSAu.PcwS02_BxYett.dfCH5mQ9qBglGQe4WgbQVF5LRTc8yuCLdiSKErPTrpbfgqBgDtVHR0.V3AXFnwdT3sLGaDQBx5I1VbsbgMmPhj_rf4cf62zlIwfjW6N6BXIri3CMGo00cuVv_2xvbOg3g12GyQa0u0VlxlZ8M0GpEZYigxkzGtBAHwD6qOTqZfXTzCM8X3qMehSWzqw8SoUmf0bHQPDbnhMYNokSsbMF2FHmlYyi.R.JOcrYiKbCcZI9l6jOx_v1zqD3iIkULNq4rVq_.fJmZdYrTusVjsR.l4mzXdfliIC0IVHUQqmsF6qNAWk3bKXjQ--",
    "consumer_key": "dj0yJmk9UFI5OTNUVG85NWtQJmQ9WVdrOWVGSlRTbUYxTlRJbWNHbzlNQS0tJnM9Y29uc3VtZXJzZWNyZXQmc3Y9MCZ4PTdj",
    "consumer_secret": "c13232b8df33266a7f7b0983c7f4c72100cde806",
    "guid": "6KYOSOSDH6T54LOWSHNKI25S3Q",
    "refresh_token": "AKQ5JV3rzIUtC1vfTb.eZmdpOFQvUg0oYsynzvlhj9bszktNyQ--",
    "token_time": 1564526634.217244,
    "token_type": "bearer"
}