{"fantasy_content": {"xml:lang": "en-US", "yahoo:uri": "/fantasy/v2/team/242.l.155338.t.4/roster;week=4", "team": [[{"team_key": "242.l.155338.t.4"}, {"team_id": "4"}, {"name": "Brews for Bruschi"}, [], {"url": "https://football.fantasysports.yahoo.com/archive/nfl/2010/155338/4"}, {"team_logos": [{"team_logo": {"size": "large", "url": "https://s.yimg.com/cv/apiv2/default/nfl/nfl_4.png"}}]}, [], {"waiver_priority": 10}, [], {"number_of_moves": "35"}, {"number_of_trades": "1"}, {"roster_adds": {"coverage_type": "week", "coverage_value": "17", "value": "2"}}, {"clinched_playoffs": 1}, {"league_scoring_type": "head"}, [], {"draft_position": 6}, {"has_draft_grade": 0}, [], [], {"managers": [{"manager": {"manager_id": "7", "nickname": "ShawnM", "guid": "UU4I5GVRPO7PPJDDC66VLEUM6A", "email": "shawnmorin2003@yahoo.com", "image_url": "https://ct.yimg.com/cy/1768/39361574426_98028a_64sq.jpg"}}]}], {"roster": {"coverage_type": "week", "week": "4", "is_editable": 0, "0": {"players": {"0": {"player": [[{"player_key": "242.p.5448"}, {"player_id": "5448"}, {"name": {"full": "Mike Vick", "first": "Mike", "last": "Vick", "ascii_first": "Mike", "ascii_last": "Vick"}}, {"editorial_player_key": "nfl.p.5448"}, {"editorial_team_key": "nfl.t.23"}, {"editorial_team_full_name": "Pittsburgh Steelers"}, {"editorial_team_abbr": "Pit"}, {"bye_weeks": {"week": "5"}}, {"uniform_number": "2"}, {"display_position": "QB"}, {"headshot": {"url": "https://s.yimg.com/iu/api/res/1.2/Xi11RWLz3irOmysPknS_Cg--~C/YXBwaWQ9eXNwb3J0cztjaD0yMzM2O2NyPTE7Y3c9MTc5MDtkeD04NTc7ZHk9MDtmaT11bGNyb3A7aD02MDtxPTEwMDt3PTQ2/https://s.yimg.com/xe/i/us/sp/v/nfl_cutout/players_l/20141101/5448.png", "size": "small"}, "image_url": "https://s.yimg.com/iu/api/res/1.2/Xi11RWLz3irOmysPknS_Cg--~C/YXBwaWQ9eXNwb3J0cztjaD0yMzM2O2NyPTE7Y3c9MTc5MDtkeD04NTc7ZHk9MDtmaT11bGNyb3A7aD02MDtxPTEwMDt3PTQ2/https://s.yimg.com/xe/i/us/sp/v/nfl_cutout/players_l/20141101/5448.png"}, {"is_undroppable": "0"}, {"position_type": "O"}, {"primary_position": "QB"}, {"eligible_positions": [{"position": "QB"}]}, [], [], []], {"selected_position": [{"coverage_type": "week", "week": "4"}, {"position": "QB"}]}]}, "1": {"player": [[{"player_key": "242.p.23997"}, {"player_id": "23997"}, {"name": {"full": "Demaryius Thomas", "first": "Demaryius", "last": "Thomas", "ascii_first": "Demaryius", "ascii_last": "Thomas"}}, {"editorial_player_key": "nfl.p.23997"}, {"editorial_team_key": "nfl.t.17"}, {"editorial_team_full_name": "New England Patriots"}, {"editorial_team_abbr": "NE"}, {"bye_weeks": {"week": "5"}}, {"uniform_number": "88"}, {"display_position": "WR"}, {"headshot": {"url": "https://s.yimg.com/iu/api/res/1.2/fgXWQgj1o_6Yh6Mn2rBjqQ--~C/YXBwaWQ9eXNwb3J0cztjaD0yMzM2O2NyPTE7Y3c9MTc5MDtkeD04NTc7ZHk9MDtmaT11bGNyb3A7aD02MDtxPTEwMDt3PTQ2/https://s.yimg.com/xe/i/us/sp/v/nfl_cutout/players_l/09122018/23997.png", "size": "small"}, "image_url": "https://s.yimg.com/iu/api/res/1.2/fgXWQgj1o_6Yh6Mn2rBjqQ--~C/YXBwaWQ9eXNwb3J0cztjaD0yMzM2O2NyPTE7Y3c9MTc5MDtkeD04NTc7ZHk9MDtmaT11bGNyb3A7aD02MDtxPTEwMDt3PTQ2/https://s.yimg.com/xe/i/us/sp/v/nfl_cutout/players_l/09122018/23997.png"}, {"is_undroppable": "0"}, {"position_type": "O"}, {"primary_position": "WR"}, {"eligible_positions": [{"position": "WR"}, {"position": "W/T"}, {"position": "W/R/T"}]}, [], [], []], {"selected_position": [{"coverage_type": "week", "week": "4"}, {"position": "WR"}]}]}, "2": {"player": [[{"player_key": "242.p.9347"}, {"player_id": "9347"}, {"name": {"full": "Brandon Tate", "first": "Brandon", "last": "Tate", "ascii_first": "Brandon", "ascii_last": "Tate"}}, {"editorial_player_key": "nfl.p.9347"}, {"editorial_team_key": "nfl.t.18"}, {"editorial_team_full_name": "New Orleans Saints"}, {"editorial_team_abbr": "NO"}, {"bye_weeks": {"week": "10"}}, {"uniform_number": "87"}, {"display_position": "WR"}, {"headshot": {"url": "https://s.yimg.com/iu/api/res/1.2/BuVpUVsrre2KUg5Q5nFWHQ--~C/YXBwaWQ9eXNwb3J0cztjaD0yMzM2O2NyPTE7Y3c9MTc5MDtkeD04NTc7ZHk9MDtmaT11bGNyb3A7aD02MDtxPTEwMDt3PTQ2/https://s.yimg.com/xe/i/us/sp/v/nfl_cutout/players_l/08222017/9347.png", "size": "small"}, "image_url": "https://s.yimg.com/iu/api/res/1.2/BuVpUVsrre2KUg5Q5nFWHQ--~C/YXBwaWQ9eXNwb3J0cztjaD0yMzM2O2NyPTE7Y3c9MTc5MDtkeD04NTc7ZHk9MDtmaT11bGNyb3A7aD02MDtxPTEwMDt3PTQ2/https://s.yimg.com/xe/i/us/sp/v/nfl_cutout/players_l/08222017/9347.png"}, {"is_undroppable": "0"}, {"position_type": "O"}, {"primary_position": "WR"}, {"eligible_positions": [{"position": "WR"}, {"position": "W/T"}, {"position": "W/R/T"}]}, [], [], []], {"selected_position": [{"coverage_type": "week", "week": "4"}, {"position": "WR"}]}]}, "3": {"player": [[{"player_key": "242.p.7809"}, {"player_id": "7809"}, {"name": {"full": "Maurice Jones-Drew", "first": "Maurice", "last": "Jones-Drew", "ascii_first": "Maurice", "ascii_last": "Jones-Drew"}}, {"editorial_player_key": "nfl.p.7809"}, {"editorial_team_key": "nfl.t.30"}, {"editorial_team_full_name": "Jacksonville Jaguars"}, {"editorial_team_abbr": "Jax"}, {"bye_weeks": {"week": "9"}}, {"uniform_number": "21"}, {"display_position": "RB"}, {"headshot": {"url": "https://s.yimg.com/iu/api/res/1.2/TcM85WhJ.fAOHWf2QKLjIw--~C/YXBwaWQ9eXNwb3J0cztjaD0yMDA7Y3I9MTtjdz0xNTM7ZHg9NzQ7ZHk9MDtmaT11bGNyb3A7aD02MDtxPTEwMDt3PTQ2/https://s.yimg.com/dh/ap/default/140828/silhouette@2x.png", "size": "small"}, "image_url": "https://s.yimg.com/iu/api/res/1.2/TcM85WhJ.fAOHWf2QKLjIw--~C/YXBwaWQ9eXNwb3J0cztjaD0yMDA7Y3I9MTtjdz0xNTM7ZHg9NzQ7ZHk9MDtmaT11bGNyb3A7aD02MDtxPTEwMDt3PTQ2/https://s.yimg.com/dh/ap/default/140828/silhouette@2x.png"}, {"is_undroppable": "0"}, {"position_type": "O"}, {"primary_position": "RB"}, {"eligible_positions": [{"position": "RB"}, {"position": "W/R/T"}]}, [], [], []], {"selected_position": [{"coverage_type": "week", "week": "4"}, {"position": "RB"}]}]}, "4": {"player": [[{"player_key": "242.p.6783"}, {"player_id": "6783"}, {"name": {"full": "Steven Jackson", "first": "Steven", "last": "Jackson", "ascii_first": "Steven", "ascii_last": "Jackson"}}, {"editorial_player_key": "nfl.p.6783"}, {"editorial_team_key": "nfl.t.17"}, {"editorial_team_full_name": "New England Patriots"}, {"editorial_team_abbr": "NE"}, {"bye_weeks": {"week": "5"}}, {"uniform_number": "39"}, {"display_position": "RB"}, {"headshot": {"url": "https://s.yimg.com/iu/api/res/1.2/TcM85WhJ.fAOHWf2QKLjIw--~C/YXBwaWQ9eXNwb3J0cztjaD0yMDA7Y3I9MTtjdz0xNTM7ZHg9NzQ7ZHk9MDtmaT11bGNyb3A7aD02MDtxPTEwMDt3PTQ2/https://s.yimg.com/dh/ap/default/140828/silhouette@2x.png", "size": "small"}, "image_url": "https://s.yimg.com/iu/api/res/1.2/TcM85WhJ.fAOHWf2QKLjIw--~C/YXBwaWQ9eXNwb3J0cztjaD0yMDA7Y3I9MTtjdz0xNTM7ZHg9NzQ7ZHk9MDtmaT11bGNyb3A7aD02MDtxPTEwMDt3PTQ2/https://s.yimg.com/dh/ap/default/140828/silhouette@2x.png"}, {"is_undroppable": "0"}, {"position_type": "O"}, {"primary_position": "RB"}, {"eligible_positions": [{"position": "RB"}, {"position": "W/R/T"}]}, [], [], []], {"selected_position": [{"coverage_type": "week", "week": "4"}, {"position": "RB"}]}]}, "5": {"player": [[{"player_key": "242.p.6663"}, {"player_id": "6663"}, {"name": {"full": "Antonio Gates", "first": "Antonio", "last": "Gates", "ascii_first": "Antonio", "ascii_last": "Gates"}}, {"injury_note": "illness"}, {"editorial_player_key": "nfl.p.6663"}, {"editorial_team_key": "nfl.t.24"}, {"editorial_team_full_name": "Los Angeles Chargers"}, {"editorial_team_abbr": "LAC"}, {"bye_weeks": {"week": "10"}}, {"uniform_number": "85"}, {"display_position": "TE"}, {"headshot": {"url": "https://s.yimg.com/iu/api/res/1.2/v1NgjvRsbRI2taocVY5Ajg--~C/YXBwaWQ9eXNwb3J0cztjaD0yMzM2O2NyPTE7Y3c9MTc5MDtkeD04NTc7ZHk9MDtmaT11bGNyb3A7aD02MDtxPTEwMDt3PTQ2/https://s.yimg.com/xe/i/us/sp/v/nfl_cutout/players_l/09092017/6663.png", "size": "small"}, "image_url": "https://s.yimg.com/iu/api/res/1.2/v1NgjvRsbRI2taocVY5Ajg--~C/YXBwaWQ9eXNwb3J0cztjaD0yMzM2O2NyPTE7Y3c9MTc5MDtkeD04NTc7ZHk9MDtmaT11bGNyb3A7aD02MDtxPTEwMDt3PTQ2/https://s.yimg.com/xe/i/us/sp/v/nfl_cutout/players_l/09092017/6663.png"}, {"is_undroppable": "0"}, {"position_type": "O"}, {"primary_position": "W/T"}, {"eligible_positions": [{"position": "W/T"}, {"position": "W/R/T"}]}, [], [], []], {"selected_position": [{"coverage_type": "week", "week": "4"}, {"position": "W/T"}]}]}, "6": {"player": [[{"player_key": "242.p.9004"}, {"player_id": "9004"}, {"name": {"full": "Peyton Hillis", "first": "Peyton", "last": "Hillis", "ascii_first": "Peyton", "ascii_last": "Hillis"}}, {"editorial_player_key": "nfl.p.9004"}, {"editorial_team_key": "nfl.t.19"}, {"editorial_team_full_name": "New York Giants"}, {"editorial_team_abbr": "NYG"}, {"bye_weeks": {"week": "8"}}, {"uniform_number": "33"}, {"display_position": "RB"}, {"headshot": {"url": "https://s.yimg.com/iu/api/res/1.2/TcM85WhJ.fAOHWf2QKLjIw--~C/YXBwaWQ9eXNwb3J0cztjaD0yMDA7Y3I9MTtjdz0xNTM7ZHg9NzQ7ZHk9MDtmaT11bGNyb3A7aD02MDtxPTEwMDt3PTQ2/https://s.yimg.com/dh/ap/default/140828/silhouette@2x.png", "size": "small"}, "image_url": "https://s.yimg.com/iu/api/res/1.2/TcM85WhJ.fAOHWf2QKLjIw--~C/YXBwaWQ9eXNwb3J0cztjaD0yMDA7Y3I9MTtjdz0xNTM7ZHg9NzQ7ZHk9MDtmaT11bGNyb3A7aD02MDtxPTEwMDt3PTQ2/https://s.yimg.com/dh/ap/default/140828/silhouette@2x.png"}, {"is_undroppable": "0"}, {"position_type": "O"}, {"primary_position": "RB"}, {"eligible_positions": [{"position": "RB"}, {"position": "W/R/T"}]}, [], [], []], {"selected_position": [{"coverage_type": "week", "week": "4"}, {"position": "W/R/T"}]}]}, "7": {"player": [[{"player_key": "242.p.8305"}, {"player_id": "8305"}, {"name": {"full": "Steve Smith", "first": "Steve", "last": "Smith", "ascii_first": "Steve", "ascii_last": "Smith"}}, {"editorial_player_key": "nfl.p.8305"}, {"editorial_team_key": "nfl.t.27"}, {"editorial_team_full_name": "Tampa Bay Buccaneers"}, {"editorial_team_abbr": "TB"}, {"bye_weeks": {"week": "4"}}, {"uniform_number": "12"}, {"display_position": "WR"}, {"headshot": {"url": "https://s.yimg.com/iu/api/res/1.2/TcM85WhJ.fAOHWf2QKLjIw--~C/YXBwaWQ9eXNwb3J0cztjaD0yMDA7Y3I9MTtjdz0xNTM7ZHg9NzQ7ZHk9MDtmaT11bGNyb3A7aD02MDtxPTEwMDt3PTQ2/https://s.yimg.com/dh/ap/default/140828/silhouette@2x.png", "size": "small"}, "image_url": "https://s.yimg.com/iu/api/res/1.2/TcM85WhJ.fAOHWf2QKLjIw--~C/YXBwaWQ9eXNwb3J0cztjaD0yMDA7Y3I9MTtjdz0xNTM7ZHg9NzQ7ZHk9MDtmaT11bGNyb3A7aD02MDtxPTEwMDt3PTQ2/https://s.yimg.com/dh/ap/default/140828/silhouette@2x.png"}, {"is_undroppable": "0"}, {"position_type": "O"}, {"primary_position": "WR"}, {"eligible_positions": [{"position": "WR"}, {"position": "W/T"}, {"position": "W/R/T"}]}, [], [], []], {"selected_position": [{"coverage_type": "week", "week": "4"}, {"position": "BN"}]}]}, "8": {"player": [[{"player_key": "242.p.8850"}, {"player_id": "8850"}, {"name": {"full": "Jamaal Charles", "first": "Jamaal", "last": "Charles", "ascii_first": "Jamaal", "ascii_last": "Charles"}}, {"editorial_player_key": "nfl.p.8850"}, {"editorial_team_key": "nfl.t.12"}, {"editorial_team_full_name": "Kansas City Chiefs"}, {"editorial_team_abbr": "KC"}, {"bye_weeks": {"week": "4"}}, {"uniform_number": "31"}, {"display_position": "RB"}, {"headshot": {"url": "https://s.yimg.com/iu/api/res/1.2/fTrTBy.hdq.JOsn2TZdk3w--~C/YXBwaWQ9eXNwb3J0cztjaD0yMzM2O2NyPTE7Y3c9MTc5MDtkeD04NTc7ZHk9MDtmaT11bGNyb3A7aD02MDtxPTEwMDt3PTQ2/https://s.yimg.com/xe/i/us/sp/v/nfl_cutout/players_l/09072017/8850.png", "size": "small"}, "image_url": "https://s.yimg.com/iu/api/res/1.2/fTrTBy.hdq.JOsn2TZdk3w--~C/YXBwaWQ9eXNwb3J0cztjaD0yMzM2O2NyPTE7Y3c9MTc5MDtkeD04NTc7ZHk9MDtmaT11bGNyb3A7aD02MDtxPTEwMDt3PTQ2/https://s.yimg.com/xe/i/us/sp/v/nfl_cutout/players_l/09072017/8850.png"}, {"is_undroppable": "0"}, {"position_type": "O"}, {"primary_position": "RB"}, {"eligible_positions": [{"position": "RB"}, {"position": "W/R/T"}]}, [], [], []], {"selected_position": [{"coverage_type": "week", "week": "4"}, {"position": "BN"}]}]}, "9": {"player": [[{"player_key": "242.p.9274"}, {"player_id": "9274"}, {"name": {"full": "Michael Crabtree", "first": "Michael", "last": "Crabtree", "ascii_first": "Michael", "ascii_last": "Crabtree"}}, {"editorial_player_key": "nfl.p.9274"}, {"editorial_team_key": "nfl.t.33"}, {"editorial_team_full_name": "Baltimore Ravens"}, {"editorial_team_abbr": "Bal"}, {"bye_weeks": {"week": "8"}}, {"uniform_number": "15"}, {"display_position": "WR"}, {"headshot": {"url": "https://s.yimg.com/iu/api/res/1.2/Gy8UL2JX.uLbSy4oUEX.KA--~C/YXBwaWQ9eXNwb3J0cztjaD0yMzM2O2NyPTE7Y3c9MTc5MDtkeD04NTc7ZHk9MDtmaT11bGNyb3A7aD02MDtxPTEwMDt3PTQ2/https://s.yimg.com/xe/i/us/sp/v/nfl_cutout/players_l/09272018/9274.png", "size": "small"}, "image_url": "https://s.yimg.com/iu/api/res/1.2/Gy8UL2JX.uLbSy4oUEX.KA--~C/YXBwaWQ9eXNwb3J0cztjaD0yMzM2O2NyPTE7Y3c9MTc5MDtkeD04NTc7ZHk9MDtmaT11bGNyb3A7aD02MDtxPTEwMDt3PTQ2/https://s.yimg.com/xe/i/us/sp/v/nfl_cutout/players_l/09272018/9274.png"}, {"is_undroppable": "0"}, {"position_type": "O"}, {"primary_position": "WR"}, {"eligible_positions": [{"position": "WR"}, {"position": "W/T"}, {"position": "W/R/T"}]}, [], [], []], {"selected_position": [{"coverage_type": "week", "week": "4"}, {"position": "BN"}]}]}, "10": {"player": [[{"player_key": "242.p.8868"}, {"player_id": "8868"}, {"name": {"full": "Jermichael Finley", "first": "Jermichael", "last": "Finley", "ascii_first": "Jermichael", "ascii_last": "Finley"}}, {"editorial_player_key": "nfl.p.8868"}, {"editorial_team_key": "nfl.t.9"}, {"editorial_team_full_name": "Green Bay Packers"}, {"editorial_team_abbr": "GB"}, {"bye_weeks": {"week": "10"}}, {"uniform_number": "88"}, {"display_position": "TE"}, {"headshot": {"url": "https://s.yimg.com/iu/api/res/1.2/TcM85WhJ.fAOHWf2QKLjIw--~C/YXBwaWQ9eXNwb3J0cztjaD0yMDA7Y3I9MTtjdz0xNTM7ZHg9NzQ7ZHk9MDtmaT11bGNyb3A7aD02MDtxPTEwMDt3PTQ2/https://s.yimg.com/dh/ap/default/140828/silhouette@2x.png", "size": "small"}, "image_url": "https://s.yimg.com/iu/api/res/1.2/TcM85WhJ.fAOHWf2QKLjIw--~C/YXBwaWQ9eXNwb3J0cztjaD0yMDA7Y3I9MTtjdz0xNTM7ZHg9NzQ7ZHk9MDtmaT11bGNyb3A7aD02MDtxPTEwMDt3PTQ2/https://s.yimg.com/dh/ap/default/140828/silhouette@2x.png"}, {"is_undroppable": "0"}, {"position_type": "O"}, {"primary_position": "W/T"}, {"eligible_positions": [{"position": "W/T"}, {"position": "W/R/T"}]}, [], [], []], {"selected_position": [{"coverage_type": "week", "week": "4"}, {"position": "BN"}]}]}, "11": {"player": [[{"player_key": "242.p.7492"}, {"player_id": "7492"}, {"name": {"full": "Nate Washington", "first": "Nate", "last": "Washington", "ascii_first": "Nate", "ascii_last": "Washington"}}, {"editorial_player_key": "nfl.p.7492"}, {"editorial_team_key": "nfl.t.17"}, {"editorial_team_full_name": "New England Patriots"}, {"editorial_team_abbr": "NE"}, {"bye_weeks": {"week": "5"}}, {"uniform_number": "84"}, {"display_position": "WR"}, {"headshot": {"url": "https://s.yimg.com/iu/api/res/1.2/H4iOAss35eDTf63.81dNmQ--~C/YXBwaWQ9eXNwb3J0cztjaD0yMzM2O2NyPTE7Y3c9MTc5MDtkeD04NTc7ZHk9MDtmaT11bGNyb3A7aD02MDtxPTEwMDt3PTQ2/https://s.yimg.com/xe/i/us/sp/v/nfl_cutout/players_l/20160906/7492.1.png", "size": "small"}, "image_url": "https://s.yimg.com/iu/api/res/1.2/H4iOAss35eDTf63.81dNmQ--~C/YXBwaWQ9eXNwb3J0cztjaD0yMzM2O2NyPTE7Y3c9MTc5MDtkeD04NTc7ZHk9MDtmaT11bGNyb3A7aD02MDtxPTEwMDt3PTQ2/https://s.yimg.com/xe/i/us/sp/v/nfl_cutout/players_l/20160906/7492.1.png"}, {"is_undroppable": "0"}, {"position_type": "O"}, {"primary_position": "WR"}, {"eligible_positions": [{"position": "WR"}, {"position": "W/T"}, {"position": "W/R/T"}]}, [], [], []], {"selected_position": [{"coverage_type": "week", "week": "4"}, {"position": "BN"}]}]}, "12": {"player": [[{"player_key": "242.p.8500"}, {"player_id": "8500"}, {"name": {"full": "Kenneth Darby", "first": "Kenneth", "last": "Darby", "ascii_first": "Kenneth", "ascii_last": "Darby"}}, {"editorial_player_key": "nfl.p.8500"}, {"editorial_team_key": "nfl.t.14"}, {"editorial_team_full_name": "Los Angeles Rams"}, {"editorial_team_abbr": "LAR"}, {"bye_weeks": {"week": "9"}}, {"uniform_number": "34"}, {"display_position": "RB"}, {"headshot": {"url": "https://s.yimg.com/iu/api/res/1.2/TcM85WhJ.fAOHWf2QKLjIw--~C/YXBwaWQ9eXNwb3J0cztjaD0yMDA7Y3I9MTtjdz0xNTM7ZHg9NzQ7ZHk9MDtmaT11bGNyb3A7aD02MDtxPTEwMDt3PTQ2/https://s.yimg.com/dh/ap/default/140828/silhouette@2x.png", "size": "small"}, "image_url": "https://s.yimg.com/iu/api/res/1.2/TcM85WhJ.fAOHWf2QKLjIw--~C/YXBwaWQ9eXNwb3J0cztjaD0yMDA7Y3I9MTtjdz0xNTM7ZHg9NzQ7ZHk9MDtmaT11bGNyb3A7aD02MDtxPTEwMDt3PTQ2/https://s.yimg.com/dh/ap/default/140828/silhouette@2x.png"}, {"is_undroppable": "0"}, {"position_type": "O"}, {"primary_position": "RB"}, {"eligible_positions": [{"position": "RB"}, {"position": "W/R/T"}]}, [], [], []], {"selected_position": [{"coverage_type": "week", "week": "4"}, {"position": "BN"}]}]}, "13": {"player": [[{"player_key": "242.p.7867"}, {"player_id": "7867"}, {"name": {"full": "Stephen Gostkowski", "first": "Stephen", "last": "Gostkowski", "ascii_first": "Stephen", "ascii_last": "Gostkowski"}}, {"editorial_player_key": "nfl.p.7867"}, {"editorial_team_key": "nfl.t.17"}, {"editorial_team_full_name": "New England Patriots"}, {"editorial_team_abbr": "NE"}, {"bye_weeks": {"week": "5"}}, {"uniform_number": "3"}, {"display_position": "K"}, {"headshot": {"url": "https://s.yimg.com/iu/api/res/1.2/T08uMVkSyo3GXg3SD_lBRA--~C/YXBwaWQ9eXNwb3J0cztjaD0yMzM2O2NyPTE7Y3c9MTc5MDtkeD04NTc7ZHk9MDtmaT11bGNyb3A7aD02MDtxPTEwMDt3PTQ2/https://s.yimg.com/xe/i/us/sp/v/nfl_cutout/players_l/08212018/7867.png", "size": "small"}, "image_url": "https://s.yimg.com/iu/api/res/1.2/T08uMVkSyo3GXg3SD_lBRA--~C/YXBwaWQ9eXNwb3J0cztjaD0yMzM2O2NyPTE7Y3c9MTc5MDtkeD04NTc7ZHk9MDtmaT11bGNyb3A7aD02MDtxPTEwMDt3PTQ2/https://s.yimg.com/xe/i/us/sp/v/nfl_cutout/players_l/08212018/7867.png"}, {"is_undroppable": "0"}, {"position_type": "K"}, {"primary_position": "K"}, {"eligible_positions": [{"position": "K"}]}, [], [], []], {"selected_position": [{"coverage_type": "week", "week": "4"}, {"position": "K"}]}]}, "14": {"player": [[{"player_key": "242.p.100033"}, {"player_id": "100033"}, {"name": {"full": "Baltimore", "first": "Baltimore", "last": "", "ascii_first": "Baltimore", "ascii_last": ""}}, {"editorial_player_key": "nfl.p.100033"}, {"editorial_team_key": "nfl.t.33"}, {"editorial_team_full_name": "Baltimore Ravens"}, {"editorial_team_abbr": "Bal"}, {"bye_weeks": {"week": "8"}}, {"uniform_number": false}, {"display_position": "DEF"}, {"headshot": {"url": "https://s.yimg.com/lq/i/us/sp/v/nfl/teams/1/50x50w/bal_2.gif", "size": "small"}, "image_url": "https://s.yimg.com/lq/i/us/sp/v/nfl/teams/1/50x50w/bal_2.gif"}, {"is_undroppable": "0"}, {"position_type": "DT"}, {"primary_position": "DEF"}, {"eligible_positions": [{"position": "DEF"}]}, [], [], []], {"selected_position": [{"coverage_type": "week", "week": "4"}, {"position": "DEF"}]}]}, "15": {"player": [[{"player_key": "242.p.8260"}, {"player_id": "8260"}, {"name": {"full": "LaRon Landry", "first": "LaRon", "last": "Landry", "ascii_first": "LaRon", "ascii_last": "Landry"}}, {"editorial_player_key": "nfl.p.8260"}, {"editorial_team_key": "nfl.t.11"}, {"editorial_team_full_name": "Indianapolis Colts"}, {"editorial_team_abbr": "Ind"}, {"bye_weeks": {"week": "7"}}, {"uniform_number": "30"}, {"display_position": "S"}, {"headshot": {"url": "https://s.yimg.com/iu/api/res/1.2/TcM85WhJ.fAOHWf2QKLjIw--~C/YXBwaWQ9eXNwb3J0cztjaD0yMDA7Y3I9MTtjdz0xNTM7ZHg9NzQ7ZHk9MDtmaT11bGNyb3A7aD02MDtxPTEwMDt3PTQ2/https://s.yimg.com/dh/ap/default/140828/silhouette@2x.png", "size": "small"}, "image_url": "https://s.yimg.com/iu/api/res/1.2/TcM85WhJ.fAOHWf2QKLjIw--~C/YXBwaWQ9eXNwb3J0cztjaD0yMDA7Y3I9MTtjdz0xNTM7ZHg9NzQ7ZHk9MDtmaT11bGNyb3A7aD02MDtxPTEwMDt3PTQ2/https://s.yimg.com/dh/ap/default/140828/silhouette@2x.png"}, {"is_undroppable": "0"}, {"position_type": "DP"}, {"primary_position": "D"}, {"eligible_positions": [{"position": "D"}]}, [], [], []], {"selected_position": [{"coverage_type": "week", "week": "4"}, {"position": "D"}]}]}, "count": 16}}}}], "time": "1055.4220676422ms", "copyright": "Data provided by Yahoo! and STATS, LLC", "refresh_rate": "60"}}