{"fantasy_content": {"xml:lang": "en-US", "yahoo:uri": "/fantasy/v2/league/242.l.155338/scoreboard;week=16", "league": [{"league_key": "242.l.155338", "league_id": "155338", "name": "The league 3", "url": "https://football.fantasysports.yahoo.com/archive/nfl/2010/155338", "logo_url": false, "draft_status": "postdraft", "num_teams": 12, "edit_key": "17", "weekly_deadline": "", "league_update_timestamp": "1294130683", "scoring_type": "head", "league_type": "private", "renew": "", "renewed": "257_320625", "iris_group_chat_id": "", "allow_add_to_dl_extra_pos": 0, "is_pro_league": "0", "is_cash_league": "0", "current_week": "17", "start_week": "1", "start_date": "2010-09-09", "end_week": "17", "end_date": "2011-01-03", "is_finished": 1, "game_code": "nfl", "season": "2010"}, {"scoreboard": {"week": "16", "0": {"matchups": {"0": {"matchup": {"week": "16", "week_start": "2010-12-21", "week_end": "2010-12-28", "status": "postevent", "is_playoffs": "1", "is_consolation": "0", "is_matchup_recap_available": 0, "is_tied": 0, "winner_team_key": "242.l.155338.t.2", "0": {"teams": {"0": {"team": [[{"team_key": "242.l.155338.t.2"}, {"team_id": "2"}, {"name": "Fleshlight"}, [], {"url": "https://football.fantasysports.yahoo.com/archive/nfl/2010/155338/2"}, {"team_logos": [{"team_logo": {"size": "large", "url": "https://s.yimg.com/dh/ap/fantasy/img/profile_96.png"}}]}, [], {"waiver_priority": 12}, [], {"number_of_moves": "39"}, {"number_of_trades": "2"}, {"roster_adds": {"coverage_type": "week", "coverage_value": "17", "value": "2"}}, {"clinched_playoffs": 1}, {"league_scoring_type": "head"}, [], {"draft_position": 11}, {"has_draft_grade": 0}, [], [], {"managers": [{"manager": {"manager_id": "5", "nickname": "Dom", "guid": "27NK5PUMJG7Z3A7QY2MSYUKOW4", "image_url": "https://ct.yimg.com/cy/4544/37879821610_455a4e_64sq.jpg"}}]}], {"win_probability": 1, "team_points": {"coverage_type": "week", "week": "16", "total": "109"}, "team_projected_points": {"coverage_type": "week", "week": "16", "total": "99"}}]}, "1": {"team": [[{"team_key": "242.l.155338.t.12"}, {"team_id": "12"}, {"name": "Who Haa"}, {"is_owned_by_current_login": 1}, {"url": "https://football.fantasysports.yahoo.com/archive/nfl/2010/155338/12"}, {"team_logos": [{"team_logo": {"size": "large", "url": "https://s.yimg.com/dh/ap/fantasy/img/profile_96.png"}}]}, [], {"waiver_priority": 8}, [], {"number_of_moves": "12"}, {"number_of_trades": 0}, {"roster_adds": {"coverage_type": "week", "coverage_value": "17", "value": "3"}}, {"clinched_playoffs": 1}, {"league_scoring_type": "head"}, [], {"draft_position": 2}, {"has_draft_grade": 0}, [], [], {"managers": [{"manager": {"manager_id": "12", "nickname": "alexp", "guid": "6KYOSOSDH6T54LOWSHNKI25S3Q", "is_current_login": "1", "email": "alex31888@yahoo.com", "image_url": "https://ct.yimg.com/cy/4577/38685512946_edc791_64sq.jpg"}}]}], {"win_probability": 0, "team_points": {"coverage_type": "week", "week": "16", "total": "86"}, "team_projected_points": {"coverage_type": "week", "week": "16", "total": "98"}}]}, "count": 2}}}}, "1": {"matchup": {"week": "16", "week_start": "2010-12-21", "week_end": "2010-12-28", "status": "postevent", "is_playoffs": "1", "is_consolation": "0", "is_matchup_recap_available": 0, "is_tied": 0, "winner_team_key": "242.l.155338.t.3", "0": {"teams": {"0": {"team": [[{"team_key": "242.l.155338.t.3"}, {"team_id": "3"}, {"name": "Red Raiders"}, [], {"url": "https://football.fantasysports.yahoo.com/archive/nfl/2010/155338/3"}, {"team_logos": [{"team_logo": {"size": "large", "url": "https://s.yimg.com/cv/apiv2/default/nfl/nfl_6.png"}}]}, [], {"waiver_priority": 9}, [], {"number_of_moves": "5"}, {"number_of_trades": "3"}, {"roster_adds": {"coverage_type": "week", "coverage_value": "17", "value": "0"}}, {"clinched_playoffs": 1}, {"league_scoring_type": "head"}, [], {"draft_position": 12}, {"has_draft_grade": 0}, [], [], {"managers": [{"manager": {"manager_id": "6", "nickname": "matt", "guid": "GLA4WKB7ZZIFXVWLCOKIJGNAVE", "email": "greatride35@yahoo.com", "image_url": "https://ct.yimg.com/cy/4583/23785939937_58c45f_64sq.jpg"}}]}], {"win_probability": 1, "team_points": {"coverage_type": "week", "week": "16", "total": "91"}, "team_projected_points": {"coverage_type": "week", "week": "16", "total": "69"}}]}, "1": {"team": [[{"team_key": "242.l.155338.t.8"}, {"team_id": "8"}, {"name": "Hit Stick!"}, [], {"url": "https://football.fantasysports.yahoo.com/archive/nfl/2010/155338/8"}, {"team_logos": [{"team_logo": {"size": "large", "url": "https://s.yimg.com/cv/apiv2/default/nfl/nfl_9.png"}}]}, [], {"waiver_priority": 5}, [], {"number_of_moves": "35"}, {"number_of_trades": "3"}, {"roster_adds": {"coverage_type": "week", "coverage_value": "17", "value": "0"}}, {"clinched_playoffs": 1}, {"league_scoring_type": "head"}, [], {"draft_position": 1}, {"has_draft_grade": 0}, [], [], {"managers": [{"manager": {"manager_id": "1", "nickname": "mark p", "guid": "ISCH7G5ZPMSSGGNC4KTWLF4LHI", "is_commissioner": "1", "email": "mopete1242@yahoo.com", "image_url": "https://ct.yimg.com/cy/4636/39020285436_d0a3f6_64sq.jpg"}}]}], {"win_probability": 0, "team_points": {"coverage_type": "week", "week": "16", "total": "53"}, "team_projected_points": {"coverage_type": "week", "week": "16", "total": "90"}}]}, "count": 2}}}}, "2": {"matchup": {"week": "16", "week_start": "2010-12-21", "week_end": "2010-12-28", "status": "postevent", "is_playoffs": "1", "is_consolation": "0", "is_matchup_recap_available": 0, "is_tied": 0, "winner_team_key": "242.l.155338.t.4", "0": {"teams": {"0": {"team": [[{"team_key": "242.l.155338.t.4"}, {"team_id": "4"}, {"name": "Brews for Bruschi"}, [], {"url": "https://football.fantasysports.yahoo.com/archive/nfl/2010/155338/4"}, {"team_logos": [{"team_logo": {"size": "large", "url": "https://s.yimg.com/cv/apiv2/default/nfl/nfl_4.png"}}]}, [], {"waiver_priority": 10}, [], {"number_of_moves": "35"}, {"number_of_trades": "1"}, {"roster_adds": {"coverage_type": "week", "coverage_value": "17", "value": "2"}}, {"clinched_playoffs": 1}, {"league_scoring_type": "head"}, [], {"draft_position": 6}, {"has_draft_grade": 0}, [], [], {"managers": [{"manager": {"manager_id": "7", "nickname": "ShawnM", "guid": "UU4I5GVRPO7PPJDDC66VLEUM6A", "email": "shawnmorin2003@yahoo.com", "image_url": "https://ct.yimg.com/cy/1768/39361574426_98028a_64sq.jpg"}}]}], {"win_probability": 1, "team_points": {"coverage_type": "week", "week": "16", "total": "114"}, "team_projected_points": {"coverage_type": "week", "week": "16", "total": "101"}}]}, "1": {"team": [[{"team_key": "242.l.155338.t.11"}, {"team_id": "11"}, {"name": "GreenBayFudgePackers"}, [], {"url": "https://football.fantasysports.yahoo.com/archive/nfl/2010/155338/11"}, {"team_logos": [{"team_logo": {"size": "large", "url": "https://s.yimg.com/cv/apiv2/default/nfl/nfl_4.png"}}]}, [], {"waiver_priority": 6}, [], {"number_of_moves": "38"}, {"number_of_trades": 0}, {"roster_adds": {"coverage_type": "week", "coverage_value": "17", "value": "0"}}, {"clinched_playoffs": 1}, {"league_scoring_type": "head"}, [], {"draft_position": 3}, {"has_draft_grade": 0}, [], [], {"managers": [{"manager": {"manager_id": "11", "nickname": "rfranke66", "guid": "2SAZDUD52ADT23A7VKSY5ENDGE", "image_url": "https://ct.yimg.com/cy/4553/24138783757_e4e135_64sq.jpg"}}]}], {"win_probability": 0, "team_points": {"coverage_type": "week", "week": "16", "total": "72"}, "team_projected_points": {"coverage_type": "week", "week": "16", "total": "74"}}]}, "count": 2}}}}, "3": {"matchup": {"week": "16", "week_start": "2010-12-21", "week_end": "2010-12-28", "status": "postevent", "is_playoffs": "1", "is_consolation": "0", "is_matchup_recap_available": 0, "is_tied": 0, "winner_team_key": "242.l.155338.t.10", "0": {"teams": {"0": {"team": [[{"team_key": "242.l.155338.t.5"}, {"team_id": "5"}, {"name": "Regulators"}, [], {"url": "https://football.fantasysports.yahoo.com/archive/nfl/2010/155338/5"}, {"team_logos": [{"team_logo": {"size": "large", "url": "https://s.yimg.com/cv/apiv2/default/nfl/nfl_5.png"}}]}, [], {"waiver_priority": 11}, [], {"number_of_moves": "15"}, {"number_of_trades": 0}, {"roster_adds": {"coverage_type": "week", "coverage_value": "17", "value": "0"}}, {"clinched_playoffs": 1}, {"league_scoring_type": "head"}, [], {"draft_position": 10}, {"has_draft_grade": 0}, [], [], {"managers": [{"manager": {"manager_id": "3", "nickname": "killa", "guid": "X2S2ZXV5KMQU2BWJYEXDZY2DIU", "email": "fsimpson413@yahoo.com", "image_url": "https://ct.yimg.com/cy/1768/39361574426_98028a_64sq.jpg"}}]}], {"win_probability": 0, "team_points": {"coverage_type": "week", "week": "16", "total": "63"}, "team_projected_points": {"coverage_type": "week", "week": "16", "total": "79"}}]}, "1": {"team": [[{"team_key": "242.l.155338.t.10"}, {"team_id": "10"}, {"name": "Rainmakers"}, [], {"url": "https://football.fantasysports.yahoo.com/archive/nfl/2010/155338/10"}, {"team_logos": [{"team_logo": {"size": "large", "url": "https://s.yimg.com/cv/apiv2/default/nfl/nfl_2.png"}}]}, [], {"waiver_priority": 7}, [], {"number_of_moves": "14"}, {"number_of_trades": 0}, {"roster_adds": {"coverage_type": "week", "coverage_value": "17", "value": "0"}}, {"clinched_playoffs": 1}, {"league_scoring_type": "head"}, [], {"draft_position": 7}, {"has_draft_grade": 0}, [], [], {"managers": [{"manager": {"manager_id": "10", "nickname": "Rick Ferri", "guid": "S7BYIYPA4Q4UZUT42NA5FWTLCU", "email": "rferri23@gmail.com", "image_url": "https://ct.yimg.com/cy/1768/39361574426_98028a_64sq.jpg"}}]}], {"win_probability": 1, "team_points": {"coverage_type": "week", "week": "16", "total": "98"}, "team_projected_points": {"coverage_type": "week", "week": "16", "total": "72"}}]}, "count": 2}}}}, "count": 4}}}}], "time": "773.46014976501ms", "copyright": "Data provided by Yahoo! and STATS, LLC", "refresh_rate": "60"}}