{"fantasy_content": {"xml:lang": "en-US", "yahoo:uri": "/fantasy/v2/league/242.l.155338/scoreboard;week=7", "league": [{"league_key": "242.l.155338", "league_id": "155338", "name": "The league 3", "url": "https://football.fantasysports.yahoo.com/archive/nfl/2010/155338", "logo_url": false, "draft_status": "postdraft", "num_teams": 12, "edit_key": "17", "weekly_deadline": "", "league_update_timestamp": "1294130683", "scoring_type": "head", "league_type": "private", "renew": "", "renewed": "257_320625", "iris_group_chat_id": "", "allow_add_to_dl_extra_pos": 0, "is_pro_league": "0", "is_cash_league": "0", "current_week": "17", "start_week": "1", "start_date": "2010-09-09", "end_week": "17", "end_date": "2011-01-03", "is_finished": 1, "game_code": "nfl", "season": "2010"}, {"scoreboard": {"week": "7", "0": {"matchups": {"0": {"matchup": {"week": "7", "week_start": "2010-10-19", "week_end": "2010-10-25", "status": "postevent", "is_playoffs": "0", "is_consolation": "0", "is_matchup_recap_available": 0, "is_tied": 0, "winner_team_key": "242.l.155338.t.8", "0": {"teams": {"0": {"team": [[{"team_key": "242.l.155338.t.1"}, {"team_id": "1"}, {"name": "Juice all ova ya"}, [], {"url": "https://football.fantasysports.yahoo.com/archive/nfl/2010/155338/1"}, {"team_logos": [{"team_logo": {"size": "large", "url": "https://s.yimg.com/cv/apiv2/default/nfl/nfl_9.png"}}]}, [], {"waiver_priority": 2}, [], {"number_of_moves": "9"}, {"number_of_trades": 0}, {"roster_adds": {"coverage_type": "week", "coverage_value": "17", "value": "0"}}, [], {"league_scoring_type": "head"}, [], {"draft_position": 4}, {"has_draft_grade": 0}, [], [], {"managers": [{"manager": {"manager_id": "4", "nickname": "Justin", "guid": "7R6MOZ7BLCKNJJ46T4HI7GU7LE", "email": "thejuice1sloose@aol.com", "image_url": "https://ct.yimg.com/cy/1768/39361574426_98028a_64sq.jpg"}}]}], {"win_probability": 0.27, "team_points": {"coverage_type": "week", "week": "7", "total": "84"}, "team_projected_points": {"coverage_type": "week", "week": "7", "total": "52"}}]}, "1": {"team": [[{"team_key": "242.l.155338.t.8"}, {"team_id": "8"}, {"name": "Hit Stick!"}, [], {"url": "https://football.fantasysports.yahoo.com/archive/nfl/2010/155338/8"}, {"team_logos": [{"team_logo": {"size": "large", "url": "https://s.yimg.com/cv/apiv2/default/nfl/nfl_9.png"}}]}, [], {"waiver_priority": 5}, [], {"number_of_moves": "35"}, {"number_of_trades": "3"}, {"roster_adds": {"coverage_type": "week", "coverage_value": "17", "value": "0"}}, {"clinched_playoffs": 1}, {"league_scoring_type": "head"}, [], {"draft_position": 1}, {"has_draft_grade": 0}, [], [], {"managers": [{"manager": {"manager_id": "1", "nickname": "mark p", "guid": "ISCH7G5ZPMSSGGNC4KTWLF4LHI", "is_commissioner": "1", "email": "mopete1242@yahoo.com", "image_url": "https://ct.yimg.com/cy/4636/39020285436_d0a3f6_64sq.jpg"}}]}], {"win_probability": 0.73, "team_points": {"coverage_type": "week", "week": "7", "total": "87"}, "team_projected_points": {"coverage_type": "week", "week": "7", "total": "103"}}]}, "count": 2}}}}, "1": {"matchup": {"week": "7", "week_start": "2010-10-19", "week_end": "2010-10-25", "status": "postevent", "is_playoffs": "0", "is_consolation": "0", "is_matchup_recap_available": 0, "is_tied": 0, "winner_team_key": "242.l.155338.t.2", "0": {"teams": {"0": {"team": [[{"team_key": "242.l.155338.t.2"}, {"team_id": "2"}, {"name": "Fleshlight"}, [], {"url": "https://football.fantasysports.yahoo.com/archive/nfl/2010/155338/2"}, {"team_logos": [{"team_logo": {"size": "large", "url": "https://s.yimg.com/dh/ap/fantasy/img/profile_96.png"}}]}, [], {"waiver_priority": 12}, [], {"number_of_moves": "39"}, {"number_of_trades": "2"}, {"roster_adds": {"coverage_type": "week", "coverage_value": "17", "value": "2"}}, {"clinched_playoffs": 1}, {"league_scoring_type": "head"}, [], {"draft_position": 11}, {"has_draft_grade": 0}, [], [], {"managers": [{"manager": {"manager_id": "5", "nickname": "Dom", "guid": "27NK5PUMJG7Z3A7QY2MSYUKOW4", "image_url": "https://ct.yimg.com/cy/4544/37879821610_455a4e_64sq.jpg"}}]}], {"win_probability": 0.99, "team_points": {"coverage_type": "week", "week": "7", "total": "103"}, "team_projected_points": {"coverage_type": "week", "week": "7", "total": "87"}}]}, "1": {"team": [[{"team_key": "242.l.155338.t.7"}, {"team_id": "7"}, {"name": "Chargers"}, [], {"url": "https://football.fantasysports.yahoo.com/archive/nfl/2010/155338/7"}, {"team_logos": [{"team_logo": {"size": "large", "url": "https://s.yimg.com/cv/apiv2/default/nfl/nfl_5.png"}}]}, [], {"waiver_priority": 3}, [], {"number_of_moves": "3"}, {"number_of_trades": 0}, {"roster_adds": {"coverage_type": "week", "coverage_value": "17", "value": "0"}}, [], {"league_scoring_type": "head"}, [], {"draft_position": 8}, {"has_draft_grade": 0}, [], [], {"managers": [{"manager": {"manager_id": "9", "nickname": "Michael", "guid": "YTVK5IK3WMUOOKKTCDUVHNNSPQ", "image_url": "https://ct.yimg.com/cy/1768/39361574426_98028a_64sq.jpg"}}]}], {"win_probability": 0.01, "team_points": {"coverage_type": "week", "week": "7", "total": "42"}, "team_projected_points": {"coverage_type": "week", "week": "7", "total": "35"}}]}, "count": 2}}}}, "2": {"matchup": {"week": "7", "week_start": "2010-10-19", "week_end": "2010-10-25", "status": "postevent", "is_playoffs": "0", "is_consolation": "0", "is_matchup_recap_available": 0, "is_tied": 0, "winner_team_key": "242.l.155338.t.3", "0": {"teams": {"0": {"team": [[{"team_key": "242.l.155338.t.3"}, {"team_id": "3"}, {"name": "Red Raiders"}, [], {"url": "https://football.fantasysports.yahoo.com/archive/nfl/2010/155338/3"}, {"team_logos": [{"team_logo": {"size": "large", "url": "https://s.yimg.com/cv/apiv2/default/nfl/nfl_6.png"}}]}, [], {"waiver_priority": 9}, [], {"number_of_moves": "5"}, {"number_of_trades": "3"}, {"roster_adds": {"coverage_type": "week", "coverage_value": "17", "value": "0"}}, {"clinched_playoffs": 1}, {"league_scoring_type": "head"}, [], {"draft_position": 12}, {"has_draft_grade": 0}, [], [], {"managers": [{"manager": {"manager_id": "6", "nickname": "matt", "guid": "GLA4WKB7ZZIFXVWLCOKIJGNAVE", "email": "greatride35@yahoo.com", "image_url": "https://ct.yimg.com/cy/4583/23785939937_58c45f_64sq.jpg"}}]}], {"win_probability": 0.99, "team_points": {"coverage_type": "week", "week": "7", "total": "105"}, "team_projected_points": {"coverage_type": "week", "week": "7", "total": "55"}}]}, "1": {"team": [[{"team_key": "242.l.155338.t.6"}, {"team_id": "6"}, {"name": "The Dreadnaught"}, [], {"url": "https://football.fantasysports.yahoo.com/archive/nfl/2010/155338/6"}, {"team_logos": [{"team_logo": {"size": "large", "url": "https://s.yimg.com/cv/apiv2/default/nfl/nfl_4.png"}}]}, [], {"waiver_priority": 4}, [], {"number_of_moves": "18"}, {"number_of_trades": 0}, {"roster_adds": {"coverage_type": "week", "coverage_value": "17", "value": "0"}}, [], {"league_scoring_type": "head"}, [], {"draft_position": 9}, {"has_draft_grade": 0}, [], [], {"managers": [{"manager": {"manager_id": "8", "nickname": "Matt Franke", "guid": "YOJVXUMGOWX3SMD6OPVXQ5GTZA", "email": "afromannn20@aol.com", "image_url": "https://ct.yimg.com/cy/1768/39361574426_98028a_64sq.jpg"}}]}], {"win_probability": 0.01, "team_points": {"coverage_type": "week", "week": "7", "total": "73"}, "team_projected_points": {"coverage_type": "week", "week": "7", "total": "79"}}]}, "count": 2}}}}, "3": {"matchup": {"week": "7", "week_start": "2010-10-19", "week_end": "2010-10-25", "status": "postevent", "is_playoffs": "0", "is_consolation": "0", "is_matchup_recap_available": 0, "is_tied": 0, "winner_team_key": "242.l.155338.t.4", "0": {"teams": {"0": {"team": [[{"team_key": "242.l.155338.t.4"}, {"team_id": "4"}, {"name": "Brews for Bruschi"}, [], {"url": "https://football.fantasysports.yahoo.com/archive/nfl/2010/155338/4"}, {"team_logos": [{"team_logo": {"size": "large", "url": "https://s.yimg.com/cv/apiv2/default/nfl/nfl_4.png"}}]}, [], {"waiver_priority": 10}, [], {"number_of_moves": "35"}, {"number_of_trades": "1"}, {"roster_adds": {"coverage_type": "week", "coverage_value": "17", "value": "2"}}, {"clinched_playoffs": 1}, {"league_scoring_type": "head"}, [], {"draft_position": 6}, {"has_draft_grade": 0}, [], [], {"managers": [{"manager": {"manager_id": "7", "nickname": "ShawnM", "guid": "UU4I5GVRPO7PPJDDC66VLEUM6A", "email": "shawnmorin2003@yahoo.com", "image_url": "https://ct.yimg.com/cy/1768/39361574426_98028a_64sq.jpg"}}]}], {"win_probability": 1, "team_points": {"coverage_type": "week", "week": "7", "total": "105"}, "team_projected_points": {"coverage_type": "week", "week": "7", "total": "93"}}]}, "1": {"team": [[{"team_key": "242.l.155338.t.5"}, {"team_id": "5"}, {"name": "Regulators"}, [], {"url": "https://football.fantasysports.yahoo.com/archive/nfl/2010/155338/5"}, {"team_logos": [{"team_logo": {"size": "large", "url": "https://s.yimg.com/cv/apiv2/default/nfl/nfl_5.png"}}]}, [], {"waiver_priority": 11}, [], {"number_of_moves": "15"}, {"number_of_trades": 0}, {"roster_adds": {"coverage_type": "week", "coverage_value": "17", "value": "0"}}, {"clinched_playoffs": 1}, {"league_scoring_type": "head"}, [], {"draft_position": 10}, {"has_draft_grade": 0}, [], [], {"managers": [{"manager": {"manager_id": "3", "nickname": "killa", "guid": "X2S2ZXV5KMQU2BWJYEXDZY2DIU", "email": "fsimpson413@yahoo.com", "image_url": "https://ct.yimg.com/cy/1768/39361574426_98028a_64sq.jpg"}}]}], {"win_probability": 0, "team_points": {"coverage_type": "week", "week": "7", "total": "54"}, "team_projected_points": {"coverage_type": "week", "week": "7", "total": "92"}}]}, "count": 2}}}}, "4": {"matchup": {"week": "7", "week_start": "2010-10-19", "week_end": "2010-10-25", "status": "postevent", "is_playoffs": "0", "is_consolation": "0", "is_matchup_recap_available": 0, "is_tied": 0, "winner_team_key": "242.l.155338.t.11", "0": {"teams": {"0": {"team": [[{"team_key": "242.l.155338.t.9"}, {"team_id": "9"}, {"name": "Flemington Generals"}, [], {"url": "https://football.fantasysports.yahoo.com/archive/nfl/2010/155338/9"}, {"team_logos": [{"team_logo": {"size": "large", "url": "https://s.yimg.com/dh/ap/fantasy/img/profile_96.png"}}]}, [], {"waiver_priority": 1}, [], {"number_of_moves": "8"}, {"number_of_trades": "1"}, {"roster_adds": {"coverage_type": "week", "coverage_value": "17", "value": "0"}}, [], {"league_scoring_type": "head"}, [], {"draft_position": 5}, {"has_draft_grade": 0}, [], [], {"managers": [{"manager": {"manager_id": "2", "nickname": "GtL 87", "guid": "WGKDW7COYFYX4QPR36H3SYZQWY", "email": "gerard_longo12@yahoo.com", "image_url": "https://ct.yimg.com/cy/4739/38056809900_d64ca3_64sq.jpg"}}]}], {"win_probability": 0, "team_points": {"coverage_type": "week", "week": "7", "total": "90"}, "team_projected_points": {"coverage_type": "week", "week": "7", "total": "84"}}]}, "1": {"team": [[{"team_key": "242.l.155338.t.11"}, {"team_id": "11"}, {"name": "GreenBayFudgePackers"}, [], {"url": "https://football.fantasysports.yahoo.com/archive/nfl/2010/155338/11"}, {"team_logos": [{"team_logo": {"size": "large", "url": "https://s.yimg.com/cv/apiv2/default/nfl/nfl_4.png"}}]}, [], {"waiver_priority": 6}, [], {"number_of_moves": "38"}, {"number_of_trades": 0}, {"roster_adds": {"coverage_type": "week", "coverage_value": "17", "value": "0"}}, {"clinched_playoffs": 1}, {"league_scoring_type": "head"}, [], {"draft_position": 3}, {"has_draft_grade": 0}, [], [], {"managers": [{"manager": {"manager_id": "11", "nickname": "rfranke66", "guid": "2SAZDUD52ADT23A7VKSY5ENDGE", "image_url": "https://ct.yimg.com/cy/4553/24138783757_e4e135_64sq.jpg"}}]}], {"win_probability": 1, "team_points": {"coverage_type": "week", "week": "7", "total": "105"}, "team_projected_points": {"coverage_type": "week", "week": "7", "total": "80"}}]}, "count": 2}}}}, "5": {"matchup": {"week": "7", "week_start": "2010-10-19", "week_end": "2010-10-25", "status": "postevent", "is_playoffs": "0", "is_consolation": "0", "is_matchup_recap_available": 0, "is_tied": 0, "winner_team_key": "242.l.155338.t.10", "0": {"teams": {"0": {"team": [[{"team_key": "242.l.155338.t.10"}, {"team_id": "10"}, {"name": "Rainmakers"}, [], {"url": "https://football.fantasysports.yahoo.com/archive/nfl/2010/155338/10"}, {"team_logos": [{"team_logo": {"size": "large", "url": "https://s.yimg.com/cv/apiv2/default/nfl/nfl_2.png"}}]}, [], {"waiver_priority": 7}, [], {"number_of_moves": "14"}, {"number_of_trades": 0}, {"roster_adds": {"coverage_type": "week", "coverage_value": "17", "value": "0"}}, {"clinched_playoffs": 1}, {"league_scoring_type": "head"}, [], {"draft_position": 7}, {"has_draft_grade": 0}, [], [], {"managers": [{"manager": {"manager_id": "10", "nickname": "Rick Ferri", "guid": "S7BYIYPA4Q4UZUT42NA5FWTLCU", "email": "rferri23@gmail.com", "image_url": "https://ct.yimg.com/cy/1768/39361574426_98028a_64sq.jpg"}}]}], {"win_probability": 0.99, "team_points": {"coverage_type": "week", "week": "7", "total": "113"}, "team_projected_points": {"coverage_type": "week", "week": "7", "total": "81"}}]}, "1": {"team": [[{"team_key": "242.l.155338.t.12"}, {"team_id": "12"}, {"name": "Who Haa"}, {"is_owned_by_current_login": 1}, {"url": "https://football.fantasysports.yahoo.com/archive/nfl/2010/155338/12"}, {"team_logos": [{"team_logo": {"size": "large", "url": "https://s.yimg.com/dh/ap/fantasy/img/profile_96.png"}}]}, [], {"waiver_priority": 8}, [], {"number_of_moves": "12"}, {"number_of_trades": 0}, {"roster_adds": {"coverage_type": "week", "coverage_value": "17", "value": "3"}}, {"clinched_playoffs": 1}, {"league_scoring_type": "head"}, [], {"draft_position": 2}, {"has_draft_grade": 0}, [], [], {"managers": [{"manager": {"manager_id": "12", "nickname": "alexp", "guid": "6KYOSOSDH6T54LOWSHNKI25S3Q", "is_current_login": "1", "email": "alex31888@yahoo.com", "image_url": "https://ct.yimg.com/cy/4577/38685512946_edc791_64sq.jpg"}}]}], {"win_probability": 0.01, "team_points": {"coverage_type": "week", "week": "7", "total": "63"}, "team_projected_points": {"coverage_type": "week", "week": "7", "total": "88"}}]}, "count": 2}}}}, "count": 6}}}}], "time": "1682.3589801788ms", "copyright": "Data provided by Yahoo! and STATS, LLC", "refresh_rate": "60"}}