"team_key","team_id","name","url","waiver_priority","number_of_moves","number_of_trades","league_scoring_type","has_draft_grade","season","logo","manager_id","manager_nickname","manager_guid","manager_email","is_owned_by_current_login"
"388.l.11178.t.1","1","THE BRINGER OF RAIN","https://baseball.fantasysports.yahoo.com/b1/11178/1","12","57","4","point","0","2019","https://ct.yimg.com/cy/4203/23188364248_869346_192sq.jpg?ct=fantasy","1","matt","LKIQGCY2AMDYKYPT4Y4R7TSLBY","mattvanduyne1@yahoo.com",""
"388.l.11178.t.2","2","BIG HURT","https://baseball.fantasysports.yahoo.com/b1/11178/2","10","111","1","point","0","2019","https://ct.yimg.com/cy/1568/25227603202_7bcf516b2e_192sq.jpg?ct=fantasy","2","Daniel","AR333SIZ4CQAOA4MQ2SOTBVUP4","johndramadoyle24@yahoo.com",""
"388.l.11178.t.3","3","BOGAERTINGtheXANDERS","https://baseball.fantasysports.yahoo.com/b1/11178/3","11","138","0","point","0","2019","https://s.yimg.com/cv/apiv2/default/mlb/mlb_1.png","3","alexp","6KYOSOSDH6T54LOWSHNKI25S3Q","alex31888@yahoo.com","1"
"388.l.11178.t.4","4","Cream and Clear","https://baseball.fantasysports.yahoo.com/b1/11178/4","9","57","0","point","0","2019","https://s.yimg.com/cv/apiv2/default/mlb/mlb_6_c.png","4","Curtis","BO62VWZABPCDXJZIQPKFBGKZSU","cletusw72@gmail.com",""
"388.l.11178.t.5","5","Hotdog&ABagOfNuts","https://baseball.fantasysports.yahoo.com/b1/11178/5","3","79","2","point","0","2019","https://ct.yimg.com/cy/2879/23184694307_bec790_192sq.jpg?ct=fantasy","5","ty t","S6AD4DS3E3XL4ICWRUJWENAZLY","tylerturb@yahoo.com",""
"388.l.11178.t.6","6","OutoftheDarkness","https://baseball.fantasysports.yahoo.com/b1/11178/6","2","80","5","point","0","2019","https://ct.yimg.com/cy/1772/59377077542_bf3488_192sq.jpg?ct=fantasy","6","JONATHAN","TWGBL3LJ7CGLJVSBWNVLU33UEA","jonathanvd007@yahoo.com",""
"388.l.11178.t.7","7","PALMDEEZNUTS","https://baseball.fantasysports.yahoo.com/b1/11178/7","6","36","2","point","0","2019","https://s.yimg.com/cv/apiv2/default/mlb/mlb_6.png","7","Rob","IIWJOTA4Y3WURLATHYC5UFYKDY","robpalmer450@yahoo.com",""
"388.l.11178.t.8","8","Sluggo","https://baseball.fantasysports.yahoo.com/b1/11178/8","1","9","1","point","0","2019","https://ct.yimg.com/cy/3839/32716010134_b2efc6b285_192sq.jpg?ct=fantasy","8","Mo","C5RSTD6345XCIP7X7WASYDYAXY","moski00@yahoo.com",""
"388.l.11178.t.9","9","SonOfaPitch","https://baseball.fantasysports.yahoo.com/b1/11178/9","4","72","0","point","0","2019","https://s.yimg.com/cv/apiv2/default/mlb/mlb_6.png","9","Masood","AIX2XL7OCMFTKQ4PJ35PBXYIMY","thatdudemasood@yahoo.com",""
"388.l.11178.t.10","10","THE GREAT BAMBINO","https://baseball.fantasysports.yahoo.com/b1/11178/10","8","117","0","point","0","2019","https://ct.yimg.com/cy/1616/25050237150_1e0f386beb_192sq.jpg?ct=fantasy","10","Ryan","A7OFLU6LEDTWPVW6SCDN65SZ2I","ryanrrios1987@yahoo.com",""
"388.l.11178.t.11","11","Willie Mays Haze","https://baseball.fantasysports.yahoo.com/b1/11178/11","5","50","2","point","0","2019","https://ct.yimg.com/cy/1765/28639706709_6e3aed_192sq.jpg?ct=fantasy","11","Michael","F5U5OQIQP6BTTM2TFJLZJU2BWA","moneyline23@yahoo.com",""
"388.l.11178.t.12","12","YsoSeRiouS?","https://baseball.fantasysports.yahoo.com/b1/11178/12","7","83","1","point","0","2019","https://ct.yimg.com/cy/1605/24703065834_27e8b542d1_192sq.jpg?ct=fantasy","12","namco","OQB7PM3U5SYU233ITAWU3G7NZI","namroc22@yahoo.com",""
