{"fantasy_content": {"xml:lang": "en-US", "yahoo:uri": "/fantasy/v2/team/242.l.155338.t.9/roster;week=10", "team": [[{"team_key": "242.l.155338.t.9"}, {"team_id": "9"}, {"name": "Flemington Generals"}, [], {"url": "https://football.fantasysports.yahoo.com/archive/nfl/2010/155338/9"}, {"team_logos": [{"team_logo": {"size": "large", "url": "https://s.yimg.com/dh/ap/fantasy/img/profile_96.png"}}]}, [], {"waiver_priority": 1}, [], {"number_of_moves": "8"}, {"number_of_trades": "1"}, {"roster_adds": {"coverage_type": "week", "coverage_value": "17", "value": "0"}}, [], {"league_scoring_type": "head"}, [], {"draft_position": 5}, {"has_draft_grade": 0}, [], [], {"managers": [{"manager": {"manager_id": "2", "nickname": "GtL 87", "guid": "WGKDW7COYFYX4QPR36H3SYZQWY", "email": "gerard_longo12@yahoo.com", "image_url": "https://ct.yimg.com/cy/4739/38056809900_d64ca3_64sq.jpg"}}]}], {"roster": {"coverage_type": "week", "week": "10", "is_editable": 0, "0": {"players": {"0": {"player": [[{"player_key": "242.p.7282"}, {"player_id": "7282"}, {"name": {"full": "Kyle Orton", "first": "Kyle", "last": "Orton", "ascii_first": "Kyle", "ascii_last": "Orton"}}, {"editorial_player_key": "nfl.p.7282"}, {"editorial_team_key": "nfl.t.2"}, {"editorial_team_full_name": "Buffalo Bills"}, {"editorial_team_abbr": "Buf"}, {"bye_weeks": {"week": "6"}}, {"uniform_number": "18"}, {"display_position": "QB"}, {"headshot": {"url": "https://s.yimg.com/iu/api/res/1.2/TcM85WhJ.fAOHWf2QKLjIw--~C/YXBwaWQ9eXNwb3J0cztjaD0yMDA7Y3I9MTtjdz0xNTM7ZHg9NzQ7ZHk9MDtmaT11bGNyb3A7aD02MDtxPTEwMDt3PTQ2/https://s.yimg.com/dh/ap/default/140828/silhouette@2x.png", "size": "small"}, "image_url": "https://s.yimg.com/iu/api/res/1.2/TcM85WhJ.fAOHWf2QKLjIw--~C/YXBwaWQ9eXNwb3J0cztjaD0yMDA7Y3I9MTtjdz0xNTM7ZHg9NzQ7ZHk9MDtmaT11bGNyb3A7aD02MDtxPTEwMDt3PTQ2/https://s.yimg.com/dh/ap/default/140828/silhouette@2x.png"}, {"is_undroppable": "0"}, {"position_type": "O"}, {"primary_position": "QB"}, {"eligible_positions": [{"position": "QB"}]}, [], [], []], {"selected_position": [{"coverage_type": "week", "week": "10"}, {"position": "QB"}]}]}, "1": {"player": [[{"player_key": "242.p.6390"}, {"player_id": "6390"}, {"name": {"full": "Anquan Boldin", "first": "Anquan", "last": "Boldin", "ascii_first": "Anquan", "ascii_last": "Boldin"}}, {"editorial_player_key": "nfl.p.6390"}, {"editorial_team_key": "nfl.t.2"}, {"editorial_team_full_name": "Buffalo Bills"}, {"editorial_team_abbr": "Buf"}, {"bye_weeks": {"week": "6"}}, {"uniform_number": "81"}, {"display_position": "WR"}, {"headshot": {"url": "https://s.yimg.com/iu/api/res/1.2/qsjS1x7_wthW_QMHG6GyRw--~C/YXBwaWQ9eXNwb3J0cztjaD0yMzM2O2NyPTE7Y3c9MTc5MDtkeD04NTc7ZHk9MDtmaT11bGNyb3A7aD02MDtxPTEwMDt3PTQ2/https://s.yimg.com/xe/i/us/sp/v/nfl_cutout/players_l/20141101/6390.png", "size": "small"}, "image_url": "https://s.yimg.com/iu/api/res/1.2/qsjS1x7_wthW_QMHG6GyRw--~C/YXBwaWQ9eXNwb3J0cztjaD0yMzM2O2NyPTE7Y3c9MTc5MDtkeD04NTc7ZHk9MDtmaT11bGNyb3A7aD02MDtxPTEwMDt3PTQ2/https://s.yimg.com/xe/i/us/sp/v/nfl_cutout/players_l/20141101/6390.png"}, {"is_undroppable": "0"}, {"position_type": "O"}, {"primary_position": "WR"}, {"eligible_positions": [{"position": "WR"}, {"position": "W/T"}, {"position": "W/R/T"}]}, [], [], []], {"selected_position": [{"coverage_type": "week", "week": "10"}, {"position": "WR"}]}]}, "2": {"player": [[{"player_key": "242.p.6762"}, {"player_id": "6762"}, {"name": {"full": "Larry Fitzgerald", "first": "Larry", "last": "Fitzgerald", "ascii_first": "Larry", "ascii_last": "Fitzgerald"}}, {"injury_note": "hamstring"}, {"editorial_player_key": "nfl.p.6762"}, {"editorial_team_key": "nfl.t.22"}, {"editorial_team_full_name": "Arizona Cardinals"}, {"editorial_team_abbr": "Ari"}, {"bye_weeks": {"week": "6"}}, {"uniform_number": "11"}, {"display_position": "WR"}, {"headshot": {"url": "https://s.yimg.com/iu/api/res/1.2/9pJNu9bH2dj1JZze4X_kqQ--~C/YXBwaWQ9eXNwb3J0cztjaD0yMzM2O2NyPTE7Y3c9MTc5MDtkeD04NTc7ZHk9MDtmaT11bGNyb3A7aD02MDtxPTEwMDt3PTQ2/https://s.yimg.com/xe/i/us/sp/v/nfl_cutout/players_l/09202018/6762.png", "size": "small"}, "image_url": "https://s.yimg.com/iu/api/res/1.2/9pJNu9bH2dj1JZze4X_kqQ--~C/YXBwaWQ9eXNwb3J0cztjaD0yMzM2O2NyPTE7Y3c9MTc5MDtkeD04NTc7ZHk9MDtmaT11bGNyb3A7aD02MDtxPTEwMDt3PTQ2/https://s.yimg.com/xe/i/us/sp/v/nfl_cutout/players_l/09202018/6762.png"}, {"is_undroppable": "0"}, {"position_type": "O"}, {"primary_position": "WR"}, {"eligible_positions": [{"position": "WR"}, {"position": "W/T"}, {"position": "W/R/T"}]}, [], [], []], {"selected_position": [{"coverage_type": "week", "week": "10"}, {"position": "WR"}]}]}, "3": {"player": [[{"player_key": "242.p.5036"}, {"player_id": "5036"}, {"name": {"full": "Thomas Jones", "first": "Thomas", "last": "Jones", "ascii_first": "Thomas", "ascii_last": "Jones"}}, {"editorial_player_key": "nfl.p.5036"}, {"editorial_team_key": "nfl.t.12"}, {"editorial_team_full_name": "Kansas City Chiefs"}, {"editorial_team_abbr": "KC"}, {"bye_weeks": {"week": "4"}}, {"uniform_number": "20"}, {"display_position": "RB"}, {"headshot": {"url": "https://s.yimg.com/iu/api/res/1.2/TcM85WhJ.fAOHWf2QKLjIw--~C/YXBwaWQ9eXNwb3J0cztjaD0yMDA7Y3I9MTtjdz0xNTM7ZHg9NzQ7ZHk9MDtmaT11bGNyb3A7aD02MDtxPTEwMDt3PTQ2/https://s.yimg.com/dh/ap/default/140828/silhouette@2x.png", "size": "small"}, "image_url": "https://s.yimg.com/iu/api/res/1.2/TcM85WhJ.fAOHWf2QKLjIw--~C/YXBwaWQ9eXNwb3J0cztjaD0yMDA7Y3I9MTtjdz0xNTM7ZHg9NzQ7ZHk9MDtmaT11bGNyb3A7aD02MDtxPTEwMDt3PTQ2/https://s.yimg.com/dh/ap/default/140828/silhouette@2x.png"}, {"is_undroppable": "0"}, {"position_type": "O"}, {"primary_position": "RB"}, {"eligible_positions": [{"position": "RB"}, {"position": "W/R/T"}]}, [], [], []], {"selected_position": [{"coverage_type": "week", "week": "10"}, {"position": "RB"}]}]}, "4": {"player": [[{"player_key": "242.p.8926"}, {"player_id": "8926"}, {"name": {"full": "Tim Hightower", "first": "Tim", "last": "Hightower", "ascii_first": "Tim", "ascii_last": "Hightower"}}, {"editorial_player_key": "nfl.p.8926"}, {"editorial_team_key": "nfl.t.25"}, {"editorial_team_full_name": "San Francisco 49ers"}, {"editorial_team_abbr": "SF"}, {"bye_weeks": {"week": "9"}}, {"uniform_number": "22"}, {"display_position": "RB"}, {"headshot": {"url": "https://s.yimg.com/iu/api/res/1.2/J2Ak1URh5GaH_MSr4obmTQ--~C/YXBwaWQ9eXNwb3J0cztjaD0yMzM2O2NyPTE7Y3c9MTc5MDtkeD04NTc7ZHk9MDtmaT11bGNyb3A7aD02MDtxPTEwMDt3PTQ2/https://s.yimg.com/xe/i/us/sp/v/nfl_cutout/players_l/08242017/8926.png", "size": "small"}, "image_url": "https://s.yimg.com/iu/api/res/1.2/J2Ak1URh5GaH_MSr4obmTQ--~C/YXBwaWQ9eXNwb3J0cztjaD0yMzM2O2NyPTE7Y3c9MTc5MDtkeD04NTc7ZHk9MDtmaT11bGNyb3A7aD02MDtxPTEwMDt3PTQ2/https://s.yimg.com/xe/i/us/sp/v/nfl_cutout/players_l/08242017/8926.png"}, {"is_undroppable": "0"}, {"position_type": "O"}, {"primary_position": "RB"}, {"eligible_positions": [{"position": "RB"}, {"position": "W/R/T"}]}, [], [], []], {"selected_position": [{"coverage_type": "week", "week": "10"}, {"position": "RB"}]}]}, "5": {"player": [[{"player_key": "242.p.7755"}, {"player_id": "7755"}, {"name": {"full": "Vernon Davis", "first": "Vernon", "last": "Davis", "ascii_first": "Vernon", "ascii_last": "Davis"}}, {"injury_note": "concussion"}, {"editorial_player_key": "nfl.p.7755"}, {"editorial_team_key": "nfl.t.28"}, {"editorial_team_full_name": "Washington Redskins"}, {"editorial_team_abbr": "Was"}, {"bye_weeks": {"week": "9"}}, {"uniform_number": "85"}, {"display_position": "TE"}, {"headshot": {"url": "https://s.yimg.com/iu/api/res/1.2/piFMMxUfSFhpiZSQUOmQAw--~C/YXBwaWQ9eXNwb3J0cztjaD0yMzM2O2NyPTE7Y3c9MTc5MDtkeD04NTc7ZHk9MDtmaT11bGNyb3A7aD02MDtxPTEwMDt3PTQ2/https://s.yimg.com/xe/i/us/sp/v/nfl_cutout/players_l/09302018/7755.png", "size": "small"}, "image_url": "https://s.yimg.com/iu/api/res/1.2/piFMMxUfSFhpiZSQUOmQAw--~C/YXBwaWQ9eXNwb3J0cztjaD0yMzM2O2NyPTE7Y3c9MTc5MDtkeD04NTc7ZHk9MDtmaT11bGNyb3A7aD02MDtxPTEwMDt3PTQ2/https://s.yimg.com/xe/i/us/sp/v/nfl_cutout/players_l/09302018/7755.png"}, {"is_undroppable": "0"}, {"position_type": "O"}, {"primary_position": "W/T"}, {"eligible_positions": [{"position": "W/T"}, {"position": "W/R/T"}]}, [], [], []], {"selected_position": [{"coverage_type": "week", "week": "10"}, {"position": "W/T"}]}]}, "6": {"player": [[{"player_key": "242.p.6460"}, {"player_id": "6460"}, {"name": {"full": "Brandon Lloyd", "first": "Brandon", "last": "Lloyd", "ascii_first": "Brandon", "ascii_last": "Lloyd"}}, {"editorial_player_key": "nfl.p.6460"}, {"editorial_team_key": "nfl.t.25"}, {"editorial_team_full_name": "San Francisco 49ers"}, {"editorial_team_abbr": "SF"}, {"bye_weeks": {"week": "9"}}, {"uniform_number": "84"}, {"display_position": "WR"}, {"headshot": {"url": "https://s.yimg.com/iu/api/res/1.2/TcM85WhJ.fAOHWf2QKLjIw--~C/YXBwaWQ9eXNwb3J0cztjaD0yMDA7Y3I9MTtjdz0xNTM7ZHg9NzQ7ZHk9MDtmaT11bGNyb3A7aD02MDtxPTEwMDt3PTQ2/https://s.yimg.com/dh/ap/default/140828/silhouette@2x.png", "size": "small"}, "image_url": "https://s.yimg.com/iu/api/res/1.2/TcM85WhJ.fAOHWf2QKLjIw--~C/YXBwaWQ9eXNwb3J0cztjaD0yMDA7Y3I9MTtjdz0xNTM7ZHg9NzQ7ZHk9MDtmaT11bGNyb3A7aD02MDtxPTEwMDt3PTQ2/https://s.yimg.com/dh/ap/default/140828/silhouette@2x.png"}, {"is_undroppable": "0"}, {"position_type": "O"}, {"primary_position": "WR"}, {"eligible_positions": [{"position": "WR"}, {"position": "W/T"}, {"position": "W/R/T"}]}, [], [], []], {"selected_position": [{"coverage_type": "week", "week": "10"}, {"position": "W/R/T"}]}]}, "7": {"player": [[{"player_key": "242.p.8834"}, {"player_id": "8834"}, {"name": {"full": "Chad Henne", "first": "Chad", "last": "Henne", "ascii_first": "Chad", "ascii_last": "Henne"}}, {"editorial_player_key": "nfl.p.8834"}, {"editorial_team_key": "nfl.t.12"}, {"editorial_team_full_name": "Kansas City Chiefs"}, {"editorial_team_abbr": "KC"}, {"bye_weeks": {"week": "4"}}, {"uniform_number": "4"}, {"display_position": "QB"}, {"headshot": {"url": "https://s.yimg.com/iu/api/res/1.2/17amBKtfwJCtXns_z3kdWw--~C/YXBwaWQ9eXNwb3J0cztjaD0yMzM2O2NyPTE7Y3c9MTc5MDtkeD04NTc7ZHk9MDtmaT11bGNyb3A7aD02MDtxPTEwMDt3PTQ2/https://s.yimg.com/xe/i/us/sp/v/nfl_cutout/players_l/08282018/8834.png", "size": "small"}, "image_url": "https://s.yimg.com/iu/api/res/1.2/17amBKtfwJCtXns_z3kdWw--~C/YXBwaWQ9eXNwb3J0cztjaD0yMzM2O2NyPTE7Y3c9MTc5MDtkeD04NTc7ZHk9MDtmaT11bGNyb3A7aD02MDtxPTEwMDt3PTQ2/https://s.yimg.com/xe/i/us/sp/v/nfl_cutout/players_l/08282018/8834.png"}, {"is_undroppable": "0"}, {"position_type": "O"}, {"primary_position": "QB"}, {"eligible_positions": [{"position": "QB"}]}, [], [], []], {"selected_position": [{"coverage_type": "week", "week": "10"}, {"position": "BN"}]}]}, "8": {"player": [[{"player_key": "242.p.8416"}, {"player_id": "8416"}, {"name": {"full": "Brent Celek", "first": "Brent", "last": "Celek", "ascii_first": "Brent", "ascii_last": "Celek"}}, {"editorial_player_key": "nfl.p.8416"}, {"editorial_team_key": "nfl.t.21"}, {"editorial_team_full_name": "Philadelphia Eagles"}, {"editorial_team_abbr": "Phi"}, {"bye_weeks": {"week": "8"}}, {"uniform_number": "87"}, {"display_position": "TE"}, {"headshot": {"url": "https://s.yimg.com/iu/api/res/1.2/4nYHNKdCyAKpIYQdJRBDRQ--~C/YXBwaWQ9eXNwb3J0cztjaD0yMzM2O2NyPTE7Y3c9MTc5MDtkeD04NTc7ZHk9MDtmaT11bGNyb3A7aD02MDtxPTEwMDt3PTQ2/https://s.yimg.com/xe/i/us/sp/v/nfl_cutout/players_l/08242017/8416.png", "size": "small"}, "image_url": "https://s.yimg.com/iu/api/res/1.2/4nYHNKdCyAKpIYQdJRBDRQ--~C/YXBwaWQ9eXNwb3J0cztjaD0yMzM2O2NyPTE7Y3c9MTc5MDtkeD04NTc7ZHk9MDtmaT11bGNyb3A7aD02MDtxPTEwMDt3PTQ2/https://s.yimg.com/xe/i/us/sp/v/nfl_cutout/players_l/08242017/8416.png"}, {"is_undroppable": "0"}, {"position_type": "O"}, {"primary_position": "W/T"}, {"eligible_positions": [{"position": "W/T"}, {"position": "W/R/T"}]}, [], [], []], {"selected_position": [{"coverage_type": "week", "week": "10"}, {"position": "BN"}]}]}, "9": {"player": [[{"player_key": "242.p.24068"}, {"player_id": "24068"}, {"name": {"full": "Tony Moeaki", "first": "Tony", "last": "Moeaki", "ascii_first": "Tony", "ascii_last": "Moeaki"}}, {"editorial_player_key": "nfl.p.24068"}, {"editorial_team_key": "nfl.t.3"}, {"editorial_team_full_name": "Chicago Bears"}, {"editorial_team_abbr": "Chi"}, {"bye_weeks": {"week": "8"}}, {"uniform_number": "49"}, {"display_position": "TE"}, {"headshot": {"url": "https://s.yimg.com/iu/api/res/1.2/XzjpLkg8DLEjrpj.TLQuGg--~C/YXBwaWQ9eXNwb3J0cztjaD0yMzM2O2NyPTE7Y3c9MTc5MDtkeD04NTc7ZHk9MDtmaT11bGNyb3A7aD02MDtxPTEwMDt3PTQ2/https://s.yimg.com/xe/i/us/sp/v/nfl_cutout/players_l/20161007/24068.png", "size": "small"}, "image_url": "https://s.yimg.com/iu/api/res/1.2/XzjpLkg8DLEjrpj.TLQuGg--~C/YXBwaWQ9eXNwb3J0cztjaD0yMzM2O2NyPTE7Y3c9MTc5MDtkeD04NTc7ZHk9MDtmaT11bGNyb3A7aD02MDtxPTEwMDt3PTQ2/https://s.yimg.com/xe/i/us/sp/v/nfl_cutout/players_l/20161007/24068.png"}, {"is_undroppable": "0"}, {"position_type": "O"}, {"primary_position": "W/T"}, {"eligible_positions": [{"position": "W/T"}, {"position": "W/R/T"}]}, [], [], []], {"selected_position": [{"coverage_type": "week", "week": "10"}, {"position": "BN"}]}]}, "10": {"player": [[{"player_key": "242.p.24011"}, {"player_id": "24011"}, {"name": {"full": "Dexter McCluster", "first": "Dexter", "last": "McCluster", "ascii_first": "Dexter", "ascii_last": "McCluster"}}, {"editorial_player_key": "nfl.p.24011"}, {"editorial_team_key": "nfl.t.24"}, {"editorial_team_full_name": "Los Angeles Chargers"}, {"editorial_team_abbr": "LAC"}, {"bye_weeks": {"week": "10"}}, {"uniform_number": "33"}, {"display_position": "WR,RB"}, {"headshot": {"url": "https://s.yimg.com/iu/api/res/1.2/1OYk5osafuMBjtbwJImJKA--~C/YXBwaWQ9eXNwb3J0cztjaD0yMzM2O2NyPTE7Y3c9MTc5MDtkeD04NTc7ZHk9MDtmaT11bGNyb3A7aD02MDtxPTEwMDt3PTQ2/https://s.yimg.com/xe/i/us/sp/v/nfl_cutout/players_l/20160906/24011.png", "size": "small"}, "image_url": "https://s.yimg.com/iu/api/res/1.2/1OYk5osafuMBjtbwJImJKA--~C/YXBwaWQ9eXNwb3J0cztjaD0yMzM2O2NyPTE7Y3c9MTc5MDtkeD04NTc7ZHk9MDtmaT11bGNyb3A7aD02MDtxPTEwMDt3PTQ2/https://s.yimg.com/xe/i/us/sp/v/nfl_cutout/players_l/20160906/24011.png"}, {"is_undroppable": "0"}, {"position_type": "O"}, {"primary_position": "WR"}, {"eligible_positions": [{"position": "WR"}, {"position": "RB"}, {"position": "W/T"}, {"position": "W/R/T"}]}, [], [], []], {"selected_position": [{"coverage_type": "week", "week": "10"}, {"position": "BN"}]}]}, "11": {"player": [[{"player_key": "242.p.7434"}, {"player_id": "7434"}, {"name": {"full": "Rob Bironas", "first": "Rob", "last": "Bironas", "ascii_first": "Rob", "ascii_last": "Bironas"}}, {"editorial_player_key": "nfl.p.7434"}, {"editorial_team_key": "nfl.t.10"}, {"editorial_team_full_name": "Tennessee Titans"}, {"editorial_team_abbr": "Ten"}, {"bye_weeks": {"week": "9"}}, {"uniform_number": "2"}, {"display_position": "K"}, {"headshot": {"url": "https://s.yimg.com/iu/api/res/1.2/TcM85WhJ.fAOHWf2QKLjIw--~C/YXBwaWQ9eXNwb3J0cztjaD0yMDA7Y3I9MTtjdz0xNTM7ZHg9NzQ7ZHk9MDtmaT11bGNyb3A7aD02MDtxPTEwMDt3PTQ2/https://s.yimg.com/dh/ap/default/140828/silhouette@2x.png", "size": "small"}, "image_url": "https://s.yimg.com/iu/api/res/1.2/TcM85WhJ.fAOHWf2QKLjIw--~C/YXBwaWQ9eXNwb3J0cztjaD0yMDA7Y3I9MTtjdz0xNTM7ZHg9NzQ7ZHk9MDtmaT11bGNyb3A7aD02MDtxPTEwMDt3PTQ2/https://s.yimg.com/dh/ap/default/140828/silhouette@2x.png"}, {"is_undroppable": "0"}, {"position_type": "K"}, {"primary_position": "K"}, {"eligible_positions": [{"position": "K"}]}, [], [], []], {"selected_position": [{"coverage_type": "week", "week": "10"}, {"position": "K"}]}]}, "12": {"player": [[{"player_key": "242.p.5447"}, {"player_id": "5447"}, {"name": {"full": "Jay Feely", "first": "Jay", "last": "Feely", "ascii_first": "Jay", "ascii_last": "Feely"}}, {"editorial_player_key": "nfl.p.5447"}, {"editorial_team_key": "nfl.t.3"}, {"editorial_team_full_name": "Chicago Bears"}, {"editorial_team_abbr": "Chi"}, {"bye_weeks": {"week": "8"}}, {"uniform_number": "4"}, {"display_position": "K"}, {"headshot": {"url": "https://s.yimg.com/iu/api/res/1.2/TcM85WhJ.fAOHWf2QKLjIw--~C/YXBwaWQ9eXNwb3J0cztjaD0yMDA7Y3I9MTtjdz0xNTM7ZHg9NzQ7ZHk9MDtmaT11bGNyb3A7aD02MDtxPTEwMDt3PTQ2/https://s.yimg.com/dh/ap/default/140828/silhouette@2x.png", "size": "small"}, "image_url": "https://s.yimg.com/iu/api/res/1.2/TcM85WhJ.fAOHWf2QKLjIw--~C/YXBwaWQ9eXNwb3J0cztjaD0yMDA7Y3I9MTtjdz0xNTM7ZHg9NzQ7ZHk9MDtmaT11bGNyb3A7aD02MDtxPTEwMDt3PTQ2/https://s.yimg.com/dh/ap/default/140828/silhouette@2x.png"}, {"is_undroppable": "0"}, {"position_type": "K"}, {"primary_position": "K"}, {"eligible_positions": [{"position": "K"}]}, [], [], []], {"selected_position": [{"coverage_type": "week", "week": "10"}, {"position": "BN"}]}]}, "13": {"player": [[{"player_key": "242.p.100015"}, {"player_id": "100015"}, {"name": {"full": "Miami", "first": "Miami", "last": "", "ascii_first": "Miami", "ascii_last": ""}}, {"editorial_player_key": "nfl.p.100015"}, {"editorial_team_key": "nfl.t.15"}, {"editorial_team_full_name": "Miami Dolphins"}, {"editorial_team_abbr": "Mia"}, {"bye_weeks": {"week": "5"}}, {"uniform_number": false}, {"display_position": "DEF"}, {"headshot": {"url": "https://s.yimg.com/xe/ipt/50x50w.5.gif", "size": "small"}, "image_url": "https://s.yimg.com/xe/ipt/50x50w.5.gif"}, {"is_undroppable": "0"}, {"position_type": "DT"}, {"primary_position": "DEF"}, {"eligible_positions": [{"position": "DEF"}]}, [], [], []], {"selected_position": [{"coverage_type": "week", "week": "10"}, {"position": "DEF"}]}]}, "14": {"player": [[{"player_key": "242.p.100024"}, {"player_id": "100024"}, {"name": {"full": "Los Angeles", "first": "Los Angeles", "last": "", "ascii_first": "Los Angeles", "ascii_last": ""}}, {"editorial_player_key": "nfl.p.100024"}, {"editorial_team_key": "nfl.t.24"}, {"editorial_team_full_name": "Los Angeles Chargers"}, {"editorial_team_abbr": "LAC"}, {"bye_weeks": {"week": "10"}}, {"uniform_number": false}, {"display_position": "DEF"}, {"headshot": {"url": "https://s.yimg.com/lq/i/us/sp/v/nfl/teams/1/50x50w/sdg3.jpg", "size": "small"}, "image_url": "https://s.yimg.com/lq/i/us/sp/v/nfl/teams/1/50x50w/sdg3.jpg"}, {"is_undroppable": "0"}, {"position_type": "DT"}, {"primary_position": "DEF"}, {"eligible_positions": [{"position": "DEF"}]}, [], [], []], {"selected_position": [{"coverage_type": "week", "week": "10"}, {"position": "BN"}]}]}, "15": {"player": [[{"player_key": "242.p.6549"}, {"player_id": "6549"}, {"name": {"full": "Yeremiah Bell", "first": "Yeremiah", "last": "Bell", "ascii_first": "Yeremiah", "ascii_last": "Bell"}}, {"editorial_player_key": "nfl.p.6549"}, {"editorial_team_key": "nfl.t.22"}, {"editorial_team_full_name": "Arizona Cardinals"}, {"editorial_team_abbr": "Ari"}, {"bye_weeks": {"week": "6"}}, {"uniform_number": "37"}, {"display_position": "S"}, {"headshot": {"url": "https://s.yimg.com/iu/api/res/1.2/TcM85WhJ.fAOHWf2QKLjIw--~C/YXBwaWQ9eXNwb3J0cztjaD0yMDA7Y3I9MTtjdz0xNTM7ZHg9NzQ7ZHk9MDtmaT11bGNyb3A7aD02MDtxPTEwMDt3PTQ2/https://s.yimg.com/dh/ap/default/140828/silhouette@2x.png", "size": "small"}, "image_url": "https://s.yimg.com/iu/api/res/1.2/TcM85WhJ.fAOHWf2QKLjIw--~C/YXBwaWQ9eXNwb3J0cztjaD0yMDA7Y3I9MTtjdz0xNTM7ZHg9NzQ7ZHk9MDtmaT11bGNyb3A7aD02MDtxPTEwMDt3PTQ2/https://s.yimg.com/dh/ap/default/140828/silhouette@2x.png"}, {"is_undroppable": "0"}, {"position_type": "DP"}, {"primary_position": "D"}, {"eligible_positions": [{"position": "D"}]}, [], [], []], {"selected_position": [{"coverage_type": "week", "week": "10"}, {"position": "D"}]}]}, "count": 16}}}}], "time": "174.78799819946ms", "copyright": "Data provided by Yahoo! and STATS, LLC", "refresh_rate": "60"}}