{"fantasy_content": {"xml:lang": "en-US", "yahoo:uri": "/fantasy/v2/team/242.l.155338.t.5/roster;week=10", "team": [[{"team_key": "242.l.155338.t.5"}, {"team_id": "5"}, {"name": "Regulators"}, [], {"url": "https://football.fantasysports.yahoo.com/archive/nfl/2010/155338/5"}, {"team_logos": [{"team_logo": {"size": "large", "url": "https://s.yimg.com/cv/apiv2/default/nfl/nfl_5.png"}}]}, [], {"waiver_priority": 11}, [], {"number_of_moves": "15"}, {"number_of_trades": 0}, {"roster_adds": {"coverage_type": "week", "coverage_value": "17", "value": "0"}}, {"clinched_playoffs": 1}, {"league_scoring_type": "head"}, [], {"draft_position": 10}, {"has_draft_grade": 0}, [], [], {"managers": [{"manager": {"manager_id": "3", "nickname": "killa", "guid": "X2S2ZXV5KMQU2BWJYEXDZY2DIU", "email": "fsimpson413@yahoo.com", "image_url": "https://ct.yimg.com/cy/1768/39361574426_98028a_64sq.jpg"}}]}], {"roster": {"coverage_type": "week", "week": "10", "is_editable": 0, "0": {"players": {"0": {"player": [[{"player_key": "242.p.7426"}, {"player_id": "7426"}, {"name": {"full": "Ryan Fitzpatrick", "first": "Ryan", "last": "Fitzpatrick", "ascii_first": "Ryan", "ascii_last": "Fitzpatrick"}}, {"editorial_player_key": "nfl.p.7426"}, {"editorial_team_key": "nfl.t.15"}, {"editorial_team_full_name": "Miami Dolphins"}, {"editorial_team_abbr": "Mia"}, {"bye_weeks": {"week": "5"}}, {"uniform_number": "14"}, {"display_position": "QB"}, {"headshot": {"url": "https://s.yimg.com/iu/api/res/1.2/1t4UKn7k1Y7LazlTmKi0bg--~C/YXBwaWQ9eXNwb3J0cztjaD0yMzM2O2NyPTE7Y3c9MTc5MDtkeD04NTc7ZHk9MDtmaT11bGNyb3A7aD02MDtxPTEwMDt3PTQ2/https://s.yimg.com/xe/i/us/sp/v/nfl_cutout/players_l/09272018/7426.png", "size": "small"}, "image_url": "https://s.yimg.com/iu/api/res/1.2/1t4UKn7k1Y7LazlTmKi0bg--~C/YXBwaWQ9eXNwb3J0cztjaD0yMzM2O2NyPTE7Y3c9MTc5MDtkeD04NTc7ZHk9MDtmaT11bGNyb3A7aD02MDtxPTEwMDt3PTQ2/https://s.yimg.com/xe/i/us/sp/v/nfl_cutout/players_l/09272018/7426.png"}, {"is_undroppable": "0"}, {"position_type": "O"}, {"primary_position": "QB"}, {"eligible_positions": [{"position": "QB"}]}, [], [], []], {"selected_position": [{"coverage_type": "week", "week": "10"}, {"position": "QB"}]}]}, "1": {"player": [[{"player_key": "242.p.3664"}, {"player_id": "3664"}, {"name": {"full": "Terrell Owens", "first": "Terrell", "last": "Owens", "ascii_first": "Terrell", "ascii_last": "Owens"}}, {"editorial_player_key": "nfl.p.3664"}, {"editorial_team_key": "nfl.t.26"}, {"editorial_team_full_name": "Seattle Seahawks"}, {"editorial_team_abbr": "Sea"}, {"bye_weeks": {"week": "5"}}, {"uniform_number": "10"}, {"display_position": "WR"}, {"headshot": {"url": "https://s.yimg.com/iu/api/res/1.2/TcM85WhJ.fAOHWf2QKLjIw--~C/YXBwaWQ9eXNwb3J0cztjaD0yMDA7Y3I9MTtjdz0xNTM7ZHg9NzQ7ZHk9MDtmaT11bGNyb3A7aD02MDtxPTEwMDt3PTQ2/https://s.yimg.com/dh/ap/default/140828/silhouette@2x.png", "size": "small"}, "image_url": "https://s.yimg.com/iu/api/res/1.2/TcM85WhJ.fAOHWf2QKLjIw--~C/YXBwaWQ9eXNwb3J0cztjaD0yMDA7Y3I9MTtjdz0xNTM7ZHg9NzQ7ZHk9MDtmaT11bGNyb3A7aD02MDtxPTEwMDt3PTQ2/https://s.yimg.com/dh/ap/default/140828/silhouette@2x.png"}, {"is_undroppable": "0"}, {"position_type": "O"}, {"primary_position": "WR"}, {"eligible_positions": [{"position": "WR"}, {"position": "W/T"}, {"position": "W/R/T"}]}, [], [], []], {"selected_position": [{"coverage_type": "week", "week": "10"}, {"position": "WR"}]}]}, "2": {"player": [[{"player_key": "242.p.9001"}, {"player_id": "9001"}, {"name": {"full": "Stevie Johnson", "first": "Stevie", "last": "Johnson", "ascii_first": "Stevie", "ascii_last": "Johnson"}}, {"editorial_player_key": "nfl.p.9001"}, {"editorial_team_key": "nfl.t.24"}, {"editorial_team_full_name": "Los Angeles Chargers"}, {"editorial_team_abbr": "LAC"}, {"bye_weeks": {"week": "10"}}, {"uniform_number": "11"}, {"display_position": "WR"}, {"headshot": {"url": "https://s.yimg.com/iu/api/res/1.2/yrdtLtJKiNU4LP0yCIokFA--~C/YXBwaWQ9eXNwb3J0cztjaD0yMzM2O2NyPTE7Y3c9MTc5MDtkeD04NTc7ZHk9MDtmaT11bGNyb3A7aD02MDtxPTEwMDt3PTQ2/https://s.yimg.com/xe/i/us/sp/v/nfl_cutout/players_l/20160906/9001.png", "size": "small"}, "image_url": "https://s.yimg.com/iu/api/res/1.2/yrdtLtJKiNU4LP0yCIokFA--~C/YXBwaWQ9eXNwb3J0cztjaD0yMzM2O2NyPTE7Y3c9MTc5MDtkeD04NTc7ZHk9MDtmaT11bGNyb3A7aD02MDtxPTEwMDt3PTQ2/https://s.yimg.com/xe/i/us/sp/v/nfl_cutout/players_l/20160906/9001.png"}, {"is_undroppable": "0"}, {"position_type": "O"}, {"primary_position": "WR"}, {"eligible_positions": [{"position": "WR"}, {"position": "W/T"}, {"position": "W/R/T"}]}, [], [], []], {"selected_position": [{"coverage_type": "week", "week": "10"}, {"position": "WR"}]}]}, "3": {"player": [[{"player_key": "242.p.8800"}, {"player_id": "8800"}, {"name": {"full": "Rashard Mendenhall", "first": "Rashard", "last": "Mendenhall", "ascii_first": "Rashard", "ascii_last": "Mendenhall"}}, {"editorial_player_key": "nfl.p.8800"}, {"editorial_team_key": "nfl.t.22"}, {"editorial_team_full_name": "Arizona Cardinals"}, {"editorial_team_abbr": "Ari"}, {"bye_weeks": {"week": "6"}}, {"uniform_number": "28"}, {"display_position": "RB"}, {"headshot": {"url": "https://s.yimg.com/iu/api/res/1.2/TcM85WhJ.fAOHWf2QKLjIw--~C/YXBwaWQ9eXNwb3J0cztjaD0yMDA7Y3I9MTtjdz0xNTM7ZHg9NzQ7ZHk9MDtmaT11bGNyb3A7aD02MDtxPTEwMDt3PTQ2/https://s.yimg.com/dh/ap/default/140828/silhouette@2x.png", "size": "small"}, "image_url": "https://s.yimg.com/iu/api/res/1.2/TcM85WhJ.fAOHWf2QKLjIw--~C/YXBwaWQ9eXNwb3J0cztjaD0yMDA7Y3I9MTtjdz0xNTM7ZHg9NzQ7ZHk9MDtmaT11bGNyb3A7aD02MDtxPTEwMDt3PTQ2/https://s.yimg.com/dh/ap/default/140828/silhouette@2x.png"}, {"is_undroppable": "0"}, {"position_type": "O"}, {"primary_position": "RB"}, {"eligible_positions": [{"position": "RB"}, {"position": "W/R/T"}]}, [], [], []], {"selected_position": [{"coverage_type": "week", "week": "10"}, {"position": "RB"}]}]}, "4": {"player": [[{"player_key": "242.p.9317"}, {"player_id": "9317"}, {"name": {"full": "LeSean McCoy", "first": "LeSean", "last": "McCoy", "ascii_first": "LeSean", "ascii_last": "McCoy"}}, {"editorial_player_key": "nfl.p.9317"}, {"editorial_team_key": "nfl.t.2"}, {"editorial_team_full_name": "Buffalo Bills"}, {"editorial_team_abbr": "Buf"}, {"bye_weeks": {"week": "6"}}, {"uniform_number": "25"}, {"display_position": "RB"}, {"headshot": {"url": "https://s.yimg.com/iu/api/res/1.2/KHKNeACUhoNCYSxvYc35hQ--~C/YXBwaWQ9eXNwb3J0cztjaD0yMzM2O2NyPTE7Y3c9MTc5MDtkeD04NTc7ZHk9MDtmaT11bGNyb3A7aD02MDtxPTEwMDt3PTQ2/https://s.yimg.com/xe/i/us/sp/v/nfl_cutout/players_l/08232018/9317.png", "size": "small"}, "image_url": "https://s.yimg.com/iu/api/res/1.2/KHKNeACUhoNCYSxvYc35hQ--~C/YXBwaWQ9eXNwb3J0cztjaD0yMzM2O2NyPTE7Y3c9MTc5MDtkeD04NTc7ZHk9MDtmaT11bGNyb3A7aD02MDtxPTEwMDt3PTQ2/https://s.yimg.com/xe/i/us/sp/v/nfl_cutout/players_l/08232018/9317.png"}, {"is_undroppable": "0"}, {"position_type": "O"}, {"primary_position": "RB"}, {"eligible_positions": [{"position": "RB"}, {"position": "W/R/T"}]}, {"has_player_notes": 1}, [], {"player_notes_last_timestamp": 1562532600}], {"selected_position": [{"coverage_type": "week", "week": "10"}, {"position": "RB"}]}]}, "5": {"player": [[{"player_key": "242.p.6339"}, {"player_id": "6339"}, {"name": {"full": "Andre Johnson", "first": "Andre", "last": "Johnson", "ascii_first": "Andre", "ascii_last": "Johnson"}}, {"editorial_player_key": "nfl.p.6339"}, {"editorial_team_key": "nfl.t.34"}, {"editorial_team_full_name": "Houston Texans"}, {"editorial_team_abbr": "Hou"}, {"bye_weeks": {"week": "7"}}, {"uniform_number": "81"}, {"display_position": "WR"}, {"headshot": {"url": "https://s.yimg.com/iu/api/res/1.2/hBa5nQG0bjQlzXOAad4Ffw--~C/YXBwaWQ9eXNwb3J0cztjaD0yMzM2O2NyPTE7Y3c9MTc5MDtkeD04NTc7ZHk9MDtmaT11bGNyb3A7aD02MDtxPTEwMDt3PTQ2/https://s.yimg.com/xe/i/us/sp/v/nfl_cutout/players_l/20141101/6339.png", "size": "small"}, "image_url": "https://s.yimg.com/iu/api/res/1.2/hBa5nQG0bjQlzXOAad4Ffw--~C/YXBwaWQ9eXNwb3J0cztjaD0yMzM2O2NyPTE7Y3c9MTc5MDtkeD04NTc7ZHk9MDtmaT11bGNyb3A7aD02MDtxPTEwMDt3PTQ2/https://s.yimg.com/xe/i/us/sp/v/nfl_cutout/players_l/20141101/6339.png"}, {"is_undroppable": "0"}, {"position_type": "O"}, {"primary_position": "WR"}, {"eligible_positions": [{"position": "WR"}, {"position": "W/T"}, {"position": "W/R/T"}]}, [], [], []], {"selected_position": [{"coverage_type": "week", "week": "10"}, {"position": "W/T"}]}]}, "6": {"player": [[{"player_key": "242.p.7179"}, {"player_id": "7179"}, {"name": {"full": "Braylon Edwards", "first": "Braylon", "last": "Edwards", "ascii_first": "Braylon", "ascii_last": "Edwards"}}, {"editorial_player_key": "nfl.p.7179"}, {"editorial_team_key": "nfl.t.20"}, {"editorial_team_full_name": "New York Jets"}, {"editorial_team_abbr": "NYJ"}, {"bye_weeks": {"week": "7"}}, {"uniform_number": "17"}, {"display_position": "WR"}, {"headshot": {"url": "https://s.yimg.com/iu/api/res/1.2/TcM85WhJ.fAOHWf2QKLjIw--~C/YXBwaWQ9eXNwb3J0cztjaD0yMDA7Y3I9MTtjdz0xNTM7ZHg9NzQ7ZHk9MDtmaT11bGNyb3A7aD02MDtxPTEwMDt3PTQ2/https://s.yimg.com/dh/ap/default/140828/silhouette@2x.png", "size": "small"}, "image_url": "https://s.yimg.com/iu/api/res/1.2/TcM85WhJ.fAOHWf2QKLjIw--~C/YXBwaWQ9eXNwb3J0cztjaD0yMDA7Y3I9MTtjdz0xNTM7ZHg9NzQ7ZHk9MDtmaT11bGNyb3A7aD02MDtxPTEwMDt3PTQ2/https://s.yimg.com/dh/ap/default/140828/silhouette@2x.png"}, {"is_undroppable": "0"}, {"position_type": "O"}, {"primary_position": "WR"}, {"eligible_positions": [{"position": "WR"}, {"position": "W/T"}, {"position": "W/R/T"}]}, [], [], []], {"selected_position": [{"coverage_type": "week", "week": "10"}, {"position": "W/R/T"}]}]}, "7": {"player": [[{"player_key": "242.p.8063"}, {"player_id": "8063"}, {"name": {"full": "Fred Jackson", "first": "Fred", "last": "Jackson", "ascii_first": "Fred", "ascii_last": "Jackson"}}, {"editorial_player_key": "nfl.p.8063"}, {"editorial_team_key": "nfl.t.2"}, {"editorial_team_full_name": "Buffalo Bills"}, {"editorial_team_abbr": "Buf"}, {"bye_weeks": {"week": "6"}}, {"uniform_number": "22"}, {"display_position": "RB"}, {"headshot": {"url": "https://s.yimg.com/iu/api/res/1.2/sUT.0U49PNCldDBHKipkOA--~C/YXBwaWQ9eXNwb3J0cztjaD0yMzM2O2NyPTE7Y3c9MTc5MDtkeD04NTc7ZHk9MDtmaT11bGNyb3A7aD02MDtxPTEwMDt3PTQ2/https://s.yimg.com/xe/i/us/sp/v/nfl_cutout/players_l/20141101/8063.png", "size": "small"}, "image_url": "https://s.yimg.com/iu/api/res/1.2/sUT.0U49PNCldDBHKipkOA--~C/YXBwaWQ9eXNwb3J0cztjaD0yMzM2O2NyPTE7Y3c9MTc5MDtkeD04NTc7ZHk9MDtmaT11bGNyb3A7aD02MDtxPTEwMDt3PTQ2/https://s.yimg.com/xe/i/us/sp/v/nfl_cutout/players_l/20141101/8063.png"}, {"is_undroppable": "0"}, {"position_type": "O"}, {"primary_position": "RB"}, {"eligible_positions": [{"position": "RB"}, {"position": "W/R/T"}]}, [], [], []], {"selected_position": [{"coverage_type": "week", "week": "10"}, {"position": "BN"}]}]}, "8": {"player": [[{"player_key": "242.p.7027"}, {"player_id": "7027"}, {"name": {"full": "Wes Welker", "first": "Wes", "last": "Welker", "ascii_first": "Wes", "ascii_last": "Welker"}}, {"editorial_player_key": "nfl.p.7027"}, {"editorial_team_key": "nfl.t.14"}, {"editorial_team_full_name": "Los Angeles Rams"}, {"editorial_team_abbr": "LAR"}, {"bye_weeks": {"week": "9"}}, {"uniform_number": "19"}, {"display_position": "WR"}, {"headshot": {"url": "https://s.yimg.com/iu/api/res/1.2/TcM85WhJ.fAOHWf2QKLjIw--~C/YXBwaWQ9eXNwb3J0cztjaD0yMDA7Y3I9MTtjdz0xNTM7ZHg9NzQ7ZHk9MDtmaT11bGNyb3A7aD02MDtxPTEwMDt3PTQ2/https://s.yimg.com/dh/ap/default/140828/silhouette@2x.png", "size": "small"}, "image_url": "https://s.yimg.com/iu/api/res/1.2/TcM85WhJ.fAOHWf2QKLjIw--~C/YXBwaWQ9eXNwb3J0cztjaD0yMDA7Y3I9MTtjdz0xNTM7ZHg9NzQ7ZHk9MDtmaT11bGNyb3A7aD02MDtxPTEwMDt3PTQ2/https://s.yimg.com/dh/ap/default/140828/silhouette@2x.png"}, {"is_undroppable": "0"}, {"position_type": "O"}, {"primary_position": "WR"}, {"eligible_positions": [{"position": "WR"}, {"position": "W/T"}, {"position": "W/R/T"}]}, [], [], []], {"selected_position": [{"coverage_type": "week", "week": "10"}, {"position": "BN"}]}]}, "9": {"player": [[{"player_key": "242.p.8799"}, {"player_id": "8799"}, {"name": {"full": "Felix Jones", "first": "Felix", "last": "Jones", "ascii_first": "Felix", "ascii_last": "Jones"}}, {"editorial_player_key": "nfl.p.8799"}, {"editorial_team_key": "nfl.t.23"}, {"editorial_team_full_name": "Pittsburgh Steelers"}, {"editorial_team_abbr": "Pit"}, {"bye_weeks": {"week": "5"}}, {"uniform_number": "23"}, {"display_position": "RB"}, {"headshot": {"url": "https://s.yimg.com/iu/api/res/1.2/TcM85WhJ.fAOHWf2QKLjIw--~C/YXBwaWQ9eXNwb3J0cztjaD0yMDA7Y3I9MTtjdz0xNTM7ZHg9NzQ7ZHk9MDtmaT11bGNyb3A7aD02MDtxPTEwMDt3PTQ2/https://s.yimg.com/dh/ap/default/140828/silhouette@2x.png", "size": "small"}, "image_url": "https://s.yimg.com/iu/api/res/1.2/TcM85WhJ.fAOHWf2QKLjIw--~C/YXBwaWQ9eXNwb3J0cztjaD0yMDA7Y3I9MTtjdz0xNTM7ZHg9NzQ7ZHk9MDtmaT11bGNyb3A7aD02MDtxPTEwMDt3PTQ2/https://s.yimg.com/dh/ap/default/140828/silhouette@2x.png"}, {"is_undroppable": "0"}, {"position_type": "O"}, {"primary_position": "RB"}, {"eligible_positions": [{"position": "RB"}, {"position": "W/R/T"}]}, [], [], []], {"selected_position": [{"coverage_type": "week", "week": "10"}, {"position": "BN"}]}]}, "10": {"player": [[{"player_key": "242.p.6624"}, {"player_id": "6624"}, {"name": {"full": "Tony Romo", "first": "Tony", "last": "Romo", "ascii_first": "Tony", "ascii_last": "Romo"}}, {"editorial_player_key": "nfl.p.6624"}, {"editorial_team_key": "nfl.t.6"}, {"editorial_team_full_name": "Dallas Cowboys"}, {"editorial_team_abbr": "Dal"}, {"bye_weeks": {"week": "4"}}, {"uniform_number": "9"}, {"display_position": "QB"}, {"headshot": {"url": "https://s.yimg.com/iu/api/res/1.2/if90BWDQKkCJWlQdgu5y4w--~C/YXBwaWQ9eXNwb3J0cztjaD0yMzM2O2NyPTE7Y3c9MTc5MDtkeD04NTc7ZHk9MDtmaT11bGNyb3A7aD02MDtxPTEwMDt3PTQ2/https://s.yimg.com/xe/i/us/sp/v/nfl_cutout/players_l/20160906/6624.png", "size": "small"}, "image_url": "https://s.yimg.com/iu/api/res/1.2/if90BWDQKkCJWlQdgu5y4w--~C/YXBwaWQ9eXNwb3J0cztjaD0yMzM2O2NyPTE7Y3c9MTc5MDtkeD04NTc7ZHk9MDtmaT11bGNyb3A7aD02MDtxPTEwMDt3PTQ2/https://s.yimg.com/xe/i/us/sp/v/nfl_cutout/players_l/20160906/6624.png"}, {"is_undroppable": "0"}, {"position_type": "O"}, {"primary_position": "QB"}, {"eligible_positions": [{"position": "QB"}]}, [], [], []], {"selected_position": [{"coverage_type": "week", "week": "10"}, {"position": "BN"}]}]}, "11": {"player": [[{"player_key": "242.p.7777"}, {"player_id": "7777"}, {"name": {"full": "Marcedes Lewis", "first": "Marcedes", "last": "Lewis", "ascii_first": "Marcedes", "ascii_last": "Lewis"}}, {"editorial_player_key": "nfl.p.7777"}, {"editorial_team_key": "nfl.t.9"}, {"editorial_team_full_name": "Green Bay Packers"}, {"editorial_team_abbr": "GB"}, {"bye_weeks": {"week": "10"}}, {"uniform_number": "89"}, {"display_position": "TE"}, {"headshot": {"url": "https://s.yimg.com/iu/api/res/1.2/47CMIp1HiNAodbOulfKgZg--~C/YXBwaWQ9eXNwb3J0cztjaD0yMzM2O2NyPTE7Y3c9MTc5MDtkeD04NTc7ZHk9MDtmaT11bGNyb3A7aD02MDtxPTEwMDt3PTQ2/https://s.yimg.com/xe/i/us/sp/v/nfl_cutout/players_l/08212018/7777.png", "size": "small"}, "image_url": "https://s.yimg.com/iu/api/res/1.2/47CMIp1HiNAodbOulfKgZg--~C/YXBwaWQ9eXNwb3J0cztjaD0yMzM2O2NyPTE7Y3c9MTc5MDtkeD04NTc7ZHk9MDtmaT11bGNyb3A7aD02MDtxPTEwMDt3PTQ2/https://s.yimg.com/xe/i/us/sp/v/nfl_cutout/players_l/08212018/7777.png"}, {"is_undroppable": "0"}, {"position_type": "O"}, {"primary_position": "W/T"}, {"eligible_positions": [{"position": "W/T"}, {"position": "W/R/T"}]}, [], [], []], {"selected_position": [{"coverage_type": "week", "week": "10"}, {"position": "BN"}]}]}, "12": {"player": [[{"player_key": "242.p.7223"}, {"player_id": "7223"}, {"name": {"full": "Mike Nugent", "first": "Mike", "last": "Nugent", "ascii_first": "Mike", "ascii_last": "Nugent"}}, {"editorial_player_key": "nfl.p.7223"}, {"editorial_team_key": "nfl.t.13"}, {"editorial_team_full_name": "Oakland Raiders"}, {"editorial_team_abbr": "Oak"}, {"bye_weeks": {"week": "10"}}, {"uniform_number": "6"}, {"display_position": "K"}, {"headshot": {"url": "https://s.yimg.com/iu/api/res/1.2/38W3XLMb.n09pkfFBPb3SQ--~C/YXBwaWQ9eXNwb3J0cztjaD0yMzM2O2NyPTE7Y3c9MTc5MDtkeD04NTc7ZHk9MDtmaT11bGNyb3A7aD02MDtxPTEwMDt3PTQ2/https://s.yimg.com/xe/i/us/sp/v/nfl_cutout/players_l/20160906/7223.1.png", "size": "small"}, "image_url": "https://s.yimg.com/iu/api/res/1.2/38W3XLMb.n09pkfFBPb3SQ--~C/YXBwaWQ9eXNwb3J0cztjaD0yMzM2O2NyPTE7Y3c9MTc5MDtkeD04NTc7ZHk9MDtmaT11bGNyb3A7aD02MDtxPTEwMDt3PTQ2/https://s.yimg.com/xe/i/us/sp/v/nfl_cutout/players_l/20160906/7223.1.png"}, {"is_undroppable": "0"}, {"position_type": "K"}, {"primary_position": "K"}, {"eligible_positions": [{"position": "K"}]}, [], [], []], {"selected_position": [{"coverage_type": "week", "week": "10"}, {"position": "K"}]}]}, "13": {"player": [[{"player_key": "242.p.100023"}, {"player_id": "100023"}, {"name": {"full": "Pittsburgh", "first": "Pittsburgh", "last": "", "ascii_first": "Pittsburgh", "ascii_last": ""}}, {"editorial_player_key": "nfl.p.100023"}, {"editorial_team_key": "nfl.t.23"}, {"editorial_team_full_name": "Pittsburgh Steelers"}, {"editorial_team_abbr": "Pit"}, {"bye_weeks": {"week": "5"}}, {"uniform_number": false}, {"display_position": "DEF"}, {"headshot": {"url": "https://s.yimg.com/lq/i/us/sp/v/nfl/teams/1/50x50w/pit.gif", "size": "small"}, "image_url": "https://s.yimg.com/lq/i/us/sp/v/nfl/teams/1/50x50w/pit.gif"}, {"is_undroppable": "0"}, {"position_type": "DT"}, {"primary_position": "DEF"}, {"eligible_positions": [{"position": "DEF"}]}, [], [], []], {"selected_position": [{"coverage_type": "week", "week": "10"}, {"position": "DEF"}]}]}, "14": {"player": [[{"player_key": "242.p.3542"}, {"player_id": "3542"}, {"name": {"full": "Ray Lewis", "first": "Ray", "last": "Lewis", "ascii_first": "Ray", "ascii_last": "Lewis"}}, {"editorial_player_key": "nfl.p.3542"}, {"editorial_team_key": "nfl.t.33"}, {"editorial_team_full_name": "Baltimore Ravens"}, {"editorial_team_abbr": "Bal"}, {"bye_weeks": {"week": "8"}}, {"uniform_number": "52"}, {"display_position": "LB"}, {"headshot": {"url": "https://s.yimg.com/iu/api/res/1.2/TcM85WhJ.fAOHWf2QKLjIw--~C/YXBwaWQ9eXNwb3J0cztjaD0yMDA7Y3I9MTtjdz0xNTM7ZHg9NzQ7ZHk9MDtmaT11bGNyb3A7aD02MDtxPTEwMDt3PTQ2/https://s.yimg.com/dh/ap/default/140828/silhouette@2x.png", "size": "small"}, "image_url": "https://s.yimg.com/iu/api/res/1.2/TcM85WhJ.fAOHWf2QKLjIw--~C/YXBwaWQ9eXNwb3J0cztjaD0yMDA7Y3I9MTtjdz0xNTM7ZHg9NzQ7ZHk9MDtmaT11bGNyb3A7aD02MDtxPTEwMDt3PTQ2/https://s.yimg.com/dh/ap/default/140828/silhouette@2x.png"}, {"is_undroppable": "0"}, {"position_type": "DP"}, {"primary_position": "D"}, {"eligible_positions": [{"position": "D"}]}, [], [], []], {"selected_position": [{"coverage_type": "week", "week": "10"}, {"position": "D"}]}]}, "15": {"player": [[{"player_key": "242.p.8265"}, {"player_id": "8265"}, {"name": {"full": "Patrick Willis", "first": "Patrick", "last": "Willis", "ascii_first": "Patrick", "ascii_last": "Willis"}}, {"editorial_player_key": "nfl.p.8265"}, {"editorial_team_key": "nfl.t.25"}, {"editorial_team_full_name": "San Francisco 49ers"}, {"editorial_team_abbr": "SF"}, {"bye_weeks": {"week": "9"}}, {"uniform_number": "52"}, {"display_position": "LB"}, {"headshot": {"url": "https://s.yimg.com/iu/api/res/1.2/TcM85WhJ.fAOHWf2QKLjIw--~C/YXBwaWQ9eXNwb3J0cztjaD0yMDA7Y3I9MTtjdz0xNTM7ZHg9NzQ7ZHk9MDtmaT11bGNyb3A7aD02MDtxPTEwMDt3PTQ2/https://s.yimg.com/dh/ap/default/140828/silhouette@2x.png", "size": "small"}, "image_url": "https://s.yimg.com/iu/api/res/1.2/TcM85WhJ.fAOHWf2QKLjIw--~C/YXBwaWQ9eXNwb3J0cztjaD0yMDA7Y3I9MTtjdz0xNTM7ZHg9NzQ7ZHk9MDtmaT11bGNyb3A7aD02MDtxPTEwMDt3PTQ2/https://s.yimg.com/dh/ap/default/140828/silhouette@2x.png"}, {"is_undroppable": "0"}, {"position_type": "DP"}, {"primary_position": "D"}, {"eligible_positions": [{"position": "D"}]}, [], [], []], {"selected_position": [{"coverage_type": "week", "week": "10"}, {"position": "BN"}]}]}, "count": 16}}}}], "time": "1339.6480083466ms", "copyright": "Data provided by Yahoo! and STATS, LLC", "refresh_rate": "60"}}