{"fantasy_content": 
    {
        "xml:lang": "en-US", 
        "yahoo:uri": "/fantasy/v2/game/mlb/", 
        "game": [{
            "game_key": "388", 
            "game_id": "388", 
            "name": "Baseball", 
            "code": "mlb", 
            "type": "full", 
            "url": "https://baseball.fantasysports.yahoo.com/b1", 
            "season": "2019", 
            "is_registration_over": 0, 
            "is_game_over": 0, 
            "is_offseason": 0}], 
        "time": "35.712957382202ms", 
        "copyright": "Data provided by Yahoo! and STATS, LLC", 
        "refresh_rate": "60"
    }
}