{"fantasy_content": {"xml:lang": "en-US", "yahoo:uri": "/fantasy/v2/team/242.l.155338.t.1/roster;week=2", "team": [[{"team_key": "242.l.155338.t.1"}, {"team_id": "1"}, {"name": "Juice all ova ya"}, [], {"url": "https://football.fantasysports.yahoo.com/archive/nfl/2010/155338/1"}, {"team_logos": [{"team_logo": {"size": "large", "url": "https://s.yimg.com/cv/apiv2/default/nfl/nfl_9.png"}}]}, [], {"waiver_priority": 2}, [], {"number_of_moves": "9"}, {"number_of_trades": 0}, {"roster_adds": {"coverage_type": "week", "coverage_value": "17", "value": "0"}}, [], {"league_scoring_type": "head"}, [], {"draft_position": 4}, {"has_draft_grade": 0}, [], [], {"managers": [{"manager": {"manager_id": "4", "nickname": "Justin", "guid": "7R6MOZ7BLCKNJJ46T4HI7GU7LE", "email": "thejuice1sloose@aol.com", "image_url": "https://ct.yimg.com/cy/1768/39361574426_98028a_64sq.jpg"}}]}], {"roster": {"coverage_type": "week", "week": "2", "is_editable": 0, "0": {"players": {"0": {"player": [[{"player_key": "242.p.8780"}, {"player_id": "8780"}, {"name": {"full": "Matt Ryan", "first": "Matt", "last": "Ryan", "ascii_first": "Matt", "ascii_last": "Ryan"}}, {"editorial_player_key": "nfl.p.8780"}, {"editorial_team_key": "nfl.t.1"}, {"editorial_team_full_name": "Atlanta Falcons"}, {"editorial_team_abbr": "Atl"}, {"bye_weeks": {"week": "8"}}, {"uniform_number": "2"}, {"display_position": "QB"}, {"headshot": {"url": "https://s.yimg.com/iu/api/res/1.2/eFPpLITAR2bNrvJ9Xp8EZA--~C/YXBwaWQ9eXNwb3J0cztjaD0yMzM2O2NyPTE7Y3c9MTc5MDtkeD04NTc7ZHk9MDtmaT11bGNyb3A7aD02MDtxPTEwMDt3PTQ2/https://s.yimg.com/xe/i/us/sp/v/nfl_cutout/players_l/08222018/8780.png", "size": "small"}, "image_url": "https://s.yimg.com/iu/api/res/1.2/eFPpLITAR2bNrvJ9Xp8EZA--~C/YXBwaWQ9eXNwb3J0cztjaD0yMzM2O2NyPTE7Y3c9MTc5MDtkeD04NTc7ZHk9MDtmaT11bGNyb3A7aD02MDtxPTEwMDt3PTQ2/https://s.yimg.com/xe/i/us/sp/v/nfl_cutout/players_l/08222018/8780.png"}, {"is_undroppable": "0"}, {"position_type": "O"}, {"primary_position": "QB"}, {"eligible_positions": [{"position": "QB"}]}, [], [], []], {"selected_position": [{"coverage_type": "week", "week": "2"}, {"position": "QB"}]}]}, "1": {"player": [[{"player_key": "242.p.8826"}, {"player_id": "8826"}, {"name": {"full": "DeSean Jackson", "first": "DeSean", "last": "Jackson", "ascii_first": "DeSean", "ascii_last": "Jackson"}}, {"injury_note": "shoulder, concussion"}, {"editorial_player_key": "nfl.p.8826"}, {"editorial_team_key": "nfl.t.21"}, {"editorial_team_full_name": "Philadelphia Eagles"}, {"editorial_team_abbr": "Phi"}, {"bye_weeks": {"week": "8"}}, {"uniform_number": "10"}, {"display_position": "WR"}, {"headshot": {"url": "https://s.yimg.com/iu/api/res/1.2/6TU0hXwodShJ38Ip9XuDOQ--~C/YXBwaWQ9eXNwb3J0cztjaD0yMzM2O2NyPTE7Y3c9MTc5MDtkeD04NTc7ZHk9MDtmaT11bGNyb3A7aD02MDtxPTEwMDt3PTQ2/https://s.yimg.com/xe/i/us/sp/v/nfl_cutout/players_l/09272018/8826.png", "size": "small"}, "image_url": "https://s.yimg.com/iu/api/res/1.2/6TU0hXwodShJ38Ip9XuDOQ--~C/YXBwaWQ9eXNwb3J0cztjaD0yMzM2O2NyPTE7Y3c9MTc5MDtkeD04NTc7ZHk9MDtmaT11bGNyb3A7aD02MDtxPTEwMDt3PTQ2/https://s.yimg.com/xe/i/us/sp/v/nfl_cutout/players_l/09272018/8826.png"}, {"is_undroppable": "0"}, {"position_type": "O"}, {"primary_position": "WR"}, {"eligible_positions": [{"position": "WR"}, {"position": "W/T"}, {"position": "W/R/T"}]}, [], [], []], {"selected_position": [{"coverage_type": "week", "week": "2"}, {"position": "WR"}]}]}, "2": {"player": [[{"player_key": "242.p.8256"}, {"player_id": "8256"}, {"name": {"full": "Calvin Johnson", "first": "Calvin", "last": "Johnson", "ascii_first": "Calvin", "ascii_last": "Johnson"}}, {"editorial_player_key": "nfl.p.8256"}, {"editorial_team_key": "nfl.t.8"}, {"editorial_team_full_name": "Detroit Lions"}, {"editorial_team_abbr": "Det"}, {"bye_weeks": {"week": "7"}}, {"uniform_number": "81"}, {"display_position": "WR"}, {"headshot": {"url": "https://s.yimg.com/iu/api/res/1.2/TcM85WhJ.fAOHWf2QKLjIw--~C/YXBwaWQ9eXNwb3J0cztjaD0yMDA7Y3I9MTtjdz0xNTM7ZHg9NzQ7ZHk9MDtmaT11bGNyb3A7aD02MDtxPTEwMDt3PTQ2/https://s.yimg.com/dh/ap/default/140828/silhouette@2x.png", "size": "small"}, "image_url": "https://s.yimg.com/iu/api/res/1.2/TcM85WhJ.fAOHWf2QKLjIw--~C/YXBwaWQ9eXNwb3J0cztjaD0yMDA7Y3I9MTtjdz0xNTM7ZHg9NzQ7ZHk9MDtmaT11bGNyb3A7aD02MDtxPTEwMDt3PTQ2/https://s.yimg.com/dh/ap/default/140828/silhouette@2x.png"}, {"is_undroppable": "0"}, {"position_type": "O"}, {"primary_position": "WR"}, {"eligible_positions": [{"position": "WR"}, {"position": "W/T"}, {"position": "W/R/T"}]}, [], [], []], {"selected_position": [{"coverage_type": "week", "week": "2"}, {"position": "WR"}]}]}, "3": {"player": [[{"player_key": "242.p.23984"}, {"player_id": "23984"}, {"name": {"full": "C.J. Spiller", "first": "C.J.", "last": "Spiller", "ascii_first": "C.J.", "ascii_last": "Spiller"}}, {"editorial_player_key": "nfl.p.23984"}, {"editorial_team_key": "nfl.t.12"}, {"editorial_team_full_name": "Kansas City Chiefs"}, {"editorial_team_abbr": "KC"}, {"bye_weeks": {"week": "4"}}, {"uniform_number": "26"}, {"display_position": "RB"}, {"headshot": {"url": "https://s.yimg.com/iu/api/res/1.2/k1oQyscjUzmYZ0YP675QwQ--~C/YXBwaWQ9eXNwb3J0cztjaD0yMzM2O2NyPTE7Y3c9MTc5MDtkeD04NTc7ZHk9MDtmaT11bGNyb3A7aD02MDtxPTEwMDt3PTQ2/https://s.yimg.com/xe/i/us/sp/v/nfl_cutout/players_l/09062017/23984.png", "size": "small"}, "image_url": "https://s.yimg.com/iu/api/res/1.2/k1oQyscjUzmYZ0YP675QwQ--~C/YXBwaWQ9eXNwb3J0cztjaD0yMzM2O2NyPTE7Y3c9MTc5MDtkeD04NTc7ZHk9MDtmaT11bGNyb3A7aD02MDtxPTEwMDt3PTQ2/https://s.yimg.com/xe/i/us/sp/v/nfl_cutout/players_l/09062017/23984.png"}, {"is_undroppable": "0"}, {"position_type": "O"}, {"primary_position": "RB"}, {"eligible_positions": [{"position": "RB"}, {"position": "W/R/T"}]}, [], [], []], {"selected_position": [{"coverage_type": "week", "week": "2"}, {"position": "RB"}]}]}, "4": {"player": [[{"player_key": "242.p.8354"}, {"player_id": "8354"}, {"name": {"full": "Michael Bush", "first": "Michael", "last": "Bush", "ascii_first": "Michael", "ascii_last": "Bush"}}, {"editorial_player_key": "nfl.p.8354"}, {"editorial_team_key": "nfl.t.22"}, {"editorial_team_full_name": "Arizona Cardinals"}, {"editorial_team_abbr": "Ari"}, {"bye_weeks": {"week": "6"}}, {"uniform_number": "29"}, {"display_position": "RB"}, {"headshot": {"url": "https://s.yimg.com/iu/api/res/1.2/TcM85WhJ.fAOHWf2QKLjIw--~C/YXBwaWQ9eXNwb3J0cztjaD0yMDA7Y3I9MTtjdz0xNTM7ZHg9NzQ7ZHk9MDtmaT11bGNyb3A7aD02MDtxPTEwMDt3PTQ2/https://s.yimg.com/dh/ap/default/140828/silhouette@2x.png", "size": "small"}, "image_url": "https://s.yimg.com/iu/api/res/1.2/TcM85WhJ.fAOHWf2QKLjIw--~C/YXBwaWQ9eXNwb3J0cztjaD0yMDA7Y3I9MTtjdz0xNTM7ZHg9NzQ7ZHk9MDtmaT11bGNyb3A7aD02MDtxPTEwMDt3PTQ2/https://s.yimg.com/dh/ap/default/140828/silhouette@2x.png"}, {"is_undroppable": "0"}, {"position_type": "O"}, {"primary_position": "RB"}, {"eligible_positions": [{"position": "RB"}, {"position": "W/R/T"}]}, [], [], []], {"selected_position": [{"coverage_type": "week", "week": "2"}, {"position": "RB"}]}]}, "5": {"player": [[{"player_key": "242.p.6405"}, {"player_id": "6405"}, {"name": {"full": "Jason Witten", "first": "Jason", "last": "Witten", "ascii_first": "Jason", "ascii_last": "Witten"}}, {"editorial_player_key": "nfl.p.6405"}, {"editorial_team_key": "nfl.t.6"}, {"editorial_team_full_name": "Dallas Cowboys"}, {"editorial_team_abbr": "Dal"}, {"bye_weeks": {"week": "4"}}, {"uniform_number": "82"}, {"display_position": "TE"}, {"headshot": {"url": "https://s.yimg.com/iu/api/res/1.2/z_nDiOPmqpwfW4SU7UqERw--~C/YXBwaWQ9eXNwb3J0cztjaD0yMzM2O2NyPTE7Y3c9MTc5MDtkeD04NTc7ZHk9MDtmaT11bGNyb3A7aD02MDtxPTEwMDt3PTQ2/https://s.yimg.com/xe/i/us/sp/v/nfl_cutout/players_l/09292017/6405.png", "size": "small"}, "image_url": "https://s.yimg.com/iu/api/res/1.2/z_nDiOPmqpwfW4SU7UqERw--~C/YXBwaWQ9eXNwb3J0cztjaD0yMzM2O2NyPTE7Y3c9MTc5MDtkeD04NTc7ZHk9MDtmaT11bGNyb3A7aD02MDtxPTEwMDt3PTQ2/https://s.yimg.com/xe/i/us/sp/v/nfl_cutout/players_l/09292017/6405.png"}, {"is_undroppable": "0"}, {"position_type": "O"}, {"primary_position": "W/T"}, {"eligible_positions": [{"position": "W/T"}, {"position": "W/R/T"}]}, [], [], []], {"selected_position": [{"coverage_type": "week", "week": "2"}, {"position": "W/T"}]}]}, "6": {"player": [[{"player_key": "242.p.8292"}, {"player_id": "8292"}, {"name": {"full": "Zach Miller", "first": "Zach", "last": "Miller", "ascii_first": "Zach", "ascii_last": "Miller"}}, {"editorial_player_key": "nfl.p.8292"}, {"editorial_team_key": "nfl.t.26"}, {"editorial_team_full_name": "Seattle Seahawks"}, {"editorial_team_abbr": "Sea"}, {"bye_weeks": {"week": "5"}}, {"uniform_number": "86"}, {"display_position": "TE"}, {"headshot": {"url": "https://s.yimg.com/iu/api/res/1.2/TcM85WhJ.fAOHWf2QKLjIw--~C/YXBwaWQ9eXNwb3J0cztjaD0yMDA7Y3I9MTtjdz0xNTM7ZHg9NzQ7ZHk9MDtmaT11bGNyb3A7aD02MDtxPTEwMDt3PTQ2/https://s.yimg.com/dh/ap/default/140828/silhouette@2x.png", "size": "small"}, "image_url": "https://s.yimg.com/iu/api/res/1.2/TcM85WhJ.fAOHWf2QKLjIw--~C/YXBwaWQ9eXNwb3J0cztjaD0yMDA7Y3I9MTtjdz0xNTM7ZHg9NzQ7ZHk9MDtmaT11bGNyb3A7aD02MDtxPTEwMDt3PTQ2/https://s.yimg.com/dh/ap/default/140828/silhouette@2x.png"}, {"is_undroppable": "0"}, {"position_type": "O"}, {"primary_position": "W/T"}, {"eligible_positions": [{"position": "W/T"}, {"position": "W/R/T"}]}, [], [], []], {"selected_position": [{"coverage_type": "week", "week": "2"}, {"position": "W/R/T"}]}]}, "7": {"player": [[{"player_key": "242.p.7751"}, {"player_id": "7751"}, {"name": {"full": "Reggie Bush", "first": "Reggie", "last": "Bush", "ascii_first": "Reggie", "ascii_last": "Bush"}}, {"editorial_player_key": "nfl.p.7751"}, {"editorial_team_key": "nfl.t.2"}, {"editorial_team_full_name": "Buffalo Bills"}, {"editorial_team_abbr": "Buf"}, {"bye_weeks": {"week": "6"}}, {"uniform_number": "22"}, {"display_position": "RB"}, {"headshot": {"url": "https://s.yimg.com/iu/api/res/1.2/zBYatijFUNMCSDXrNFb30Q--~C/YXBwaWQ9eXNwb3J0cztjaD0yMzM2O2NyPTE7Y3c9MTc5MDtkeD04NTc7ZHk9MDtmaT11bGNyb3A7aD02MDtxPTEwMDt3PTQ2/https://s.yimg.com/xe/i/us/sp/v/nfl_cutout/players_l/20141101/7751.png", "size": "small"}, "image_url": "https://s.yimg.com/iu/api/res/1.2/zBYatijFUNMCSDXrNFb30Q--~C/YXBwaWQ9eXNwb3J0cztjaD0yMzM2O2NyPTE7Y3c9MTc5MDtkeD04NTc7ZHk9MDtmaT11bGNyb3A7aD02MDtxPTEwMDt3PTQ2/https://s.yimg.com/xe/i/us/sp/v/nfl_cutout/players_l/20141101/7751.png"}, {"is_undroppable": "0"}, {"position_type": "O"}, {"primary_position": "RB"}, {"eligible_positions": [{"position": "RB"}, {"position": "W/R/T"}]}, [], [], []], {"selected_position": [{"coverage_type": "week", "week": "2"}, {"position": "BN"}]}]}, "8": {"player": [[{"player_key": "242.p.9003"}, {"player_id": "9003"}, {"name": {"full": "Chaz Schilens", "first": "Chaz", "last": "Schilens", "ascii_first": "Chaz", "ascii_last": "Schilens"}}, {"editorial_player_key": "nfl.p.9003"}, {"editorial_team_key": "nfl.t.8"}, {"editorial_team_full_name": "Detroit Lions"}, {"editorial_team_abbr": "Det"}, {"bye_weeks": {"week": "7"}}, {"uniform_number": "19"}, {"display_position": "WR"}, {"headshot": {"url": "https://s.yimg.com/iu/api/res/1.2/TcM85WhJ.fAOHWf2QKLjIw--~C/YXBwaWQ9eXNwb3J0cztjaD0yMDA7Y3I9MTtjdz0xNTM7ZHg9NzQ7ZHk9MDtmaT11bGNyb3A7aD02MDtxPTEwMDt3PTQ2/https://s.yimg.com/dh/ap/default/140828/silhouette@2x.png", "size": "small"}, "image_url": "https://s.yimg.com/iu/api/res/1.2/TcM85WhJ.fAOHWf2QKLjIw--~C/YXBwaWQ9eXNwb3J0cztjaD0yMDA7Y3I9MTtjdz0xNTM7ZHg9NzQ7ZHk9MDtmaT11bGNyb3A7aD02MDtxPTEwMDt3PTQ2/https://s.yimg.com/dh/ap/default/140828/silhouette@2x.png"}, {"is_undroppable": "0"}, {"position_type": "O"}, {"primary_position": "WR"}, {"eligible_positions": [{"position": "WR"}, {"position": "W/T"}, {"position": "W/R/T"}]}, [], [], []], {"selected_position": [{"coverage_type": "week", "week": "2"}, {"position": "BN"}]}]}, "9": {"player": [[{"player_key": "242.p.7774"}, {"player_id": "7774"}, {"name": {"full": "Santonio Holmes", "first": "Santonio", "last": "Holmes", "ascii_first": "Santonio", "ascii_last": "Holmes"}}, {"editorial_player_key": "nfl.p.7774"}, {"editorial_team_key": "nfl.t.3"}, {"editorial_team_full_name": "Chicago Bears"}, {"editorial_team_abbr": "Chi"}, {"bye_weeks": {"week": "8"}}, {"uniform_number": "14"}, {"display_position": "WR"}, {"headshot": {"url": "https://s.yimg.com/iu/api/res/1.2/TcM85WhJ.fAOHWf2QKLjIw--~C/YXBwaWQ9eXNwb3J0cztjaD0yMDA7Y3I9MTtjdz0xNTM7ZHg9NzQ7ZHk9MDtmaT11bGNyb3A7aD02MDtxPTEwMDt3PTQ2/https://s.yimg.com/dh/ap/default/140828/silhouette@2x.png", "size": "small"}, "image_url": "https://s.yimg.com/iu/api/res/1.2/TcM85WhJ.fAOHWf2QKLjIw--~C/YXBwaWQ9eXNwb3J0cztjaD0yMDA7Y3I9MTtjdz0xNTM7ZHg9NzQ7ZHk9MDtmaT11bGNyb3A7aD02MDtxPTEwMDt3PTQ2/https://s.yimg.com/dh/ap/default/140828/silhouette@2x.png"}, {"is_undroppable": "0"}, {"position_type": "O"}, {"primary_position": "WR"}, {"eligible_positions": [{"position": "WR"}, {"position": "W/T"}, {"position": "W/R/T"}]}, [], [], []], {"selected_position": [{"coverage_type": "week", "week": "2"}, {"position": "BN"}]}]}, "10": {"player": [[{"player_key": "242.p.4650"}, {"player_id": "4650"}, {"name": {"full": "Donovan McNabb", "first": "Donovan", "last": "McNabb", "ascii_first": "Donovan", "ascii_last": "McNabb"}}, {"editorial_player_key": "nfl.p.4650"}, {"editorial_team_key": "nfl.t.21"}, {"editorial_team_full_name": "Philadelphia Eagles"}, {"editorial_team_abbr": "Phi"}, {"bye_weeks": {"week": "8"}}, {"uniform_number": "5"}, {"display_position": "QB"}, {"headshot": {"url": "https://s.yimg.com/iu/api/res/1.2/TcM85WhJ.fAOHWf2QKLjIw--~C/YXBwaWQ9eXNwb3J0cztjaD0yMDA7Y3I9MTtjdz0xNTM7ZHg9NzQ7ZHk9MDtmaT11bGNyb3A7aD02MDtxPTEwMDt3PTQ2/https://s.yimg.com/dh/ap/default/140828/silhouette@2x.png", "size": "small"}, "image_url": "https://s.yimg.com/iu/api/res/1.2/TcM85WhJ.fAOHWf2QKLjIw--~C/YXBwaWQ9eXNwb3J0cztjaD0yMDA7Y3I9MTtjdz0xNTM7ZHg9NzQ7ZHk9MDtmaT11bGNyb3A7aD02MDtxPTEwMDt3PTQ2/https://s.yimg.com/dh/ap/default/140828/silhouette@2x.png"}, {"is_undroppable": "0"}, {"position_type": "O"}, {"primary_position": "QB"}, {"eligible_positions": [{"position": "QB"}]}, [], [], []], {"selected_position": [{"coverage_type": "week", "week": "2"}, {"position": "BN"}]}]}, "11": {"player": [[{"player_key": "242.p.8866"}, {"player_id": "8866"}, {"name": {"full": "Steve Slaton", "first": "Steve", "last": "Slaton", "ascii_first": "Steve", "ascii_last": "Slaton"}}, {"editorial_player_key": "nfl.p.8866"}, {"editorial_team_key": "nfl.t.15"}, {"editorial_team_full_name": "Miami Dolphins"}, {"editorial_team_abbr": "Mia"}, {"bye_weeks": {"week": "5"}}, {"uniform_number": "23"}, {"display_position": "RB"}, {"headshot": {"url": "https://s.yimg.com/iu/api/res/1.2/TcM85WhJ.fAOHWf2QKLjIw--~C/YXBwaWQ9eXNwb3J0cztjaD0yMDA7Y3I9MTtjdz0xNTM7ZHg9NzQ7ZHk9MDtmaT11bGNyb3A7aD02MDtxPTEwMDt3PTQ2/https://s.yimg.com/dh/ap/default/140828/silhouette@2x.png", "size": "small"}, "image_url": "https://s.yimg.com/iu/api/res/1.2/TcM85WhJ.fAOHWf2QKLjIw--~C/YXBwaWQ9eXNwb3J0cztjaD0yMDA7Y3I9MTtjdz0xNTM7ZHg9NzQ7ZHk9MDtmaT11bGNyb3A7aD02MDtxPTEwMDt3PTQ2/https://s.yimg.com/dh/ap/default/140828/silhouette@2x.png"}, {"is_undroppable": "0"}, {"position_type": "O"}, {"primary_position": "RB"}, {"eligible_positions": [{"position": "RB"}, {"position": "W/R/T"}]}, [], [], []], {"selected_position": [{"coverage_type": "week", "week": "2"}, {"position": "BN"}]}]}, "12": {"player": [[{"player_key": "242.p.5499"}, {"player_id": "5499"}, {"name": {"full": "Chris Chambers", "first": "Chris", "last": "Chambers", "ascii_first": "Chris", "ascii_last": "Chambers"}}, {"editorial_player_key": "nfl.p.5499"}, {"editorial_team_key": "nfl.t.12"}, {"editorial_team_full_name": "Kansas City Chiefs"}, {"editorial_team_abbr": "KC"}, {"bye_weeks": {"week": "4"}}, {"uniform_number": "84"}, {"display_position": "WR"}, {"headshot": {"url": "https://s.yimg.com/iu/api/res/1.2/TcM85WhJ.fAOHWf2QKLjIw--~C/YXBwaWQ9eXNwb3J0cztjaD0yMDA7Y3I9MTtjdz0xNTM7ZHg9NzQ7ZHk9MDtmaT11bGNyb3A7aD02MDtxPTEwMDt3PTQ2/https://s.yimg.com/dh/ap/default/140828/silhouette@2x.png", "size": "small"}, "image_url": "https://s.yimg.com/iu/api/res/1.2/TcM85WhJ.fAOHWf2QKLjIw--~C/YXBwaWQ9eXNwb3J0cztjaD0yMDA7Y3I9MTtjdz0xNTM7ZHg9NzQ7ZHk9MDtmaT11bGNyb3A7aD02MDtxPTEwMDt3PTQ2/https://s.yimg.com/dh/ap/default/140828/silhouette@2x.png"}, {"is_undroppable": "0"}, {"position_type": "O"}, {"primary_position": "WR"}, {"eligible_positions": [{"position": "WR"}, {"position": "W/T"}, {"position": "W/R/T"}]}, [], [], []], {"selected_position": [{"coverage_type": "week", "week": "2"}, {"position": "BN"}]}]}, "13": {"player": [[{"player_key": "242.p.5046"}, {"player_id": "5046"}, {"name": {"full": "Sebastian Janikowski", "first": "Sebastian", "last": "Janikowski", "ascii_first": "Sebastian", "ascii_last": "Janikowski"}}, {"editorial_player_key": "nfl.p.5046"}, {"editorial_team_key": "nfl.t.26"}, {"editorial_team_full_name": "Seattle Seahawks"}, {"editorial_team_abbr": "Sea"}, {"bye_weeks": {"week": "5"}}, {"uniform_number": "11"}, {"display_position": "K"}, {"headshot": {"url": "https://s.yimg.com/iu/api/res/1.2/_FbxgaDsf1YAqzWqEdlUbA--~C/YXBwaWQ9eXNwb3J0cztjaD0yMzM2O2NyPTE7Y3c9MTc5MDtkeD04NTc7ZHk9MDtmaT11bGNyb3A7aD02MDtxPTEwMDt3PTQ2/https://s.yimg.com/xe/i/us/sp/v/nfl_cutout/players_l/08212018/5046.png", "size": "small"}, "image_url": "https://s.yimg.com/iu/api/res/1.2/_FbxgaDsf1YAqzWqEdlUbA--~C/YXBwaWQ9eXNwb3J0cztjaD0yMzM2O2NyPTE7Y3c9MTc5MDtkeD04NTc7ZHk9MDtmaT11bGNyb3A7aD02MDtxPTEwMDt3PTQ2/https://s.yimg.com/xe/i/us/sp/v/nfl_cutout/players_l/08212018/5046.png"}, {"is_undroppable": "0"}, {"position_type": "K"}, {"primary_position": "K"}, {"eligible_positions": [{"position": "K"}]}, [], [], []], {"selected_position": [{"coverage_type": "week", "week": "2"}, {"position": "K"}]}]}, "14": {"player": [[{"player_key": "242.p.100013"}, {"player_id": "100013"}, {"name": {"full": "Oakland", "first": "Oakland", "last": "", "ascii_first": "Oakland", "ascii_last": ""}}, {"editorial_player_key": "nfl.p.100013"}, {"editorial_team_key": "nfl.t.13"}, {"editorial_team_full_name": "Oakland Raiders"}, {"editorial_team_abbr": "Oak"}, {"bye_weeks": {"week": "10"}}, {"uniform_number": false}, {"display_position": "DEF"}, {"headshot": {"url": "https://s.yimg.com/lq/i/us/sp/v/nfl/teams/1/50x50w/oak.gif", "size": "small"}, "image_url": "https://s.yimg.com/lq/i/us/sp/v/nfl/teams/1/50x50w/oak.gif"}, {"is_undroppable": "0"}, {"position_type": "DT"}, {"primary_position": "DEF"}, {"eligible_positions": [{"position": "DEF"}]}, [], [], []], {"selected_position": [{"coverage_type": "week", "week": "2"}, {"position": "DEF"}]}]}, "15": {"player": [[{"player_key": "242.p.6456"}, {"player_id": "6456"}, {"name": {"full": "Asante Samuel", "first": "Asante", "last": "Samuel", "ascii_first": "Asante", "ascii_last": "Samuel"}}, {"editorial_player_key": "nfl.p.6456"}, {"editorial_team_key": "nfl.t.1"}, {"editorial_team_full_name": "Atlanta Falcons"}, {"editorial_team_abbr": "Atl"}, {"bye_weeks": {"week": "8"}}, {"uniform_number": "22"}, {"display_position": "CB"}, {"headshot": {"url": "https://s.yimg.com/iu/api/res/1.2/TcM85WhJ.fAOHWf2QKLjIw--~C/YXBwaWQ9eXNwb3J0cztjaD0yMDA7Y3I9MTtjdz0xNTM7ZHg9NzQ7ZHk9MDtmaT11bGNyb3A7aD02MDtxPTEwMDt3PTQ2/https://s.yimg.com/dh/ap/default/140828/silhouette@2x.png", "size": "small"}, "image_url": "https://s.yimg.com/iu/api/res/1.2/TcM85WhJ.fAOHWf2QKLjIw--~C/YXBwaWQ9eXNwb3J0cztjaD0yMDA7Y3I9MTtjdz0xNTM7ZHg9NzQ7ZHk9MDtmaT11bGNyb3A7aD02MDtxPTEwMDt3PTQ2/https://s.yimg.com/dh/ap/default/140828/silhouette@2x.png"}, {"is_undroppable": "0"}, {"position_type": "DP"}, {"primary_position": "D"}, {"eligible_positions": [{"position": "D"}]}, [], [], []], {"selected_position": [{"coverage_type": "week", "week": "2"}, {"position": "D"}]}]}, "count": 16}}}}], "time": "164.46399688721ms", "copyright": "Data provided by Yahoo! and STATS, LLC", "refresh_rate": "60"}}