{
    "access_token": "7OqtEX2aollGEzn57mee5i781c5oc0SYkL2U2jFN4z7P414bJqhi.CDFbTYnYtGNPINRKqGXErU23ENsk8PMPNli2PE6NcYNjUOPoFUie4LrjKjbWwBcCrpDHmBnITFfZkJ_ZA8EdI.yHqYKvEmNnTV3OP03z2BkZX4xGTstv_bBLI71LLhenpqOtYWzwbSSCu67s4ODd8XTkacQ9SeUXd3RiP_zFZW1NeTrg9F1RgywA4BHZyHNFwZ5qmn9Gf8oOa4VmMXlwA94JewPdhrX.7UgTow8osj9KR82F4C.QG8814DkYBG.UtN8kHjtV1DJEGezoX0pTX8KBti9ecM7p2FrFCsJpvCycz5Kt98y65qmmGbGQSxoJ_PEKIbffRP8BX.HRjaC60qS2C9DptkTruic.r50oTeCYu9Qi4ei6dTjgz4Uul7yMEAa6SpZqRYq8SX_aVXzp4UBW..UZAZuSxC0fpwiIcC5uBqmj9BU1f2.6LE8mNgN4WHNrbWLiffKhDpSgrb9zeugZ3K57TfwijutNilkNe5p8U0zx0r6ZdfzGOP1LCqfjj17XJl0Qor7R1aGPdx_N6uzoozdxOHCxqGe8ho98RvignEV8blTRUN6FNUqTbA2MVxz.Ln.mjgbQPmvZkeELMcCu5IyYkVC4NQ.hny_h3GbJJH.7IAKLVp0YG7ykkP6M0N9drwhF_G5lA8f_eYxrD1tBJ6GORU63oDSjZ4v1mtTECu7IYcBgXQXAqwXDpCB_b.tplAM9q5fSnefpzOYZIJQjy9a4C_AnK6M54j9qUw4il.tnzd7queZRFc0D9yjGjd._Ia1K1kNSfYg_3VgFb1IWYNvOj2PRSWGyJJYaFOom5qfl20VNLzamszXyJnV3CVp0AkYT30A8ohx01.YDhxSpSGoV3g0D6wVJR.gsINgzBhQQqZtqjjcA486W6e5syRWRS8rqz0s58a.gGEAgTtUhCAgpCntXxVCYbGXRvcxZkph9tUEEMGb5Ipv9OsOA1YUJpy_K1ezPdv2CeLgPTKyXbHmZKJS3HchrhMRY1bMxktu.pUU0JaM1IXr9aDWDoYbWCKGcBeSw4.ZKH5DkoorzEv9NfFUbQ--",
    "consumer_key": "dj0yJmk9UFI5OTNUVG85NWtQJmQ9WVdrOWVGSlRTbUYxTlRJbWNHbzlNQS0tJnM9Y29uc3VtZXJzZWNyZXQmc3Y9MCZ4PTdj",
    "consumer_secret": "c13232b8df33266a7f7b0983c7f4c72100cde806",
    "guid": "6KYOSOSDH6T54LOWSHNKI25S3Q",
    "refresh_token": "AKQ5JV3rzIUtC1vfTb.eZmdpOFQvUg0oYsynzvlhj9bszktNyQ--",
    "token_time": 1562805941.5481832,
    "token_type": "bearer"
}