{"fantasy_content": {"xml:lang": "en-US", "yahoo:uri": "/fantasy/v2/team/242.l.155338.t.10/roster;week=5", "team": [[{"team_key": "242.l.155338.t.10"}, {"team_id": "10"}, {"name": "Rainmakers"}, [], {"url": "https://football.fantasysports.yahoo.com/archive/nfl/2010/155338/10"}, {"team_logos": [{"team_logo": {"size": "large", "url": "https://s.yimg.com/cv/apiv2/default/nfl/nfl_2.png"}}]}, [], {"waiver_priority": 7}, [], {"number_of_moves": "14"}, {"number_of_trades": 0}, {"roster_adds": {"coverage_type": "week", "coverage_value": "17", "value": "0"}}, {"clinched_playoffs": 1}, {"league_scoring_type": "head"}, [], {"draft_position": 7}, {"has_draft_grade": 0}, [], [], {"managers": [{"manager": {"manager_id": "10", "nickname": "Rick Ferri", "guid": "S7BYIYPA4Q4UZUT42NA5FWTLCU", "email": "rferri23@gmail.com", "image_url": "https://ct.yimg.com/cy/1768/39361574426_98028a_64sq.jpg"}}]}], {"roster": {"coverage_type": "week", "week": "5", "is_editable": 0, "0": {"players": {"0": {"player": [[{"player_key": "242.p.6169"}, {"player_id": "6169"}, {"name": {"full": "Shaun Hill", "first": "Shaun", "last": "Hill", "ascii_first": "Shaun", "ascii_last": "Hill"}}, {"editorial_player_key": "nfl.p.6169"}, {"editorial_team_key": "nfl.t.16"}, {"editorial_team_full_name": "Minnesota Vikings"}, {"editorial_team_abbr": "Min"}, {"bye_weeks": {"week": "4"}}, {"uniform_number": "13"}, {"display_position": "QB"}, {"headshot": {"url": "https://s.yimg.com/iu/api/res/1.2/9gM5phVpBd2cCpJRcdPxGA--~C/YXBwaWQ9eXNwb3J0cztjaD0yMzM2O2NyPTE7Y3c9MTc5MDtkeD04NTc7ZHk9MDtmaT11bGNyb3A7aD02MDtxPTEwMDt3PTQ2/https://s.yimg.com/xe/i/us/sp/v/nfl_cutout/players_l/20160906/6169.png", "size": "small"}, "image_url": "https://s.yimg.com/iu/api/res/1.2/9gM5phVpBd2cCpJRcdPxGA--~C/YXBwaWQ9eXNwb3J0cztjaD0yMzM2O2NyPTE7Y3c9MTc5MDtkeD04NTc7ZHk9MDtmaT11bGNyb3A7aD02MDtxPTEwMDt3PTQ2/https://s.yimg.com/xe/i/us/sp/v/nfl_cutout/players_l/20160906/6169.png"}, {"is_undroppable": "0"}, {"position_type": "O"}, {"primary_position": "QB"}, {"eligible_positions": [{"position": "QB"}]}, [], [], []], {"selected_position": [{"coverage_type": "week", "week": "5"}, {"position": "QB"}]}]}, "1": {"player": [[{"player_key": "242.p.8277"}, {"player_id": "8277"}, {"name": {"full": "Dwayne Bowe", "first": "Dwayne", "last": "Bowe", "ascii_first": "Dwayne", "ascii_last": "Bowe"}}, {"editorial_player_key": "nfl.p.8277"}, {"editorial_team_key": "nfl.t.12"}, {"editorial_team_full_name": "Kansas City Chiefs"}, {"editorial_team_abbr": "KC"}, {"bye_weeks": {"week": "4"}}, {"uniform_number": "80"}, {"display_position": "WR"}, {"headshot": {"url": "https://s.yimg.com/iu/api/res/1.2/V4KlOz9puvNpbC2kGobdvg--~C/YXBwaWQ9eXNwb3J0cztjaD0yMzM2O2NyPTE7Y3c9MTc5MDtkeD04NTc7ZHk9MDtmaT11bGNyb3A7aD02MDtxPTEwMDt3PTQ2/https://s.yimg.com/xe/i/us/sp/v/nfl_cutout/players_l/20141101/8277.png", "size": "small"}, "image_url": "https://s.yimg.com/iu/api/res/1.2/V4KlOz9puvNpbC2kGobdvg--~C/YXBwaWQ9eXNwb3J0cztjaD0yMzM2O2NyPTE7Y3c9MTc5MDtkeD04NTc7ZHk9MDtmaT11bGNyb3A7aD02MDtxPTEwMDt3PTQ2/https://s.yimg.com/xe/i/us/sp/v/nfl_cutout/players_l/20141101/8277.png"}, {"is_undroppable": "0"}, {"position_type": "O"}, {"primary_position": "WR"}, {"eligible_positions": [{"position": "WR"}, {"position": "W/T"}, {"position": "W/R/T"}]}, [], [], []], {"selected_position": [{"coverage_type": "week", "week": "5"}, {"position": "WR"}]}]}, "2": {"player": [[{"player_key": "242.p.8819"}, {"player_id": "8819"}, {"name": {"full": "Eddie Royal", "first": "Eddie", "last": "Royal", "ascii_first": "Eddie", "ascii_last": "Royal"}}, {"editorial_player_key": "nfl.p.8819"}, {"editorial_team_key": "nfl.t.3"}, {"editorial_team_full_name": "Chicago Bears"}, {"editorial_team_abbr": "Chi"}, {"bye_weeks": {"week": "8"}}, {"uniform_number": "19"}, {"display_position": "WR"}, {"headshot": {"url": "https://s.yimg.com/iu/api/res/1.2/he.m9YFgbJdUgKkJ2N.ytQ--~C/YXBwaWQ9eXNwb3J0cztjaD0yMzM2O2NyPTE7Y3c9MTc5MDtkeD04NTc7ZHk9MDtmaT11bGNyb3A7aD02MDtxPTEwMDt3PTQ2/https://s.yimg.com/xe/i/us/sp/v/nfl_cutout/players_l/20161007/8819.png", "size": "small"}, "image_url": "https://s.yimg.com/iu/api/res/1.2/he.m9YFgbJdUgKkJ2N.ytQ--~C/YXBwaWQ9eXNwb3J0cztjaD0yMzM2O2NyPTE7Y3c9MTc5MDtkeD04NTc7ZHk9MDtmaT11bGNyb3A7aD02MDtxPTEwMDt3PTQ2/https://s.yimg.com/xe/i/us/sp/v/nfl_cutout/players_l/20161007/8819.png"}, {"is_undroppable": "0"}, {"position_type": "O"}, {"primary_position": "WR"}, {"eligible_positions": [{"position": "WR"}, {"position": "W/T"}, {"position": "W/R/T"}]}, [], [], []], {"selected_position": [{"coverage_type": "week", "week": "5"}, {"position": "WR"}]}]}, "3": {"player": [[{"player_key": "242.p.6913"}, {"player_id": "6913"}, {"name": {"full": "Michael Turner", "first": "Michael", "last": "Turner", "ascii_first": "Michael", "ascii_last": "Turner"}}, {"editorial_player_key": "nfl.p.6913"}, {"editorial_team_key": "nfl.t.1"}, {"editorial_team_full_name": "Atlanta Falcons"}, {"editorial_team_abbr": "Atl"}, {"bye_weeks": {"week": "8"}}, {"uniform_number": "33"}, {"display_position": "RB"}, {"headshot": {"url": "https://s.yimg.com/iu/api/res/1.2/TcM85WhJ.fAOHWf2QKLjIw--~C/YXBwaWQ9eXNwb3J0cztjaD0yMDA7Y3I9MTtjdz0xNTM7ZHg9NzQ7ZHk9MDtmaT11bGNyb3A7aD02MDtxPTEwMDt3PTQ2/https://s.yimg.com/dh/ap/default/140828/silhouette@2x.png", "size": "small"}, "image_url": "https://s.yimg.com/iu/api/res/1.2/TcM85WhJ.fAOHWf2QKLjIw--~C/YXBwaWQ9eXNwb3J0cztjaD0yMDA7Y3I9MTtjdz0xNTM7ZHg9NzQ7ZHk9MDtmaT11bGNyb3A7aD02MDtxPTEwMDt3PTQ2/https://s.yimg.com/dh/ap/default/140828/silhouette@2x.png"}, {"is_undroppable": "0"}, {"position_type": "O"}, {"primary_position": "RB"}, {"eligible_positions": [{"position": "RB"}, {"position": "W/R/T"}]}, [], [], []], {"selected_position": [{"coverage_type": "week", "week": "5"}, {"position": "RB"}]}]}, "4": {"player": [[{"player_key": "242.p.7776"}, {"player_id": "7776"}, {"name": {"full": "DeAngelo Williams", "first": "DeAngelo", "last": "Williams", "ascii_first": "DeAngelo", "ascii_last": "Williams"}}, {"editorial_player_key": "nfl.p.7776"}, {"editorial_team_key": "nfl.t.23"}, {"editorial_team_full_name": "Pittsburgh Steelers"}, {"editorial_team_abbr": "Pit"}, {"bye_weeks": {"week": "5"}}, {"uniform_number": "34"}, {"display_position": "RB"}, {"headshot": {"url": "https://s.yimg.com/iu/api/res/1.2/7Mr18Q_oTPeqBZ994Vn3jQ--~C/YXBwaWQ9eXNwb3J0cztjaD0yMzM2O2NyPTE7Y3c9MTc5MDtkeD04NTc7ZHk9MDtmaT11bGNyb3A7aD02MDtxPTEwMDt3PTQ2/https://s.yimg.com/xe/i/us/sp/v/nfl_cutout/players_l/20160906/7776.png", "size": "small"}, "image_url": "https://s.yimg.com/iu/api/res/1.2/7Mr18Q_oTPeqBZ994Vn3jQ--~C/YXBwaWQ9eXNwb3J0cztjaD0yMzM2O2NyPTE7Y3c9MTc5MDtkeD04NTc7ZHk9MDtmaT11bGNyb3A7aD02MDtxPTEwMDt3PTQ2/https://s.yimg.com/xe/i/us/sp/v/nfl_cutout/players_l/20160906/7776.png"}, {"is_undroppable": "0"}, {"position_type": "O"}, {"primary_position": "RB"}, {"eligible_positions": [{"position": "RB"}, {"position": "W/R/T"}]}, [], [], []], {"selected_position": [{"coverage_type": "week", "week": "5"}, {"position": "RB"}]}]}, "5": {"player": [[{"player_key": "242.p.8872"}, {"player_id": "8872"}, {"name": {"full": "Mario Manningham", "first": "Mario", "last": "Manningham", "ascii_first": "Mario", "ascii_last": "Manningham"}}, {"editorial_player_key": "nfl.p.8872"}, {"editorial_team_key": "nfl.t.19"}, {"editorial_team_full_name": "New York Giants"}, {"editorial_team_abbr": "NYG"}, {"bye_weeks": {"week": "8"}}, {"uniform_number": "86"}, {"display_position": "WR"}, {"headshot": {"url": "https://s.yimg.com/iu/api/res/1.2/TcM85WhJ.fAOHWf2QKLjIw--~C/YXBwaWQ9eXNwb3J0cztjaD0yMDA7Y3I9MTtjdz0xNTM7ZHg9NzQ7ZHk9MDtmaT11bGNyb3A7aD02MDtxPTEwMDt3PTQ2/https://s.yimg.com/dh/ap/default/140828/silhouette@2x.png", "size": "small"}, "image_url": "https://s.yimg.com/iu/api/res/1.2/TcM85WhJ.fAOHWf2QKLjIw--~C/YXBwaWQ9eXNwb3J0cztjaD0yMDA7Y3I9MTtjdz0xNTM7ZHg9NzQ7ZHk9MDtmaT11bGNyb3A7aD02MDtxPTEwMDt3PTQ2/https://s.yimg.com/dh/ap/default/140828/silhouette@2x.png"}, {"is_undroppable": "0"}, {"position_type": "O"}, {"primary_position": "WR"}, {"eligible_positions": [{"position": "WR"}, {"position": "W/T"}, {"position": "W/R/T"}]}, [], [], []], {"selected_position": [{"coverage_type": "week", "week": "5"}, {"position": "W/T"}]}]}, "6": {"player": [[{"player_key": "242.p.8504"}, {"player_id": "8504"}, {"name": {"full": "Ahmad Bradshaw", "first": "Ahmad", "last": "Bradshaw", "ascii_first": "Ahmad", "ascii_last": "Bradshaw"}}, {"editorial_player_key": "nfl.p.8504"}, {"editorial_team_key": "nfl.t.11"}, {"editorial_team_full_name": "Indianapolis Colts"}, {"editorial_team_abbr": "Ind"}, {"bye_weeks": {"week": "7"}}, {"uniform_number": "44"}, {"display_position": "RB"}, {"headshot": {"url": "https://s.yimg.com/iu/api/res/1.2/TcM85WhJ.fAOHWf2QKLjIw--~C/YXBwaWQ9eXNwb3J0cztjaD0yMDA7Y3I9MTtjdz0xNTM7ZHg9NzQ7ZHk9MDtmaT11bGNyb3A7aD02MDtxPTEwMDt3PTQ2/https://s.yimg.com/dh/ap/default/140828/silhouette@2x.png", "size": "small"}, "image_url": "https://s.yimg.com/iu/api/res/1.2/TcM85WhJ.fAOHWf2QKLjIw--~C/YXBwaWQ9eXNwb3J0cztjaD0yMDA7Y3I9MTtjdz0xNTM7ZHg9NzQ7ZHk9MDtmaT11bGNyb3A7aD02MDtxPTEwMDt3PTQ2/https://s.yimg.com/dh/ap/default/140828/silhouette@2x.png"}, {"is_undroppable": "0"}, {"position_type": "O"}, {"primary_position": "RB"}, {"eligible_positions": [{"position": "RB"}, {"position": "W/R/T"}]}, [], [], []], {"selected_position": [{"coverage_type": "week", "week": "5"}, {"position": "W/R/T"}]}]}, "7": {"player": [[{"player_key": "242.p.8333"}, {"player_id": "8333"}, {"name": {"full": "Mike Sims-Walker", "first": "Mike", "last": "Sims-Walker", "ascii_first": "Mike", "ascii_last": "Sims-Walker"}}, {"editorial_player_key": "nfl.p.8333"}, {"editorial_team_key": "nfl.t.30"}, {"editorial_team_full_name": "Jacksonville Jaguars"}, {"editorial_team_abbr": "Jax"}, {"bye_weeks": {"week": "9"}}, {"uniform_number": "15"}, {"display_position": "WR"}, {"headshot": {"url": "https://s.yimg.com/iu/api/res/1.2/TcM85WhJ.fAOHWf2QKLjIw--~C/YXBwaWQ9eXNwb3J0cztjaD0yMDA7Y3I9MTtjdz0xNTM7ZHg9NzQ7ZHk9MDtmaT11bGNyb3A7aD02MDtxPTEwMDt3PTQ2/https://s.yimg.com/dh/ap/default/140828/silhouette@2x.png", "size": "small"}, "image_url": "https://s.yimg.com/iu/api/res/1.2/TcM85WhJ.fAOHWf2QKLjIw--~C/YXBwaWQ9eXNwb3J0cztjaD0yMDA7Y3I9MTtjdz0xNTM7ZHg9NzQ7ZHk9MDtmaT11bGNyb3A7aD02MDtxPTEwMDt3PTQ2/https://s.yimg.com/dh/ap/default/140828/silhouette@2x.png"}, {"is_undroppable": "0"}, {"position_type": "O"}, {"primary_position": "WR"}, {"eligible_positions": [{"position": "WR"}, {"position": "W/T"}, {"position": "W/R/T"}]}, [], [], []], {"selected_position": [{"coverage_type": "week", "week": "5"}, {"position": "BN"}]}]}, "8": {"player": [[{"player_key": "242.p.7760"}, {"player_id": "7760"}, {"name": {"full": "Jay Cutler", "first": "Jay", "last": "Cutler", "ascii_first": "Jay", "ascii_last": "Cutler"}}, {"editorial_player_key": "nfl.p.7760"}, {"editorial_team_key": "nfl.t.15"}, {"editorial_team_full_name": "Miami Dolphins"}, {"editorial_team_abbr": "Mia"}, {"bye_weeks": {"week": "5"}}, {"uniform_number": "6"}, {"display_position": "QB"}, {"headshot": {"url": "https://s.yimg.com/iu/api/res/1.2/2E5r2FdowerYnf5AYzAgZw--~C/YXBwaWQ9eXNwb3J0cztjaD0yMzM2O2NyPTE7Y3c9MTc5MDtkeD04NTc7ZHk9MDtmaT11bGNyb3A7aD02MDtxPTEwMDt3PTQ2/https://s.yimg.com/xe/i/us/sp/v/nfl_cutout/players_l/20161007/7760.png", "size": "small"}, "image_url": "https://s.yimg.com/iu/api/res/1.2/2E5r2FdowerYnf5AYzAgZw--~C/YXBwaWQ9eXNwb3J0cztjaD0yMzM2O2NyPTE7Y3c9MTc5MDtkeD04NTc7ZHk9MDtmaT11bGNyb3A7aD02MDtxPTEwMDt3PTQ2/https://s.yimg.com/xe/i/us/sp/v/nfl_cutout/players_l/20161007/7760.png"}, {"is_undroppable": "0"}, {"position_type": "O"}, {"primary_position": "QB"}, {"eligible_positions": [{"position": "QB"}]}, [], [], []], {"selected_position": [{"coverage_type": "week", "week": "5"}, {"position": "BN"}]}]}, "9": {"player": [[{"player_key": "242.p.5521"}, {"player_id": "5521"}, {"name": {"full": "Steve Smith Sr.", "first": "Steve", "last": "Smith Sr.", "ascii_first": "Steve", "ascii_last": "Smith Sr."}}, {"editorial_player_key": "nfl.p.5521"}, {"editorial_team_key": "nfl.t.33"}, {"editorial_team_full_name": "Baltimore Ravens"}, {"editorial_team_abbr": "Bal"}, {"bye_weeks": {"week": "8"}}, {"uniform_number": "89"}, {"display_position": "WR"}, {"headshot": {"url": "https://s.yimg.com/iu/api/res/1.2/veMb7m8wlHPTqX4XuuygKA--~C/YXBwaWQ9eXNwb3J0cztjaD0yMzM2O2NyPTE7Y3c9MTc5MDtkeD04NTc7ZHk9MDtmaT11bGNyb3A7aD02MDtxPTEwMDt3PTQ2/https://s.yimg.com/xe/i/us/sp/v/nfl_cutout/players_l/20160906/5521.1.png", "size": "small"}, "image_url": "https://s.yimg.com/iu/api/res/1.2/veMb7m8wlHPTqX4XuuygKA--~C/YXBwaWQ9eXNwb3J0cztjaD0yMzM2O2NyPTE7Y3c9MTc5MDtkeD04NTc7ZHk9MDtmaT11bGNyb3A7aD02MDtxPTEwMDt3PTQ2/https://s.yimg.com/xe/i/us/sp/v/nfl_cutout/players_l/20160906/5521.1.png"}, {"is_undroppable": "0"}, {"position_type": "O"}, {"primary_position": "WR"}, {"eligible_positions": [{"position": "WR"}, {"position": "W/T"}, {"position": "W/R/T"}]}, [], [], []], {"selected_position": [{"coverage_type": "week", "week": "5"}, {"position": "BN"}]}]}, "10": {"player": [[{"player_key": "242.p.8561"}, {"player_id": "8561"}, {"name": {"full": "Pierre Thomas", "first": "Pierre", "last": "Thomas", "ascii_first": "Pierre", "ascii_last": "Thomas"}}, {"editorial_player_key": "nfl.p.8561"}, {"editorial_team_key": "nfl.t.28"}, {"editorial_team_full_name": "Washington Redskins"}, {"editorial_team_abbr": "Was"}, {"bye_weeks": {"week": "9"}}, {"uniform_number": "39"}, {"display_position": "RB"}, {"headshot": {"url": "https://s.yimg.com/iu/api/res/1.2/TcM85WhJ.fAOHWf2QKLjIw--~C/YXBwaWQ9eXNwb3J0cztjaD0yMDA7Y3I9MTtjdz0xNTM7ZHg9NzQ7ZHk9MDtmaT11bGNyb3A7aD02MDtxPTEwMDt3PTQ2/https://s.yimg.com/dh/ap/default/140828/silhouette@2x.png", "size": "small"}, "image_url": "https://s.yimg.com/iu/api/res/1.2/TcM85WhJ.fAOHWf2QKLjIw--~C/YXBwaWQ9eXNwb3J0cztjaD0yMDA7Y3I9MTtjdz0xNTM7ZHg9NzQ7ZHk9MDtmaT11bGNyb3A7aD02MDtxPTEwMDt3PTQ2/https://s.yimg.com/dh/ap/default/140828/silhouette@2x.png"}, {"is_undroppable": "0"}, {"position_type": "O"}, {"primary_position": "RB"}, {"eligible_positions": [{"position": "RB"}, {"position": "W/R/T"}]}, [], [], []], {"selected_position": [{"coverage_type": "week", "week": "5"}, {"position": "BN"}]}]}, "11": {"player": [[{"player_key": "242.p.6765"}, {"player_id": "6765"}, {"name": {"full": "Kellen Winslow", "first": "Kellen", "last": "Winslow", "ascii_first": "Kellen", "ascii_last": "Winslow"}}, {"editorial_player_key": "nfl.p.6765"}, {"editorial_team_key": "nfl.t.20"}, {"editorial_team_full_name": "New York Jets"}, {"editorial_team_abbr": "NYJ"}, {"bye_weeks": {"week": "7"}}, {"uniform_number": "81"}, {"display_position": "TE"}, {"headshot": {"url": "https://s.yimg.com/iu/api/res/1.2/TcM85WhJ.fAOHWf2QKLjIw--~C/YXBwaWQ9eXNwb3J0cztjaD0yMDA7Y3I9MTtjdz0xNTM7ZHg9NzQ7ZHk9MDtmaT11bGNyb3A7aD02MDtxPTEwMDt3PTQ2/https://s.yimg.com/dh/ap/default/140828/silhouette@2x.png", "size": "small"}, "image_url": "https://s.yimg.com/iu/api/res/1.2/TcM85WhJ.fAOHWf2QKLjIw--~C/YXBwaWQ9eXNwb3J0cztjaD0yMDA7Y3I9MTtjdz0xNTM7ZHg9NzQ7ZHk9MDtmaT11bGNyb3A7aD02MDtxPTEwMDt3PTQ2/https://s.yimg.com/dh/ap/default/140828/silhouette@2x.png"}, {"is_undroppable": "0"}, {"position_type": "O"}, {"primary_position": "W/T"}, {"eligible_positions": [{"position": "W/T"}, {"position": "W/R/T"}]}, [], [], []], {"selected_position": [{"coverage_type": "week", "week": "5"}, {"position": "BN"}]}]}, "12": {"player": [[{"player_key": "242.p.5388"}, {"player_id": "5388"}, {"name": {"full": "Rian Lindell", "first": "Rian", "last": "Lindell", "ascii_first": "Rian", "ascii_last": "Lindell"}}, {"editorial_player_key": "nfl.p.5388"}, {"editorial_team_key": "nfl.t.27"}, {"editorial_team_full_name": "Tampa Bay Buccaneers"}, {"editorial_team_abbr": "TB"}, {"bye_weeks": {"week": "4"}}, {"uniform_number": "4"}, {"display_position": "K"}, {"headshot": {"url": "https://s.yimg.com/iu/api/res/1.2/TcM85WhJ.fAOHWf2QKLjIw--~C/YXBwaWQ9eXNwb3J0cztjaD0yMDA7Y3I9MTtjdz0xNTM7ZHg9NzQ7ZHk9MDtmaT11bGNyb3A7aD02MDtxPTEwMDt3PTQ2/https://s.yimg.com/dh/ap/default/140828/silhouette@2x.png", "size": "small"}, "image_url": "https://s.yimg.com/iu/api/res/1.2/TcM85WhJ.fAOHWf2QKLjIw--~C/YXBwaWQ9eXNwb3J0cztjaD0yMDA7Y3I9MTtjdz0xNTM7ZHg9NzQ7ZHk9MDtmaT11bGNyb3A7aD02MDtxPTEwMDt3PTQ2/https://s.yimg.com/dh/ap/default/140828/silhouette@2x.png"}, {"is_undroppable": "0"}, {"position_type": "K"}, {"primary_position": "K"}, {"eligible_positions": [{"position": "K"}]}, [], [], []], {"selected_position": [{"coverage_type": "week", "week": "5"}, {"position": "K"}]}]}, "13": {"player": [[{"player_key": "242.p.9222"}, {"player_id": "9222"}, {"name": {"full": "Garrett Hartley", "first": "Garrett", "last": "Hartley", "ascii_first": "Garrett", "ascii_last": "Hartley"}}, {"editorial_player_key": "nfl.p.9222"}, {"editorial_team_key": "nfl.t.23"}, {"editorial_team_full_name": "Pittsburgh Steelers"}, {"editorial_team_abbr": "Pit"}, {"bye_weeks": {"week": "5"}}, {"uniform_number": "8"}, {"display_position": "K"}, {"headshot": {"url": "https://s.yimg.com/iu/api/res/1.2/TcM85WhJ.fAOHWf2QKLjIw--~C/YXBwaWQ9eXNwb3J0cztjaD0yMDA7Y3I9MTtjdz0xNTM7ZHg9NzQ7ZHk9MDtmaT11bGNyb3A7aD02MDtxPTEwMDt3PTQ2/https://s.yimg.com/dh/ap/default/140828/silhouette@2x.png", "size": "small"}, "image_url": "https://s.yimg.com/iu/api/res/1.2/TcM85WhJ.fAOHWf2QKLjIw--~C/YXBwaWQ9eXNwb3J0cztjaD0yMDA7Y3I9MTtjdz0xNTM7ZHg9NzQ7ZHk9MDtmaT11bGNyb3A7aD02MDtxPTEwMDt3PTQ2/https://s.yimg.com/dh/ap/default/140828/silhouette@2x.png"}, {"is_undroppable": "0"}, {"position_type": "K"}, {"primary_position": "K"}, {"eligible_positions": [{"position": "K"}]}, [], [], []], {"selected_position": [{"coverage_type": "week", "week": "5"}, {"position": "BN"}]}]}, "14": {"player": [[{"player_key": "242.p.100016"}, {"player_id": "100016"}, {"name": {"full": "Minnesota", "first": "Minnesota", "last": "", "ascii_first": "Minnesota", "ascii_last": ""}}, {"editorial_player_key": "nfl.p.100016"}, {"editorial_team_key": "nfl.t.16"}, {"editorial_team_full_name": "Minnesota Vikings"}, {"editorial_team_abbr": "Min"}, {"bye_weeks": {"week": "4"}}, {"uniform_number": false}, {"display_position": "DEF"}, {"headshot": {"url": "https://s.yimg.com/xe/ipt/50x50w.6.gif", "size": "small"}, "image_url": "https://s.yimg.com/xe/ipt/50x50w.6.gif"}, {"is_undroppable": "0"}, {"position_type": "DT"}, {"primary_position": "DEF"}, {"eligible_positions": [{"position": "DEF"}]}, [], [], []], {"selected_position": [{"coverage_type": "week", "week": "5"}, {"position": "DEF"}]}]}, "15": {"player": [[{"player_key": "242.p.7837"}, {"player_id": "7837"}, {"name": {"full": "James Anderson", "first": "James", "last": "Anderson", "ascii_first": "James", "ascii_last": "Anderson"}}, {"editorial_player_key": "nfl.p.7837"}, {"editorial_team_key": "nfl.t.18"}, {"editorial_team_full_name": "New Orleans Saints"}, {"editorial_team_abbr": "NO"}, {"bye_weeks": {"week": "10"}}, {"uniform_number": "42"}, {"display_position": "LB"}, {"headshot": {"url": "https://s.yimg.com/iu/api/res/1.2/TcM85WhJ.fAOHWf2QKLjIw--~C/YXBwaWQ9eXNwb3J0cztjaD0yMDA7Y3I9MTtjdz0xNTM7ZHg9NzQ7ZHk9MDtmaT11bGNyb3A7aD02MDtxPTEwMDt3PTQ2/https://s.yimg.com/dh/ap/default/140828/silhouette@2x.png", "size": "small"}, "image_url": "https://s.yimg.com/iu/api/res/1.2/TcM85WhJ.fAOHWf2QKLjIw--~C/YXBwaWQ9eXNwb3J0cztjaD0yMDA7Y3I9MTtjdz0xNTM7ZHg9NzQ7ZHk9MDtmaT11bGNyb3A7aD02MDtxPTEwMDt3PTQ2/https://s.yimg.com/dh/ap/default/140828/silhouette@2x.png"}, {"is_undroppable": "0"}, {"position_type": "DP"}, {"primary_position": "D"}, {"eligible_positions": [{"position": "D"}]}, [], [], []], {"selected_position": [{"coverage_type": "week", "week": "5"}, {"position": "D"}]}]}, "count": 16}}}}], "time": "322.54505157471ms", "copyright": "Data provided by Yahoo! and STATS, LLC", "refresh_rate": "60"}}