{"fantasy_content": {"xml:lang": "en-US", "yahoo:uri": "/fantasy/v2/team/242.l.155338.t.11/roster;week=6", "team": [[{"team_key": "242.l.155338.t.11"}, {"team_id": "11"}, {"name": "GreenBayFudgePackers"}, [], {"url": "https://football.fantasysports.yahoo.com/archive/nfl/2010/155338/11"}, {"team_logos": [{"team_logo": {"size": "large", "url": "https://s.yimg.com/cv/apiv2/default/nfl/nfl_4.png"}}]}, [], {"waiver_priority": 6}, [], {"number_of_moves": "38"}, {"number_of_trades": 0}, {"roster_adds": {"coverage_type": "week", "coverage_value": "17", "value": "0"}}, {"clinched_playoffs": 1}, {"league_scoring_type": "head"}, [], {"draft_position": 3}, {"has_draft_grade": 0}, [], [], {"managers": [{"manager": {"manager_id": "11", "nickname": "rfranke66", "guid": "2SAZDUD52ADT23A7VKSY5ENDGE", "image_url": "https://ct.yimg.com/cy/4553/24138783757_e4e135_64sq.jpg"}}]}], {"roster": {"coverage_type": "week", "week": "6", "is_editable": 0, "0": {"players": {"0": {"player": [[{"player_key": "242.p.6763"}, {"player_id": "6763"}, {"name": {"full": "Philip Rivers", "first": "Philip", "last": "Rivers", "ascii_first": "Philip", "ascii_last": "Rivers"}}, {"editorial_player_key": "nfl.p.6763"}, {"editorial_team_key": "nfl.t.24"}, {"editorial_team_full_name": "Los Angeles Chargers"}, {"editorial_team_abbr": "LAC"}, {"bye_weeks": {"week": "10"}}, {"uniform_number": "17"}, {"display_position": "QB"}, {"headshot": {"url": "https://s.yimg.com/iu/api/res/1.2/fQGY0PLEtX_vSitLALrD_w--~C/YXBwaWQ9eXNwb3J0cztjaD0yMzM2O2NyPTE7Y3c9MTc5MDtkeD04NTc7ZHk9MDtmaT11bGNyb3A7aD02MDtxPTEwMDt3PTQ2/https://s.yimg.com/xe/i/us/sp/v/nfl_cutout/players_l/08262018/6763.png", "size": "small"}, "image_url": "https://s.yimg.com/iu/api/res/1.2/fQGY0PLEtX_vSitLALrD_w--~C/YXBwaWQ9eXNwb3J0cztjaD0yMzM2O2NyPTE7Y3c9MTc5MDtkeD04NTc7ZHk9MDtmaT11bGNyb3A7aD02MDtxPTEwMDt3PTQ2/https://s.yimg.com/xe/i/us/sp/v/nfl_cutout/players_l/08262018/6763.png"}, {"is_undroppable": "0"}, {"position_type": "O"}, {"primary_position": "QB"}, {"eligible_positions": [{"position": "QB"}]}, [], [], []], {"selected_position": [{"coverage_type": "week", "week": "6"}, {"position": "QB"}]}]}, "1": {"player": [[{"player_key": "242.p.5463"}, {"player_id": "5463"}, {"name": {"full": "Santana Moss", "first": "Santana", "last": "Moss", "ascii_first": "Santana", "ascii_last": "Moss"}}, {"editorial_player_key": "nfl.p.5463"}, {"editorial_team_key": "nfl.t.28"}, {"editorial_team_full_name": "Washington Redskins"}, {"editorial_team_abbr": "Was"}, {"bye_weeks": {"week": "9"}}, {"uniform_number": "89"}, {"display_position": "WR"}, {"headshot": {"url": "https://s.yimg.com/iu/api/res/1.2/TcM85WhJ.fAOHWf2QKLjIw--~C/YXBwaWQ9eXNwb3J0cztjaD0yMDA7Y3I9MTtjdz0xNTM7ZHg9NzQ7ZHk9MDtmaT11bGNyb3A7aD02MDtxPTEwMDt3PTQ2/https://s.yimg.com/dh/ap/default/140828/silhouette@2x.png", "size": "small"}, "image_url": "https://s.yimg.com/iu/api/res/1.2/TcM85WhJ.fAOHWf2QKLjIw--~C/YXBwaWQ9eXNwb3J0cztjaD0yMDA7Y3I9MTtjdz0xNTM7ZHg9NzQ7ZHk9MDtmaT11bGNyb3A7aD02MDtxPTEwMDt3PTQ2/https://s.yimg.com/dh/ap/default/140828/silhouette@2x.png"}, {"is_undroppable": "0"}, {"position_type": "O"}, {"primary_position": "WR"}, {"eligible_positions": [{"position": "WR"}, {"position": "W/T"}, {"position": "W/R/T"}]}, [], [], []], {"selected_position": [{"coverage_type": "week", "week": "6"}, {"position": "WR"}]}]}, "2": {"player": [[{"player_key": "242.p.6809"}, {"player_id": "6809"}, {"name": {"full": "Devery Henderson", "first": "Devery", "last": "Henderson", "ascii_first": "Devery", "ascii_last": "Henderson"}}, {"editorial_player_key": "nfl.p.6809"}, {"editorial_team_key": "nfl.t.28"}, {"editorial_team_full_name": "Washington Redskins"}, {"editorial_team_abbr": "Was"}, {"bye_weeks": {"week": "9"}}, {"uniform_number": "87"}, {"display_position": "WR"}, {"headshot": {"url": "https://s.yimg.com/iu/api/res/1.2/TcM85WhJ.fAOHWf2QKLjIw--~C/YXBwaWQ9eXNwb3J0cztjaD0yMDA7Y3I9MTtjdz0xNTM7ZHg9NzQ7ZHk9MDtmaT11bGNyb3A7aD02MDtxPTEwMDt3PTQ2/https://s.yimg.com/dh/ap/default/140828/silhouette@2x.png", "size": "small"}, "image_url": "https://s.yimg.com/iu/api/res/1.2/TcM85WhJ.fAOHWf2QKLjIw--~C/YXBwaWQ9eXNwb3J0cztjaD0yMDA7Y3I9MTtjdz0xNTM7ZHg9NzQ7ZHk9MDtmaT11bGNyb3A7aD02MDtxPTEwMDt3PTQ2/https://s.yimg.com/dh/ap/default/140828/silhouette@2x.png"}, {"is_undroppable": "0"}, {"position_type": "O"}, {"primary_position": "WR"}, {"eligible_positions": [{"position": "WR"}, {"position": "W/T"}, {"position": "W/R/T"}]}, [], [], []], {"selected_position": [{"coverage_type": "week", "week": "6"}, {"position": "WR"}]}]}, "3": {"player": [[{"player_key": "242.p.8261"}, {"player_id": "8261"}, {"name": {"full": "Adrian Peterson", "first": "Adrian", "last": "Peterson", "ascii_first": "Adrian", "ascii_last": "Peterson"}}, {"injury_note": "ankle, shoulder, knee"}, {"editorial_player_key": "nfl.p.8261"}, {"editorial_team_key": "nfl.t.28"}, {"editorial_team_full_name": "Washington Redskins"}, {"editorial_team_abbr": "Was"}, {"bye_weeks": {"week": "9"}}, {"uniform_number": "26"}, {"display_position": "RB"}, {"headshot": {"url": "https://s.yimg.com/iu/api/res/1.2/dHdw6o_MTP.SFjE3XTiS5g--~C/YXBwaWQ9eXNwb3J0cztjaD0yMzM2O2NyPTE7Y3c9MTc5MDtkeD04NTc7ZHk9MDtmaT11bGNyb3A7aD02MDtxPTEwMDt3PTQ2/https://s.yimg.com/xe/i/us/sp/v/nfl_cutout/players_l/09082017/8261.png", "size": "small"}, "image_url": "https://s.yimg.com/iu/api/res/1.2/dHdw6o_MTP.SFjE3XTiS5g--~C/YXBwaWQ9eXNwb3J0cztjaD0yMzM2O2NyPTE7Y3c9MTc5MDtkeD04NTc7ZHk9MDtmaT11bGNyb3A7aD02MDtxPTEwMDt3PTQ2/https://s.yimg.com/xe/i/us/sp/v/nfl_cutout/players_l/09082017/8261.png"}, {"is_undroppable": "0"}, {"position_type": "O"}, {"primary_position": "RB"}, {"eligible_positions": [{"position": "RB"}, {"position": "W/R/T"}]}, [], [], []], {"selected_position": [{"coverage_type": "week", "week": "6"}, {"position": "RB"}]}]}, "4": {"player": [[{"player_key": "242.p.8905"}, {"player_id": "8905"}, {"name": {"full": "Ryan Torain", "first": "Ryan", "last": "Torain", "ascii_first": "Ryan", "ascii_last": "Torain"}}, {"editorial_player_key": "nfl.p.8905"}, {"editorial_team_key": "nfl.t.19"}, {"editorial_team_full_name": "New York Giants"}, {"editorial_team_abbr": "NYG"}, {"bye_weeks": {"week": "8"}}, {"uniform_number": "46"}, {"display_position": "RB"}, {"headshot": {"url": "https://s.yimg.com/iu/api/res/1.2/TcM85WhJ.fAOHWf2QKLjIw--~C/YXBwaWQ9eXNwb3J0cztjaD0yMDA7Y3I9MTtjdz0xNTM7ZHg9NzQ7ZHk9MDtmaT11bGNyb3A7aD02MDtxPTEwMDt3PTQ2/https://s.yimg.com/dh/ap/default/140828/silhouette@2x.png", "size": "small"}, "image_url": "https://s.yimg.com/iu/api/res/1.2/TcM85WhJ.fAOHWf2QKLjIw--~C/YXBwaWQ9eXNwb3J0cztjaD0yMDA7Y3I9MTtjdz0xNTM7ZHg9NzQ7ZHk9MDtmaT11bGNyb3A7aD02MDtxPTEwMDt3PTQ2/https://s.yimg.com/dh/ap/default/140828/silhouette@2x.png"}, {"is_undroppable": "0"}, {"position_type": "O"}, {"primary_position": "RB"}, {"eligible_positions": [{"position": "RB"}, {"position": "W/R/T"}]}, [], [], []], {"selected_position": [{"coverage_type": "week", "week": "6"}, {"position": "RB"}]}]}, "5": {"player": [[{"player_key": "242.p.6840"}, {"player_id": "6840"}, {"name": {"full": "Chris Cooley", "first": "Chris", "last": "Cooley", "ascii_first": "Chris", "ascii_last": "Cooley"}}, {"editorial_player_key": "nfl.p.6840"}, {"editorial_team_key": "nfl.t.28"}, {"editorial_team_full_name": "Washington Redskins"}, {"editorial_team_abbr": "Was"}, {"bye_weeks": {"week": "9"}}, {"uniform_number": "47"}, {"display_position": "TE"}, {"headshot": {"url": "https://s.yimg.com/iu/api/res/1.2/TcM85WhJ.fAOHWf2QKLjIw--~C/YXBwaWQ9eXNwb3J0cztjaD0yMDA7Y3I9MTtjdz0xNTM7ZHg9NzQ7ZHk9MDtmaT11bGNyb3A7aD02MDtxPTEwMDt3PTQ2/https://s.yimg.com/dh/ap/default/140828/silhouette@2x.png", "size": "small"}, "image_url": "https://s.yimg.com/iu/api/res/1.2/TcM85WhJ.fAOHWf2QKLjIw--~C/YXBwaWQ9eXNwb3J0cztjaD0yMDA7Y3I9MTtjdz0xNTM7ZHg9NzQ7ZHk9MDtmaT11bGNyb3A7aD02MDtxPTEwMDt3PTQ2/https://s.yimg.com/dh/ap/default/140828/silhouette@2x.png"}, {"is_undroppable": "0"}, {"position_type": "O"}, {"primary_position": "W/T"}, {"eligible_positions": [{"position": "W/T"}, {"position": "W/R/T"}]}, [], [], []], {"selected_position": [{"coverage_type": "week", "week": "6"}, {"position": "W/T"}]}]}, "6": {"player": [[{"player_key": "242.p.7544"}, {"player_id": "7544"}, {"name": {"full": "Lance Moore", "first": "Lance", "last": "Moore", "ascii_first": "Lance", "ascii_last": "Moore"}}, {"editorial_player_key": "nfl.p.7544"}, {"editorial_team_key": "nfl.t.18"}, {"editorial_team_full_name": "New Orleans Saints"}, {"editorial_team_abbr": "NO"}, {"bye_weeks": {"week": "10"}}, {"uniform_number": "16"}, {"display_position": "WR"}, {"headshot": {"url": "https://s.yimg.com/iu/api/res/1.2/TcM85WhJ.fAOHWf2QKLjIw--~C/YXBwaWQ9eXNwb3J0cztjaD0yMDA7Y3I9MTtjdz0xNTM7ZHg9NzQ7ZHk9MDtmaT11bGNyb3A7aD02MDtxPTEwMDt3PTQ2/https://s.yimg.com/dh/ap/default/140828/silhouette@2x.png", "size": "small"}, "image_url": "https://s.yimg.com/iu/api/res/1.2/TcM85WhJ.fAOHWf2QKLjIw--~C/YXBwaWQ9eXNwb3J0cztjaD0yMDA7Y3I9MTtjdz0xNTM7ZHg9NzQ7ZHk9MDtmaT11bGNyb3A7aD02MDtxPTEwMDt3PTQ2/https://s.yimg.com/dh/ap/default/140828/silhouette@2x.png"}, {"is_undroppable": "0"}, {"position_type": "O"}, {"primary_position": "WR"}, {"eligible_positions": [{"position": "WR"}, {"position": "W/T"}, {"position": "W/R/T"}]}, [], [], []], {"selected_position": [{"coverage_type": "week", "week": "6"}, {"position": "W/R/T"}]}]}, "7": {"player": [[{"player_key": "242.p.7180"}, {"player_id": "7180"}, {"name": {"full": "Cedric Benson", "first": "Cedric", "last": "Benson", "ascii_first": "Cedric", "ascii_last": "Benson"}}, {"editorial_player_key": "nfl.p.7180"}, {"editorial_team_key": "nfl.t.9"}, {"editorial_team_full_name": "Green Bay Packers"}, {"editorial_team_abbr": "GB"}, {"bye_weeks": {"week": "10"}}, {"uniform_number": "32"}, {"display_position": "RB"}, {"headshot": {"url": "https://s.yimg.com/iu/api/res/1.2/TcM85WhJ.fAOHWf2QKLjIw--~C/YXBwaWQ9eXNwb3J0cztjaD0yMDA7Y3I9MTtjdz0xNTM7ZHg9NzQ7ZHk9MDtmaT11bGNyb3A7aD02MDtxPTEwMDt3PTQ2/https://s.yimg.com/dh/ap/default/140828/silhouette@2x.png", "size": "small"}, "image_url": "https://s.yimg.com/iu/api/res/1.2/TcM85WhJ.fAOHWf2QKLjIw--~C/YXBwaWQ9eXNwb3J0cztjaD0yMDA7Y3I9MTtjdz0xNTM7ZHg9NzQ7ZHk9MDtmaT11bGNyb3A7aD02MDtxPTEwMDt3PTQ2/https://s.yimg.com/dh/ap/default/140828/silhouette@2x.png"}, {"is_undroppable": "0"}, {"position_type": "O"}, {"primary_position": "RB"}, {"eligible_positions": [{"position": "RB"}, {"position": "W/R/T"}]}, [], [], []], {"selected_position": [{"coverage_type": "week", "week": "6"}, {"position": "BN"}]}]}, "8": {"player": [[{"player_key": "242.p.8498"}, {"player_id": "8498"}, {"name": {"full": "Jason Snelling", "first": "Jason", "last": "Snelling", "ascii_first": "Jason", "ascii_last": "Snelling"}}, {"editorial_player_key": "nfl.p.8498"}, {"editorial_team_key": "nfl.t.1"}, {"editorial_team_full_name": "Atlanta Falcons"}, {"editorial_team_abbr": "Atl"}, {"bye_weeks": {"week": "8"}}, {"uniform_number": "44"}, {"display_position": "RB"}, {"headshot": {"url": "https://s.yimg.com/iu/api/res/1.2/TcM85WhJ.fAOHWf2QKLjIw--~C/YXBwaWQ9eXNwb3J0cztjaD0yMDA7Y3I9MTtjdz0xNTM7ZHg9NzQ7ZHk9MDtmaT11bGNyb3A7aD02MDtxPTEwMDt3PTQ2/https://s.yimg.com/dh/ap/default/140828/silhouette@2x.png", "size": "small"}, "image_url": "https://s.yimg.com/iu/api/res/1.2/TcM85WhJ.fAOHWf2QKLjIw--~C/YXBwaWQ9eXNwb3J0cztjaD0yMDA7Y3I9MTtjdz0xNTM7ZHg9NzQ7ZHk9MDtmaT11bGNyb3A7aD02MDtxPTEwMDt3PTQ2/https://s.yimg.com/dh/ap/default/140828/silhouette@2x.png"}, {"is_undroppable": "0"}, {"position_type": "O"}, {"primary_position": "RB"}, {"eligible_positions": [{"position": "RB"}, {"position": "W/R/T"}]}, [], [], []], {"selected_position": [{"coverage_type": "week", "week": "6"}, {"position": "BN"}]}]}, "9": {"player": [[{"player_key": "242.p.7181"}, {"player_id": "7181"}, {"name": {"full": "Carnell Williams", "first": "Carnell", "last": "Williams", "ascii_first": "Carnell", "ascii_last": "Williams"}}, {"editorial_player_key": "nfl.p.7181"}, {"editorial_team_key": "nfl.t.14"}, {"editorial_team_full_name": "Los Angeles Rams"}, {"editorial_team_abbr": "LAR"}, {"bye_weeks": {"week": "9"}}, {"uniform_number": "33"}, {"display_position": "RB"}, {"headshot": {"url": "https://s.yimg.com/iu/api/res/1.2/TcM85WhJ.fAOHWf2QKLjIw--~C/YXBwaWQ9eXNwb3J0cztjaD0yMDA7Y3I9MTtjdz0xNTM7ZHg9NzQ7ZHk9MDtmaT11bGNyb3A7aD02MDtxPTEwMDt3PTQ2/https://s.yimg.com/dh/ap/default/140828/silhouette@2x.png", "size": "small"}, "image_url": "https://s.yimg.com/iu/api/res/1.2/TcM85WhJ.fAOHWf2QKLjIw--~C/YXBwaWQ9eXNwb3J0cztjaD0yMDA7Y3I9MTtjdz0xNTM7ZHg9NzQ7ZHk9MDtmaT11bGNyb3A7aD02MDtxPTEwMDt3PTQ2/https://s.yimg.com/dh/ap/default/140828/silhouette@2x.png"}, {"is_undroppable": "0"}, {"position_type": "O"}, {"primary_position": "RB"}, {"eligible_positions": [{"position": "RB"}, {"position": "W/R/T"}]}, [], [], []], {"selected_position": [{"coverage_type": "week", "week": "6"}, {"position": "BN"}]}]}, "10": {"player": [[{"player_key": "242.p.6337"}, {"player_id": "6337"}, {"name": {"full": "Carson Palmer", "first": "Carson", "last": "Palmer", "ascii_first": "Carson", "ascii_last": "Palmer"}}, {"editorial_player_key": "nfl.p.6337"}, {"editorial_team_key": "nfl.t.22"}, {"editorial_team_full_name": "Arizona Cardinals"}, {"editorial_team_abbr": "Ari"}, {"bye_weeks": {"week": "6"}}, {"uniform_number": "3"}, {"display_position": "QB"}, {"headshot": {"url": "https://s.yimg.com/iu/api/res/1.2/TUH.x.k8iy0K25qhgweGeg--~C/YXBwaWQ9eXNwb3J0cztjaD0yMzM2O2NyPTE7Y3c9MTc5MDtkeD04NTc7ZHk9MDtmaT11bGNyb3A7aD02MDtxPTEwMDt3PTQ2/https://s.yimg.com/xe/i/us/sp/v/nfl_cutout/players_l/08222017/6337.png", "size": "small"}, "image_url": "https://s.yimg.com/iu/api/res/1.2/TUH.x.k8iy0K25qhgweGeg--~C/YXBwaWQ9eXNwb3J0cztjaD0yMzM2O2NyPTE7Y3c9MTc5MDtkeD04NTc7ZHk9MDtmaT11bGNyb3A7aD02MDtxPTEwMDt3PTQ2/https://s.yimg.com/xe/i/us/sp/v/nfl_cutout/players_l/08222017/6337.png"}, {"is_undroppable": "0"}, {"position_type": "O"}, {"primary_position": "QB"}, {"eligible_positions": [{"position": "QB"}]}, [], [], []], {"selected_position": [{"coverage_type": "week", "week": "6"}, {"position": "BN"}]}]}, "11": {"player": [[{"player_key": "242.p.3727"}, {"player_id": "3727"}, {"name": {"full": "Adam Vinatieri", "first": "Adam", "last": "Vinatieri", "ascii_first": "Adam", "ascii_last": "Vinatieri"}}, {"injury_note": "right groin"}, {"editorial_player_key": "nfl.p.3727"}, {"editorial_team_key": "nfl.t.11"}, {"editorial_team_full_name": "Indianapolis Colts"}, {"editorial_team_abbr": "Ind"}, {"bye_weeks": {"week": "7"}}, {"uniform_number": "4"}, {"display_position": "K"}, {"headshot": {"url": "https://s.yimg.com/iu/api/res/1.2/rNMOwsbN7SfA8peB1W4Olw--~C/YXBwaWQ9eXNwb3J0cztjaD0yMzM2O2NyPTE7Y3c9MTc5MDtkeD04NTc7ZHk9MDtmaT11bGNyb3A7aD02MDtxPTEwMDt3PTQ2/https://s.yimg.com/xe/i/us/sp/v/nfl_cutout/players_l/08282018/3727.png", "size": "small"}, "image_url": "https://s.yimg.com/iu/api/res/1.2/rNMOwsbN7SfA8peB1W4Olw--~C/YXBwaWQ9eXNwb3J0cztjaD0yMzM2O2NyPTE7Y3c9MTc5MDtkeD04NTc7ZHk9MDtmaT11bGNyb3A7aD02MDtxPTEwMDt3PTQ2/https://s.yimg.com/xe/i/us/sp/v/nfl_cutout/players_l/08282018/3727.png"}, {"is_undroppable": "0"}, {"position_type": "K"}, {"primary_position": "K"}, {"eligible_positions": [{"position": "K"}]}, [], [], []], {"selected_position": [{"coverage_type": "week", "week": "6"}, {"position": "K"}]}]}, "12": {"player": [[{"player_key": "242.p.100001"}, {"player_id": "100001"}, {"name": {"full": "Atlanta", "first": "Atlanta", "last": "", "ascii_first": "Atlanta", "ascii_last": ""}}, {"editorial_player_key": "nfl.p.100001"}, {"editorial_team_key": "nfl.t.1"}, {"editorial_team_full_name": "Atlanta Falcons"}, {"editorial_team_abbr": "Atl"}, {"bye_weeks": {"week": "8"}}, {"uniform_number": false}, {"display_position": "DEF"}, {"headshot": {"url": "https://s.yimg.com/lq/i/us/sp/v/nfl/teams/1/50x50w/atl_2.gif", "size": "small"}, "image_url": "https://s.yimg.com/lq/i/us/sp/v/nfl/teams/1/50x50w/atl_2.gif"}, {"is_undroppable": "0"}, {"position_type": "DT"}, {"primary_position": "DEF"}, {"eligible_positions": [{"position": "DEF"}]}, [], [], []], {"selected_position": [{"coverage_type": "week", "week": "6"}, {"position": "DEF"}]}]}, "13": {"player": [[{"player_key": "242.p.100004"}, {"player_id": "100004"}, {"name": {"full": "Cincinnati", "first": "Cincinnati", "last": "", "ascii_first": "Cincinnati", "ascii_last": ""}}, {"editorial_player_key": "nfl.p.100004"}, {"editorial_team_key": "nfl.t.4"}, {"editorial_team_full_name": "Cincinnati Bengals"}, {"editorial_team_abbr": "Cin"}, {"bye_weeks": {"week": "6"}}, {"uniform_number": false}, {"display_position": "DEF"}, {"headshot": {"url": "https://s.yimg.com/lq/i/us/sp/v/nfl/teams/1/50x50w/cin_2.gif", "size": "small"}, "image_url": "https://s.yimg.com/lq/i/us/sp/v/nfl/teams/1/50x50w/cin_2.gif"}, {"is_undroppable": "0"}, {"position_type": "DT"}, {"primary_position": "DEF"}, {"eligible_positions": [{"position": "DEF"}]}, [], [], []], {"selected_position": [{"coverage_type": "week", "week": "6"}, {"position": "BN"}]}]}, "14": {"player": [[{"player_key": "242.p.8260"}, {"player_id": "8260"}, {"name": {"full": "LaRon Landry", "first": "LaRon", "last": "Landry", "ascii_first": "LaRon", "ascii_last": "Landry"}}, {"editorial_player_key": "nfl.p.8260"}, {"editorial_team_key": "nfl.t.11"}, {"editorial_team_full_name": "Indianapolis Colts"}, {"editorial_team_abbr": "Ind"}, {"bye_weeks": {"week": "7"}}, {"uniform_number": "30"}, {"display_position": "S"}, {"headshot": {"url": "https://s.yimg.com/iu/api/res/1.2/TcM85WhJ.fAOHWf2QKLjIw--~C/YXBwaWQ9eXNwb3J0cztjaD0yMDA7Y3I9MTtjdz0xNTM7ZHg9NzQ7ZHk9MDtmaT11bGNyb3A7aD02MDtxPTEwMDt3PTQ2/https://s.yimg.com/dh/ap/default/140828/silhouette@2x.png", "size": "small"}, "image_url": "https://s.yimg.com/iu/api/res/1.2/TcM85WhJ.fAOHWf2QKLjIw--~C/YXBwaWQ9eXNwb3J0cztjaD0yMDA7Y3I9MTtjdz0xNTM7ZHg9NzQ7ZHk9MDtmaT11bGNyb3A7aD02MDtxPTEwMDt3PTQ2/https://s.yimg.com/dh/ap/default/140828/silhouette@2x.png"}, {"is_undroppable": "0"}, {"position_type": "DP"}, {"primary_position": "D"}, {"eligible_positions": [{"position": "D"}]}, [], [], []], {"selected_position": [{"coverage_type": "week", "week": "6"}, {"position": "D"}]}]}, "15": {"player": [[{"player_key": "242.p.8279"}, {"player_id": "8279"}, {"name": {"full": "Jon Beason", "first": "Jon", "last": "Beason", "ascii_first": "Jon", "ascii_last": "Beason"}}, {"editorial_player_key": "nfl.p.8279"}, {"editorial_team_key": "nfl.t.19"}, {"editorial_team_full_name": "New York Giants"}, {"editorial_team_abbr": "NYG"}, {"bye_weeks": {"week": "8"}}, {"uniform_number": "52"}, {"display_position": "LB"}, {"headshot": {"url": "https://s.yimg.com/iu/api/res/1.2/TcM85WhJ.fAOHWf2QKLjIw--~C/YXBwaWQ9eXNwb3J0cztjaD0yMDA7Y3I9MTtjdz0xNTM7ZHg9NzQ7ZHk9MDtmaT11bGNyb3A7aD02MDtxPTEwMDt3PTQ2/https://s.yimg.com/dh/ap/default/140828/silhouette@2x.png", "size": "small"}, "image_url": "https://s.yimg.com/iu/api/res/1.2/TcM85WhJ.fAOHWf2QKLjIw--~C/YXBwaWQ9eXNwb3J0cztjaD0yMDA7Y3I9MTtjdz0xNTM7ZHg9NzQ7ZHk9MDtmaT11bGNyb3A7aD02MDtxPTEwMDt3PTQ2/https://s.yimg.com/dh/ap/default/140828/silhouette@2x.png"}, {"is_undroppable": "0"}, {"position_type": "DP"}, {"primary_position": "D"}, {"eligible_positions": [{"position": "D"}]}, [], [], []], {"selected_position": [{"coverage_type": "week", "week": "6"}, {"position": "BN"}]}]}, "count": 16}}}}], "time": "1622.1749782562ms", "copyright": "Data provided by Yahoo! and STATS, LLC", "refresh_rate": "60"}}