{"fantasy_content": {"xml:lang": "en-US", "yahoo:uri": "/fantasy/v2/team/242.l.155338.t.6/roster;week=12", "team": [[{"team_key": "242.l.155338.t.6"}, {"team_id": "6"}, {"name": "The Dreadnaught"}, [], {"url": "https://football.fantasysports.yahoo.com/archive/nfl/2010/155338/6"}, {"team_logos": [{"team_logo": {"size": "large", "url": "https://s.yimg.com/cv/apiv2/default/nfl/nfl_4.png"}}]}, [], {"waiver_priority": 4}, [], {"number_of_moves": "18"}, {"number_of_trades": 0}, {"roster_adds": {"coverage_type": "week", "coverage_value": "17", "value": "0"}}, [], {"league_scoring_type": "head"}, [], {"draft_position": 9}, {"has_draft_grade": 0}, [], [], {"managers": [{"manager": {"manager_id": "8", "nickname": "Matt Franke", "guid": "YOJVXUMGOWX3SMD6OPVXQ5GTZA", "email": "afromannn20@aol.com", "image_url": "https://ct.yimg.com/cy/1768/39361574426_98028a_64sq.jpg"}}]}], {"roster": {"coverage_type": "week", "week": "12", "is_editable": 0, "0": {"players": {"0": {"player": [[{"player_key": "242.p.7200"}, {"player_id": "7200"}, {"name": {"full": "Aaron Rodgers", "first": "Aaron", "last": "Rodgers", "ascii_first": "Aaron", "ascii_last": "Rodgers"}}, {"editorial_player_key": "nfl.p.7200"}, {"editorial_team_key": "nfl.t.9"}, {"editorial_team_full_name": "Green Bay Packers"}, {"editorial_team_abbr": "GB"}, {"bye_weeks": {"week": "10"}}, {"uniform_number": "12"}, {"display_position": "QB"}, {"headshot": {"url": "https://s.yimg.com/iu/api/res/1.2/rCDdEt12tcRjYrk.vLii_g--~C/YXBwaWQ9eXNwb3J0cztjaD0yMzM2O2NyPTE7Y3c9MTc5MDtkeD04NTc7ZHk9MDtmaT11bGNyb3A7aD02MDtxPTEwMDt3PTQ2/https://s.yimg.com/xe/i/us/sp/v/nfl_cutout/players_l/08212018/7200.png", "size": "small"}, "image_url": "https://s.yimg.com/iu/api/res/1.2/rCDdEt12tcRjYrk.vLii_g--~C/YXBwaWQ9eXNwb3J0cztjaD0yMzM2O2NyPTE7Y3c9MTc5MDtkeD04NTc7ZHk9MDtmaT11bGNyb3A7aD02MDtxPTEwMDt3PTQ2/https://s.yimg.com/xe/i/us/sp/v/nfl_cutout/players_l/08212018/7200.png"}, {"is_undroppable": "0"}, {"position_type": "O"}, {"primary_position": "QB"}, {"eligible_positions": [{"position": "QB"}]}, [], [], []], {"selected_position": [{"coverage_type": "week", "week": "12"}, {"position": "QB"}]}]}, "1": {"player": [[{"player_key": "242.p.8021"}, {"player_id": "8021"}, {"name": {"full": "Miles Austin", "first": "Miles", "last": "Austin", "ascii_first": "Miles", "ascii_last": "Austin"}}, {"editorial_player_key": "nfl.p.8021"}, {"editorial_team_key": "nfl.t.21"}, {"editorial_team_full_name": "Philadelphia Eagles"}, {"editorial_team_abbr": "Phi"}, {"bye_weeks": {"week": "8"}}, {"uniform_number": "19"}, {"display_position": "WR"}, {"headshot": {"url": "https://s.yimg.com/iu/api/res/1.2/TcM85WhJ.fAOHWf2QKLjIw--~C/YXBwaWQ9eXNwb3J0cztjaD0yMDA7Y3I9MTtjdz0xNTM7ZHg9NzQ7ZHk9MDtmaT11bGNyb3A7aD02MDtxPTEwMDt3PTQ2/https://s.yimg.com/dh/ap/default/140828/silhouette@2x.png", "size": "small"}, "image_url": "https://s.yimg.com/iu/api/res/1.2/TcM85WhJ.fAOHWf2QKLjIw--~C/YXBwaWQ9eXNwb3J0cztjaD0yMDA7Y3I9MTtjdz0xNTM7ZHg9NzQ7ZHk9MDtmaT11bGNyb3A7aD02MDtxPTEwMDt3PTQ2/https://s.yimg.com/dh/ap/default/140828/silhouette@2x.png"}, {"is_undroppable": "0"}, {"position_type": "O"}, {"primary_position": "WR"}, {"eligible_positions": [{"position": "WR"}, {"position": "W/T"}, {"position": "W/R/T"}]}, [], [], []], {"selected_position": [{"coverage_type": "week", "week": "12"}, {"position": "WR"}]}]}, "2": {"player": [[{"player_key": "242.p.7237"}, {"player_id": "7237"}, {"name": {"full": "Vincent Jackson", "first": "Vincent", "last": "Jackson", "ascii_first": "Vincent", "ascii_last": "Jackson"}}, {"editorial_player_key": "nfl.p.7237"}, {"editorial_team_key": "nfl.t.27"}, {"editorial_team_full_name": "Tampa Bay Buccaneers"}, {"editorial_team_abbr": "TB"}, {"bye_weeks": {"week": "4"}}, {"uniform_number": "83"}, {"display_position": "WR"}, {"headshot": {"url": "https://s.yimg.com/iu/api/res/1.2/IiVdVOivNDg26Ke4KAcebQ--~C/YXBwaWQ9eXNwb3J0cztjaD0yMzM2O2NyPTE7Y3c9MTc5MDtkeD04NTc7ZHk9MDtmaT11bGNyb3A7aD02MDtxPTEwMDt3PTQ2/https://s.yimg.com/xe/i/us/sp/v/nfl_cutout/players_l/20160906/7237.png", "size": "small"}, "image_url": "https://s.yimg.com/iu/api/res/1.2/IiVdVOivNDg26Ke4KAcebQ--~C/YXBwaWQ9eXNwb3J0cztjaD0yMzM2O2NyPTE7Y3c9MTc5MDtkeD04NTc7ZHk9MDtmaT11bGNyb3A7aD02MDtxPTEwMDt3PTQ2/https://s.yimg.com/xe/i/us/sp/v/nfl_cutout/players_l/20160906/7237.png"}, {"is_undroppable": "0"}, {"position_type": "O"}, {"primary_position": "WR"}, {"eligible_positions": [{"position": "WR"}, {"position": "W/T"}, {"position": "W/R/T"}]}, [], [], []], {"selected_position": [{"coverage_type": "week", "week": "12"}, {"position": "WR"}]}]}, "3": {"player": [[{"player_key": "242.p.5452"}, {"player_id": "5452"}, {"name": {"full": "LaDainian Tomlinson", "first": "LaDainian", "last": "Tomlinson", "ascii_first": "LaDainian", "ascii_last": "Tomlinson"}}, {"editorial_player_key": "nfl.p.5452"}, {"editorial_team_key": "nfl.t.24"}, {"editorial_team_full_name": "Los Angeles Chargers"}, {"editorial_team_abbr": "LAC"}, {"bye_weeks": {"week": "10"}}, {"uniform_number": "21"}, {"display_position": "RB"}, {"headshot": {"url": "https://s.yimg.com/iu/api/res/1.2/TcM85WhJ.fAOHWf2QKLjIw--~C/YXBwaWQ9eXNwb3J0cztjaD0yMDA7Y3I9MTtjdz0xNTM7ZHg9NzQ7ZHk9MDtmaT11bGNyb3A7aD02MDtxPTEwMDt3PTQ2/https://s.yimg.com/dh/ap/default/140828/silhouette@2x.png", "size": "small"}, "image_url": "https://s.yimg.com/iu/api/res/1.2/TcM85WhJ.fAOHWf2QKLjIw--~C/YXBwaWQ9eXNwb3J0cztjaD0yMDA7Y3I9MTtjdz0xNTM7ZHg9NzQ7ZHk9MDtmaT11bGNyb3A7aD02MDtxPTEwMDt3PTQ2/https://s.yimg.com/dh/ap/default/140828/silhouette@2x.png"}, {"is_undroppable": "0"}, {"position_type": "O"}, {"primary_position": "RB"}, {"eligible_positions": [{"position": "RB"}, {"position": "W/R/T"}]}, [], [], []], {"selected_position": [{"coverage_type": "week", "week": "12"}, {"position": "RB"}]}]}, "4": {"player": [[{"player_key": "242.p.8317"}, {"player_id": "8317"}, {"name": {"full": "Brandon Jackson", "first": "Brandon", "last": "Jackson", "ascii_first": "Brandon", "ascii_last": "Jackson"}}, {"editorial_player_key": "nfl.p.8317"}, {"editorial_team_key": "nfl.t.5"}, {"editorial_team_full_name": "Cleveland Browns"}, {"editorial_team_abbr": "Cle"}, {"bye_weeks": {"week": "8"}}, {"uniform_number": "27"}, {"display_position": "RB"}, {"headshot": {"url": "https://s.yimg.com/iu/api/res/1.2/TcM85WhJ.fAOHWf2QKLjIw--~C/YXBwaWQ9eXNwb3J0cztjaD0yMDA7Y3I9MTtjdz0xNTM7ZHg9NzQ7ZHk9MDtmaT11bGNyb3A7aD02MDtxPTEwMDt3PTQ2/https://s.yimg.com/dh/ap/default/140828/silhouette@2x.png", "size": "small"}, "image_url": "https://s.yimg.com/iu/api/res/1.2/TcM85WhJ.fAOHWf2QKLjIw--~C/YXBwaWQ9eXNwb3J0cztjaD0yMDA7Y3I9MTtjdz0xNTM7ZHg9NzQ7ZHk9MDtmaT11bGNyb3A7aD02MDtxPTEwMDt3PTQ2/https://s.yimg.com/dh/ap/default/140828/silhouette@2x.png"}, {"is_undroppable": "0"}, {"position_type": "O"}, {"primary_position": "RB"}, {"eligible_positions": [{"position": "RB"}, {"position": "W/R/T"}]}, [], [], []], {"selected_position": [{"coverage_type": "week", "week": "12"}, {"position": "RB"}]}]}, "5": {"player": [[{"player_key": "242.p.4863"}, {"player_id": "4863"}, {"name": {"full": "Donald Driver", "first": "Donald", "last": "Driver", "ascii_first": "Donald", "ascii_last": "Driver"}}, {"editorial_player_key": "nfl.p.4863"}, {"editorial_team_key": "nfl.t.9"}, {"editorial_team_full_name": "Green Bay Packers"}, {"editorial_team_abbr": "GB"}, {"bye_weeks": {"week": "10"}}, {"uniform_number": "80"}, {"display_position": "WR"}, {"headshot": {"url": "https://s.yimg.com/iu/api/res/1.2/TcM85WhJ.fAOHWf2QKLjIw--~C/YXBwaWQ9eXNwb3J0cztjaD0yMDA7Y3I9MTtjdz0xNTM7ZHg9NzQ7ZHk9MDtmaT11bGNyb3A7aD02MDtxPTEwMDt3PTQ2/https://s.yimg.com/dh/ap/default/140828/silhouette@2x.png", "size": "small"}, "image_url": "https://s.yimg.com/iu/api/res/1.2/TcM85WhJ.fAOHWf2QKLjIw--~C/YXBwaWQ9eXNwb3J0cztjaD0yMDA7Y3I9MTtjdz0xNTM7ZHg9NzQ7ZHk9MDtmaT11bGNyb3A7aD02MDtxPTEwMDt3PTQ2/https://s.yimg.com/dh/ap/default/140828/silhouette@2x.png"}, {"is_undroppable": "0"}, {"position_type": "O"}, {"primary_position": "WR"}, {"eligible_positions": [{"position": "WR"}, {"position": "W/T"}, {"position": "W/R/T"}]}, [], [], []], {"selected_position": [{"coverage_type": "week", "week": "12"}, {"position": "W/T"}]}]}, "6": {"player": [[{"player_key": "242.p.7831"}, {"player_id": "7831"}, {"name": {"full": "Derek Hagan", "first": "Derek", "last": "Hagan", "ascii_first": "Derek", "ascii_last": "Hagan"}}, {"editorial_player_key": "nfl.p.7831"}, {"editorial_team_key": "nfl.t.10"}, {"editorial_team_full_name": "Tennessee Titans"}, {"editorial_team_abbr": "Ten"}, {"bye_weeks": {"week": "9"}}, {"uniform_number": "80"}, {"display_position": "WR"}, {"headshot": {"url": "https://s.yimg.com/iu/api/res/1.2/TcM85WhJ.fAOHWf2QKLjIw--~C/YXBwaWQ9eXNwb3J0cztjaD0yMDA7Y3I9MTtjdz0xNTM7ZHg9NzQ7ZHk9MDtmaT11bGNyb3A7aD02MDtxPTEwMDt3PTQ2/https://s.yimg.com/dh/ap/default/140828/silhouette@2x.png", "size": "small"}, "image_url": "https://s.yimg.com/iu/api/res/1.2/TcM85WhJ.fAOHWf2QKLjIw--~C/YXBwaWQ9eXNwb3J0cztjaD0yMDA7Y3I9MTtjdz0xNTM7ZHg9NzQ7ZHk9MDtmaT11bGNyb3A7aD02MDtxPTEwMDt3PTQ2/https://s.yimg.com/dh/ap/default/140828/silhouette@2x.png"}, {"is_undroppable": "0"}, {"position_type": "O"}, {"primary_position": "WR"}, {"eligible_positions": [{"position": "WR"}, {"position": "W/T"}, {"position": "W/R/T"}]}, [], [], []], {"selected_position": [{"coverage_type": "week", "week": "12"}, {"position": "W/R/T"}]}]}, "7": {"player": [[{"player_key": "242.p.8982"}, {"player_id": "8982"}, {"name": {"full": "Pierre Garcon", "first": "Pierre", "last": "Garcon", "ascii_first": "Pierre", "ascii_last": "Garcon"}}, {"editorial_player_key": "nfl.p.8982"}, {"editorial_team_key": "nfl.t.25"}, {"editorial_team_full_name": "San Francisco 49ers"}, {"editorial_team_abbr": "SF"}, {"bye_weeks": {"week": "9"}}, {"uniform_number": "15"}, {"display_position": "WR"}, {"headshot": {"url": "https://s.yimg.com/iu/api/res/1.2/uwPicn3QIHrADe9Xfj6IfA--~C/YXBwaWQ9eXNwb3J0cztjaD0yMzM2O2NyPTE7Y3c9MTc5MDtkeD04NTc7ZHk9MDtmaT11bGNyb3A7aD02MDtxPTEwMDt3PTQ2/https://s.yimg.com/xe/i/us/sp/v/nfl_cutout/players_l/08202018/8982.png", "size": "small"}, "image_url": "https://s.yimg.com/iu/api/res/1.2/uwPicn3QIHrADe9Xfj6IfA--~C/YXBwaWQ9eXNwb3J0cztjaD0yMzM2O2NyPTE7Y3c9MTc5MDtkeD04NTc7ZHk9MDtmaT11bGNyb3A7aD02MDtxPTEwMDt3PTQ2/https://s.yimg.com/xe/i/us/sp/v/nfl_cutout/players_l/08202018/8982.png"}, {"is_undroppable": "0"}, {"position_type": "O"}, {"primary_position": "WR"}, {"eligible_positions": [{"position": "WR"}, {"position": "W/T"}, {"position": "W/R/T"}]}, [], [], []], {"selected_position": [{"coverage_type": "week", "week": "12"}, {"position": "BN"}]}]}, "8": {"player": [[{"player_key": "242.p.9371"}, {"player_id": "9371"}, {"name": {"full": "Mike Thomas", "first": "Mike", "last": "Thomas", "ascii_first": "Mike", "ascii_last": "Thomas"}}, {"editorial_player_key": "nfl.p.9371"}, {"editorial_team_key": "nfl.t.34"}, {"editorial_team_full_name": "Houston Texans"}, {"editorial_team_abbr": "Hou"}, {"bye_weeks": {"week": "7"}}, {"uniform_number": "89"}, {"display_position": "WR"}, {"headshot": {"url": "https://s.yimg.com/iu/api/res/1.2/TcM85WhJ.fAOHWf2QKLjIw--~C/YXBwaWQ9eXNwb3J0cztjaD0yMDA7Y3I9MTtjdz0xNTM7ZHg9NzQ7ZHk9MDtmaT11bGNyb3A7aD02MDtxPTEwMDt3PTQ2/https://s.yimg.com/dh/ap/default/140828/silhouette@2x.png", "size": "small"}, "image_url": "https://s.yimg.com/iu/api/res/1.2/TcM85WhJ.fAOHWf2QKLjIw--~C/YXBwaWQ9eXNwb3J0cztjaD0yMDA7Y3I9MTtjdz0xNTM7ZHg9NzQ7ZHk9MDtmaT11bGNyb3A7aD02MDtxPTEwMDt3PTQ2/https://s.yimg.com/dh/ap/default/140828/silhouette@2x.png"}, {"is_undroppable": "0"}, {"position_type": "O"}, {"primary_position": "WR"}, {"eligible_positions": [{"position": "WR"}, {"position": "W/T"}, {"position": "W/R/T"}]}, [], [], []], {"selected_position": [{"coverage_type": "week", "week": "12"}, {"position": "BN"}]}]}, "9": {"player": [[{"player_key": "242.p.7178"}, {"player_id": "7178"}, {"name": {"full": "Ronnie Brown", "first": "Ronnie", "last": "Brown", "ascii_first": "Ronnie", "ascii_last": "Brown"}}, {"editorial_player_key": "nfl.p.7178"}, {"editorial_team_key": "nfl.t.24"}, {"editorial_team_full_name": "Los Angeles Chargers"}, {"editorial_team_abbr": "LAC"}, {"bye_weeks": {"week": "10"}}, {"uniform_number": "30"}, {"display_position": "RB"}, {"headshot": {"url": "https://s.yimg.com/iu/api/res/1.2/TcM85WhJ.fAOHWf2QKLjIw--~C/YXBwaWQ9eXNwb3J0cztjaD0yMDA7Y3I9MTtjdz0xNTM7ZHg9NzQ7ZHk9MDtmaT11bGNyb3A7aD02MDtxPTEwMDt3PTQ2/https://s.yimg.com/dh/ap/default/140828/silhouette@2x.png", "size": "small"}, "image_url": "https://s.yimg.com/iu/api/res/1.2/TcM85WhJ.fAOHWf2QKLjIw--~C/YXBwaWQ9eXNwb3J0cztjaD0yMDA7Y3I9MTtjdz0xNTM7ZHg9NzQ7ZHk9MDtmaT11bGNyb3A7aD02MDtxPTEwMDt3PTQ2/https://s.yimg.com/dh/ap/default/140828/silhouette@2x.png"}, {"is_undroppable": "0"}, {"position_type": "O"}, {"primary_position": "RB"}, {"eligible_positions": [{"position": "RB"}, {"position": "W/R/T"}]}, [], [], []], {"selected_position": [{"coverage_type": "week", "week": "12"}, {"position": "BN"}]}]}, "10": {"player": [[{"player_key": "242.p.9269"}, {"player_id": "9269"}, {"name": {"full": "Mark Sanchez", "first": "Mark", "last": "Sanchez", "ascii_first": "Mark", "ascii_last": "Sanchez"}}, {"editorial_player_key": "nfl.p.9269"}, {"editorial_team_key": "nfl.t.28"}, {"editorial_team_full_name": "Washington Redskins"}, {"editorial_team_abbr": "Was"}, {"bye_weeks": {"week": "9"}}, {"uniform_number": "6"}, {"display_position": "QB"}, {"headshot": {"url": "https://s.yimg.com/iu/api/res/1.2/1Vk9K1Ouds1axL.FVVvY1g--~C/YXBwaWQ9eXNwb3J0cztjaD0yMzM2O2NyPTE7Y3c9MTc5MDtkeD04NTc7ZHk9MDtmaT11bGNyb3A7aD02MDtxPTEwMDt3PTQ2/https://s.yimg.com/xe/i/us/sp/v/nfl_cutout/players_l/09012017/9269.png", "size": "small"}, "image_url": "https://s.yimg.com/iu/api/res/1.2/1Vk9K1Ouds1axL.FVVvY1g--~C/YXBwaWQ9eXNwb3J0cztjaD0yMzM2O2NyPTE7Y3c9MTc5MDtkeD04NTc7ZHk9MDtmaT11bGNyb3A7aD02MDtxPTEwMDt3PTQ2/https://s.yimg.com/xe/i/us/sp/v/nfl_cutout/players_l/09012017/9269.png"}, {"is_undroppable": "0"}, {"position_type": "O"}, {"primary_position": "QB"}, {"eligible_positions": [{"position": "QB"}]}, [], [], []], {"selected_position": [{"coverage_type": "week", "week": "12"}, {"position": "BN"}]}]}, "11": {"player": [[{"player_key": "242.p.8807"}, {"player_id": "8807"}, {"name": {"full": "Dustin Keller", "first": "Dustin", "last": "Keller", "ascii_first": "Dustin", "ascii_last": "Keller"}}, {"editorial_player_key": "nfl.p.8807"}, {"editorial_team_key": "nfl.t.15"}, {"editorial_team_full_name": "Miami Dolphins"}, {"editorial_team_abbr": "Mia"}, {"bye_weeks": {"week": "5"}}, {"uniform_number": "81"}, {"display_position": "TE"}, {"headshot": {"url": "https://s.yimg.com/iu/api/res/1.2/TcM85WhJ.fAOHWf2QKLjIw--~C/YXBwaWQ9eXNwb3J0cztjaD0yMDA7Y3I9MTtjdz0xNTM7ZHg9NzQ7ZHk9MDtmaT11bGNyb3A7aD02MDtxPTEwMDt3PTQ2/https://s.yimg.com/dh/ap/default/140828/silhouette@2x.png", "size": "small"}, "image_url": "https://s.yimg.com/iu/api/res/1.2/TcM85WhJ.fAOHWf2QKLjIw--~C/YXBwaWQ9eXNwb3J0cztjaD0yMDA7Y3I9MTtjdz0xNTM7ZHg9NzQ7ZHk9MDtmaT11bGNyb3A7aD02MDtxPTEwMDt3PTQ2/https://s.yimg.com/dh/ap/default/140828/silhouette@2x.png"}, {"is_undroppable": "0"}, {"position_type": "O"}, {"primary_position": "W/T"}, {"eligible_positions": [{"position": "W/T"}, {"position": "W/R/T"}]}, [], [], []], {"selected_position": [{"coverage_type": "week", "week": "12"}, {"position": "BN"}]}]}, "12": {"player": [[{"player_key": "242.p.9391"}, {"player_id": "9391"}, {"name": {"full": "Austin Collie", "first": "Austin", "last": "Collie", "ascii_first": "Austin", "ascii_last": "Collie"}}, {"editorial_player_key": "nfl.p.9391"}, {"editorial_team_key": "nfl.t.17"}, {"editorial_team_full_name": "New England Patriots"}, {"editorial_team_abbr": "NE"}, {"bye_weeks": {"week": "5"}}, {"uniform_number": "10"}, {"display_position": "WR"}, {"headshot": {"url": "https://s.yimg.com/iu/api/res/1.2/TcM85WhJ.fAOHWf2QKLjIw--~C/YXBwaWQ9eXNwb3J0cztjaD0yMDA7Y3I9MTtjdz0xNTM7ZHg9NzQ7ZHk9MDtmaT11bGNyb3A7aD02MDtxPTEwMDt3PTQ2/https://s.yimg.com/dh/ap/default/140828/silhouette@2x.png", "size": "small"}, "image_url": "https://s.yimg.com/iu/api/res/1.2/TcM85WhJ.fAOHWf2QKLjIw--~C/YXBwaWQ9eXNwb3J0cztjaD0yMDA7Y3I9MTtjdz0xNTM7ZHg9NzQ7ZHk9MDtmaT11bGNyb3A7aD02MDtxPTEwMDt3PTQ2/https://s.yimg.com/dh/ap/default/140828/silhouette@2x.png"}, {"is_undroppable": "0"}, {"position_type": "O"}, {"primary_position": "WR"}, {"eligible_positions": [{"position": "WR"}, {"position": "W/T"}, {"position": "W/R/T"}]}, [], [], []], {"selected_position": [{"coverage_type": "week", "week": "12"}, {"position": "BN"}]}]}, "13": {"player": [[{"player_key": "242.p.5198"}, {"player_id": "5198"}, {"name": {"full": "Neil Rackers", "first": "Neil", "last": "Rackers", "ascii_first": "Neil", "ascii_last": "Rackers"}}, {"editorial_player_key": "nfl.p.5198"}, {"editorial_team_key": "nfl.t.28"}, {"editorial_team_full_name": "Washington Redskins"}, {"editorial_team_abbr": "Was"}, {"bye_weeks": {"week": "9"}}, {"uniform_number": "1"}, {"display_position": "K"}, {"headshot": {"url": "https://s.yimg.com/iu/api/res/1.2/TcM85WhJ.fAOHWf2QKLjIw--~C/YXBwaWQ9eXNwb3J0cztjaD0yMDA7Y3I9MTtjdz0xNTM7ZHg9NzQ7ZHk9MDtmaT11bGNyb3A7aD02MDtxPTEwMDt3PTQ2/https://s.yimg.com/dh/ap/default/140828/silhouette@2x.png", "size": "small"}, "image_url": "https://s.yimg.com/iu/api/res/1.2/TcM85WhJ.fAOHWf2QKLjIw--~C/YXBwaWQ9eXNwb3J0cztjaD0yMDA7Y3I9MTtjdz0xNTM7ZHg9NzQ7ZHk9MDtmaT11bGNyb3A7aD02MDtxPTEwMDt3PTQ2/https://s.yimg.com/dh/ap/default/140828/silhouette@2x.png"}, {"is_undroppable": "0"}, {"position_type": "K"}, {"primary_position": "K"}, {"eligible_positions": [{"position": "K"}]}, [], [], []], {"selected_position": [{"coverage_type": "week", "week": "12"}, {"position": "K"}]}]}, "14": {"player": [[{"player_key": "242.p.100009"}, {"player_id": "100009"}, {"name": {"full": "Green Bay", "first": "Green Bay", "last": "", "ascii_first": "Green Bay", "ascii_last": ""}}, {"editorial_player_key": "nfl.p.100009"}, {"editorial_team_key": "nfl.t.9"}, {"editorial_team_full_name": "Green Bay Packers"}, {"editorial_team_abbr": "GB"}, {"bye_weeks": {"week": "10"}}, {"uniform_number": false}, {"display_position": "DEF"}, {"headshot": {"url": "https://s.yimg.com/lq/i/us/sp/v/nfl/teams/1/50x50w/gnb.gif", "size": "small"}, "image_url": "https://s.yimg.com/lq/i/us/sp/v/nfl/teams/1/50x50w/gnb.gif"}, {"is_undroppable": "0"}, {"position_type": "DT"}, {"primary_position": "DEF"}, {"eligible_positions": [{"position": "DEF"}]}, [], [], []], {"selected_position": [{"coverage_type": "week", "week": "12"}, {"position": "DEF"}]}]}, "15": {"player": [[{"player_key": "242.p.4271"}, {"player_id": "4271"}, {"name": {"full": "Charles Woodson", "first": "Charles", "last": "Woodson", "ascii_first": "Charles", "ascii_last": "Woodson"}}, {"editorial_player_key": "nfl.p.4271"}, {"editorial_team_key": "nfl.t.13"}, {"editorial_team_full_name": "Oakland Raiders"}, {"editorial_team_abbr": "Oak"}, {"bye_weeks": {"week": "10"}}, {"uniform_number": "24"}, {"display_position": "CB"}, {"headshot": {"url": "https://s.yimg.com/iu/api/res/1.2/TcM85WhJ.fAOHWf2QKLjIw--~C/YXBwaWQ9eXNwb3J0cztjaD0yMDA7Y3I9MTtjdz0xNTM7ZHg9NzQ7ZHk9MDtmaT11bGNyb3A7aD02MDtxPTEwMDt3PTQ2/https://s.yimg.com/dh/ap/default/140828/silhouette@2x.png", "size": "small"}, "image_url": "https://s.yimg.com/iu/api/res/1.2/TcM85WhJ.fAOHWf2QKLjIw--~C/YXBwaWQ9eXNwb3J0cztjaD0yMDA7Y3I9MTtjdz0xNTM7ZHg9NzQ7ZHk9MDtmaT11bGNyb3A7aD02MDtxPTEwMDt3PTQ2/https://s.yimg.com/dh/ap/default/140828/silhouette@2x.png"}, {"is_undroppable": "0"}, {"position_type": "DP"}, {"primary_position": "D"}, {"eligible_positions": [{"position": "D"}]}, [], [], []], {"selected_position": [{"coverage_type": "week", "week": "12"}, {"position": "D"}]}]}, "count": 16}}}}], "time": "234.93790626526ms", "copyright": "Data provided by Yahoo! and STATS, LLC", "refresh_rate": "60"}}