{"fantasy_content": {"xml:lang": "en-US", "yahoo:uri": "/fantasy/v2/team/242.l.155338.t.3/roster;week=11", "team": [[{"team_key": "242.l.155338.t.3"}, {"team_id": "3"}, {"name": "Red Raiders"}, [], {"url": "https://football.fantasysports.yahoo.com/archive/nfl/2010/155338/3"}, {"team_logos": [{"team_logo": {"size": "large", "url": "https://s.yimg.com/cv/apiv2/default/nfl/nfl_6.png"}}]}, [], {"waiver_priority": 9}, [], {"number_of_moves": "5"}, {"number_of_trades": "3"}, {"roster_adds": {"coverage_type": "week", "coverage_value": "17", "value": "0"}}, {"clinched_playoffs": 1}, {"league_scoring_type": "head"}, [], {"draft_position": 12}, {"has_draft_grade": 0}, [], [], {"managers": [{"manager": {"manager_id": "6", "nickname": "matt", "guid": "GLA4WKB7ZZIFXVWLCOKIJGNAVE", "email": "greatride35@yahoo.com", "image_url": "https://ct.yimg.com/cy/4583/23785939937_58c45f_64sq.jpg"}}]}], {"roster": {"coverage_type": "week", "week": "11", "is_editable": 0, "0": {"players": {"0": {"player": [[{"player_key": "242.p.8795"}, {"player_id": "8795"}, {"name": {"full": "Joe Flacco", "first": "Joe", "last": "Flacco", "ascii_first": "Joe", "ascii_last": "Flacco"}}, {"injury_note": "right hip"}, {"editorial_player_key": "nfl.p.8795"}, {"editorial_team_key": "nfl.t.7"}, {"editorial_team_full_name": "Denver Broncos"}, {"editorial_team_abbr": "Den"}, {"bye_weeks": {"week": "9"}}, {"uniform_number": "5"}, {"display_position": "QB"}, {"headshot": {"url": "https://s.yimg.com/iu/api/res/1.2/yfS45OoJpGFSBDPRIgH1kg--~C/YXBwaWQ9eXNwb3J0cztjaD0yMzM2O2NyPTE7Y3c9MTc5MDtkeD04NTc7ZHk9MDtmaT11bGNyb3A7aD02MDtxPTEwMDt3PTQ2/https://s.yimg.com/xe/i/us/sp/v/nfl_cutout/players_l/09272018/8795.png", "size": "small"}, "image_url": "https://s.yimg.com/iu/api/res/1.2/yfS45OoJpGFSBDPRIgH1kg--~C/YXBwaWQ9eXNwb3J0cztjaD0yMzM2O2NyPTE7Y3c9MTc5MDtkeD04NTc7ZHk9MDtmaT11bGNyb3A7aD02MDtxPTEwMDt3PTQ2/https://s.yimg.com/xe/i/us/sp/v/nfl_cutout/players_l/09272018/8795.png"}, {"is_undroppable": "0"}, {"position_type": "O"}, {"primary_position": "QB"}, {"eligible_positions": [{"position": "QB"}]}, [], [], []], {"selected_position": [{"coverage_type": "week", "week": "11"}, {"position": "QB"}]}]}, "1": {"player": [[{"player_key": "242.p.23999"}, {"player_id": "23999"}, {"name": {"full": "Dez Bryant", "first": "Dez", "last": "Bryant", "ascii_first": "Dez", "ascii_last": "Bryant"}}, {"injury_note": "ankle"}, {"editorial_player_key": "nfl.p.23999"}, {"editorial_team_key": "nfl.t.18"}, {"editorial_team_full_name": "New Orleans Saints"}, {"editorial_team_abbr": "NO"}, {"bye_weeks": {"week": "10"}}, {"uniform_number": "88"}, {"display_position": "WR"}, {"headshot": {"url": "https://s.yimg.com/iu/api/res/1.2/1O2lDAOnzxYl9o4wdIE6CA--~C/YXBwaWQ9eXNwb3J0cztjaD0yMzM2O2NyPTE7Y3c9MTc5MDtkeD04NTc7ZHk9MDtmaT11bGNyb3A7aD02MDtxPTEwMDt3PTQ2/https://s.yimg.com/xe/i/us/sp/v/nfl_cutout/players_l/09292017/23999.png", "size": "small"}, "image_url": "https://s.yimg.com/iu/api/res/1.2/1O2lDAOnzxYl9o4wdIE6CA--~C/YXBwaWQ9eXNwb3J0cztjaD0yMzM2O2NyPTE7Y3c9MTc5MDtkeD04NTc7ZHk9MDtmaT11bGNyb3A7aD02MDtxPTEwMDt3PTQ2/https://s.yimg.com/xe/i/us/sp/v/nfl_cutout/players_l/09292017/23999.png"}, {"is_undroppable": "0"}, {"position_type": "O"}, {"primary_position": "WR"}, {"eligible_positions": [{"position": "WR"}, {"position": "W/T"}, {"position": "W/R/T"}]}, [], [], []], {"selected_position": [{"coverage_type": "week", "week": "11"}, {"position": "WR"}]}]}, "2": {"player": [[{"player_key": "242.p.9293"}, {"player_id": "9293"}, {"name": {"full": "Hakeem Nicks", "first": "Hakeem", "last": "Nicks", "ascii_first": "Hakeem", "ascii_last": "Nicks"}}, {"editorial_player_key": "nfl.p.9293"}, {"editorial_team_key": "nfl.t.18"}, {"editorial_team_full_name": "New Orleans Saints"}, {"editorial_team_abbr": "NO"}, {"bye_weeks": {"week": "10"}}, {"uniform_number": "15"}, {"display_position": "WR"}, {"headshot": {"url": "https://s.yimg.com/iu/api/res/1.2/fGAzqi51yx3M6VM1L.pO0g--~C/YXBwaWQ9eXNwb3J0cztjaD0yMzM2O2NyPTE7Y3c9MTc5MDtkeD04NTc7ZHk9MDtmaT11bGNyb3A7aD02MDtxPTEwMDt3PTQ2/https://s.yimg.com/xe/i/us/sp/v/nfl_cutout/players_l/20150904/9293.png", "size": "small"}, "image_url": "https://s.yimg.com/iu/api/res/1.2/fGAzqi51yx3M6VM1L.pO0g--~C/YXBwaWQ9eXNwb3J0cztjaD0yMzM2O2NyPTE7Y3c9MTc5MDtkeD04NTc7ZHk9MDtmaT11bGNyb3A7aD02MDtxPTEwMDt3PTQ2/https://s.yimg.com/xe/i/us/sp/v/nfl_cutout/players_l/20150904/9293.png"}, {"is_undroppable": "0"}, {"position_type": "O"}, {"primary_position": "WR"}, {"eligible_positions": [{"position": "WR"}, {"position": "W/T"}, {"position": "W/R/T"}]}, [], [], []], {"selected_position": [{"coverage_type": "week", "week": "11"}, {"position": "WR"}]}]}, "3": {"player": [[{"player_key": "242.p.8821"}, {"player_id": "8821"}, {"name": {"full": "Matt Forte", "first": "Matt", "last": "Forte", "ascii_first": "Matt", "ascii_last": "Forte"}}, {"editorial_player_key": "nfl.p.8821"}, {"editorial_team_key": "nfl.t.20"}, {"editorial_team_full_name": "New York Jets"}, {"editorial_team_abbr": "NYJ"}, {"bye_weeks": {"week": "7"}}, {"uniform_number": "22"}, {"display_position": "RB"}, {"headshot": {"url": "https://s.yimg.com/iu/api/res/1.2/GbfxDVQ.HQBeAv0VcO6bAw--~C/YXBwaWQ9eXNwb3J0cztjaD0yMzM2O2NyPTE7Y3c9MTc5MDtkeD04NTc7ZHk9MDtmaT11bGNyb3A7aD02MDtxPTEwMDt3PTQ2/https://s.yimg.com/xe/i/us/sp/v/nfl_cutout/players_l/20160906/8821.png", "size": "small"}, "image_url": "https://s.yimg.com/iu/api/res/1.2/GbfxDVQ.HQBeAv0VcO6bAw--~C/YXBwaWQ9eXNwb3J0cztjaD0yMzM2O2NyPTE7Y3c9MTc5MDtkeD04NTc7ZHk9MDtmaT11bGNyb3A7aD02MDtxPTEwMDt3PTQ2/https://s.yimg.com/xe/i/us/sp/v/nfl_cutout/players_l/20160906/8821.png"}, {"is_undroppable": "0"}, {"position_type": "O"}, {"primary_position": "RB"}, {"eligible_positions": [{"position": "RB"}, {"position": "W/R/T"}]}, [], [], []], {"selected_position": [{"coverage_type": "week", "week": "11"}, {"position": "RB"}]}]}, "4": {"player": [[{"player_key": "242.p.8498"}, {"player_id": "8498"}, {"name": {"full": "Jason Snelling", "first": "Jason", "last": "Snelling", "ascii_first": "Jason", "ascii_last": "Snelling"}}, {"editorial_player_key": "nfl.p.8498"}, {"editorial_team_key": "nfl.t.1"}, {"editorial_team_full_name": "Atlanta Falcons"}, {"editorial_team_abbr": "Atl"}, {"bye_weeks": {"week": "8"}}, {"uniform_number": "44"}, {"display_position": "RB"}, {"headshot": {"url": "https://s.yimg.com/iu/api/res/1.2/TcM85WhJ.fAOHWf2QKLjIw--~C/YXBwaWQ9eXNwb3J0cztjaD0yMDA7Y3I9MTtjdz0xNTM7ZHg9NzQ7ZHk9MDtmaT11bGNyb3A7aD02MDtxPTEwMDt3PTQ2/https://s.yimg.com/dh/ap/default/140828/silhouette@2x.png", "size": "small"}, "image_url": "https://s.yimg.com/iu/api/res/1.2/TcM85WhJ.fAOHWf2QKLjIw--~C/YXBwaWQ9eXNwb3J0cztjaD0yMDA7Y3I9MTtjdz0xNTM7ZHg9NzQ7ZHk9MDtmaT11bGNyb3A7aD02MDtxPTEwMDt3PTQ2/https://s.yimg.com/dh/ap/default/140828/silhouette@2x.png"}, {"is_undroppable": "0"}, {"position_type": "O"}, {"primary_position": "RB"}, {"eligible_positions": [{"position": "RB"}, {"position": "W/R/T"}]}, [], [], []], {"selected_position": [{"coverage_type": "week", "week": "11"}, {"position": "RB"}]}]}, "5": {"player": [[{"player_key": "242.p.8872"}, {"player_id": "8872"}, {"name": {"full": "Mario Manningham", "first": "Mario", "last": "Manningham", "ascii_first": "Mario", "ascii_last": "Manningham"}}, {"editorial_player_key": "nfl.p.8872"}, {"editorial_team_key": "nfl.t.19"}, {"editorial_team_full_name": "New York Giants"}, {"editorial_team_abbr": "NYG"}, {"bye_weeks": {"week": "8"}}, {"uniform_number": "86"}, {"display_position": "WR"}, {"headshot": {"url": "https://s.yimg.com/iu/api/res/1.2/TcM85WhJ.fAOHWf2QKLjIw--~C/YXBwaWQ9eXNwb3J0cztjaD0yMDA7Y3I9MTtjdz0xNTM7ZHg9NzQ7ZHk9MDtmaT11bGNyb3A7aD02MDtxPTEwMDt3PTQ2/https://s.yimg.com/dh/ap/default/140828/silhouette@2x.png", "size": "small"}, "image_url": "https://s.yimg.com/iu/api/res/1.2/TcM85WhJ.fAOHWf2QKLjIw--~C/YXBwaWQ9eXNwb3J0cztjaD0yMDA7Y3I9MTtjdz0xNTM7ZHg9NzQ7ZHk9MDtmaT11bGNyb3A7aD02MDtxPTEwMDt3PTQ2/https://s.yimg.com/dh/ap/default/140828/silhouette@2x.png"}, {"is_undroppable": "0"}, {"position_type": "O"}, {"primary_position": "WR"}, {"eligible_positions": [{"position": "WR"}, {"position": "W/T"}, {"position": "W/R/T"}]}, [], [], []], {"selected_position": [{"coverage_type": "week", "week": "11"}, {"position": "W/T"}]}]}, "6": {"player": [[{"player_key": "242.p.6427"}, {"player_id": "6427"}, {"name": {"full": "Visanthe Shiancoe", "first": "Visanthe", "last": "Shiancoe", "ascii_first": "Visanthe", "ascii_last": "Shiancoe"}}, {"editorial_player_key": "nfl.p.6427"}, {"editorial_team_key": "nfl.t.10"}, {"editorial_team_full_name": "Tennessee Titans"}, {"editorial_team_abbr": "Ten"}, {"bye_weeks": {"week": "9"}}, {"uniform_number": "80"}, {"display_position": "TE"}, {"headshot": {"url": "https://s.yimg.com/iu/api/res/1.2/TcM85WhJ.fAOHWf2QKLjIw--~C/YXBwaWQ9eXNwb3J0cztjaD0yMDA7Y3I9MTtjdz0xNTM7ZHg9NzQ7ZHk9MDtmaT11bGNyb3A7aD02MDtxPTEwMDt3PTQ2/https://s.yimg.com/dh/ap/default/140828/silhouette@2x.png", "size": "small"}, "image_url": "https://s.yimg.com/iu/api/res/1.2/TcM85WhJ.fAOHWf2QKLjIw--~C/YXBwaWQ9eXNwb3J0cztjaD0yMDA7Y3I9MTtjdz0xNTM7ZHg9NzQ7ZHk9MDtmaT11bGNyb3A7aD02MDtxPTEwMDt3PTQ2/https://s.yimg.com/dh/ap/default/140828/silhouette@2x.png"}, {"is_undroppable": "0"}, {"position_type": "O"}, {"primary_position": "W/T"}, {"eligible_positions": [{"position": "W/T"}, {"position": "W/R/T"}]}, [], [], []], {"selected_position": [{"coverage_type": "week", "week": "11"}, {"position": "W/R/T"}]}]}, "7": {"player": [[{"player_key": "242.p.24076"}, {"player_id": "24076"}, {"name": {"full": "Mike Williams", "first": "Mike", "last": "Williams", "ascii_first": "Mike", "ascii_last": "Williams"}}, {"editorial_player_key": "nfl.p.24076"}, {"editorial_team_key": "nfl.t.12"}, {"editorial_team_full_name": "Kansas City Chiefs"}, {"editorial_team_abbr": "KC"}, {"bye_weeks": {"week": "4"}}, {"uniform_number": "15"}, {"display_position": "WR"}, {"headshot": {"url": "https://s.yimg.com/iu/api/res/1.2/Tq1Z3BoVcZ.pKMqhmx9hww--~C/YXBwaWQ9eXNwb3J0cztjaD0yMzM2O2NyPTE7Y3c9MTc5MDtkeD04NTc7ZHk9MDtmaT11bGNyb3A7aD02MDtxPTEwMDt3PTQ2/https://s.yimg.com/xe/i/us/sp/v/nfl_cutout/players_l/20160906/24076.1.png", "size": "small"}, "image_url": "https://s.yimg.com/iu/api/res/1.2/Tq1Z3BoVcZ.pKMqhmx9hww--~C/YXBwaWQ9eXNwb3J0cztjaD0yMzM2O2NyPTE7Y3c9MTc5MDtkeD04NTc7ZHk9MDtmaT11bGNyb3A7aD02MDtxPTEwMDt3PTQ2/https://s.yimg.com/xe/i/us/sp/v/nfl_cutout/players_l/20160906/24076.1.png"}, {"is_undroppable": "0"}, {"position_type": "O"}, {"primary_position": "WR"}, {"eligible_positions": [{"position": "WR"}, {"position": "W/T"}, {"position": "W/R/T"}]}, [], [], []], {"selected_position": [{"coverage_type": "week", "week": "11"}, {"position": "BN"}]}]}, "8": {"player": [[{"player_key": "242.p.23987"}, {"player_id": "23987"}, {"name": {"full": "Ryan Mathews", "first": "Ryan", "last": "Mathews", "ascii_first": "Ryan", "ascii_last": "Mathews"}}, {"editorial_player_key": "nfl.p.23987"}, {"editorial_team_key": "nfl.t.21"}, {"editorial_team_full_name": "Philadelphia Eagles"}, {"editorial_team_abbr": "Phi"}, {"bye_weeks": {"week": "8"}}, {"uniform_number": "24"}, {"display_position": "RB"}, {"headshot": {"url": "https://s.yimg.com/iu/api/res/1.2/hSQbnHBgvD76uKeLXT2t2w--~C/YXBwaWQ9eXNwb3J0cztjaD0yMzM2O2NyPTE7Y3c9MTc5MDtkeD04NTc7ZHk9MDtmaT11bGNyb3A7aD02MDtxPTEwMDt3PTQ2/https://s.yimg.com/xe/i/us/sp/v/nfl_cutout/players_l/08242017/23987.png", "size": "small"}, "image_url": "https://s.yimg.com/iu/api/res/1.2/hSQbnHBgvD76uKeLXT2t2w--~C/YXBwaWQ9eXNwb3J0cztjaD0yMzM2O2NyPTE7Y3c9MTc5MDtkeD04NTc7ZHk9MDtmaT11bGNyb3A7aD02MDtxPTEwMDt3PTQ2/https://s.yimg.com/xe/i/us/sp/v/nfl_cutout/players_l/08242017/23987.png"}, {"is_undroppable": "0"}, {"position_type": "O"}, {"primary_position": "RB"}, {"eligible_positions": [{"position": "RB"}, {"position": "W/R/T"}]}, [], [], []], {"selected_position": [{"coverage_type": "week", "week": "11"}, {"position": "BN"}]}]}, "9": {"player": [[{"player_key": "242.p.1025"}, {"player_id": "1025"}, {"name": {"full": "Brett Favre", "first": "Brett", "last": "Favre", "ascii_first": "Brett", "ascii_last": "Favre"}}, {"editorial_player_key": "nfl.p.1025"}, {"editorial_team_key": "nfl.t.16"}, {"editorial_team_full_name": "Minnesota Vikings"}, {"editorial_team_abbr": "Min"}, {"bye_weeks": {"week": "4"}}, {"uniform_number": "4"}, {"display_position": "QB"}, {"headshot": {"url": "https://s.yimg.com/iu/api/res/1.2/TcM85WhJ.fAOHWf2QKLjIw--~C/YXBwaWQ9eXNwb3J0cztjaD0yMDA7Y3I9MTtjdz0xNTM7ZHg9NzQ7ZHk9MDtmaT11bGNyb3A7aD02MDtxPTEwMDt3PTQ2/https://s.yimg.com/dh/ap/default/140828/silhouette@2x.png", "size": "small"}, "image_url": "https://s.yimg.com/iu/api/res/1.2/TcM85WhJ.fAOHWf2QKLjIw--~C/YXBwaWQ9eXNwb3J0cztjaD0yMDA7Y3I9MTtjdz0xNTM7ZHg9NzQ7ZHk9MDtmaT11bGNyb3A7aD02MDtxPTEwMDt3PTQ2/https://s.yimg.com/dh/ap/default/140828/silhouette@2x.png"}, {"is_undroppable": "0"}, {"position_type": "O"}, {"primary_position": "QB"}, {"eligible_positions": [{"position": "QB"}]}, [], [], []], {"selected_position": [{"coverage_type": "week", "week": "11"}, {"position": "BN"}]}]}, "10": {"player": [[{"player_key": "242.p.9010"}, {"player_id": "9010"}, {"name": {"full": "Justin Forsett", "first": "Justin", "last": "Forsett", "ascii_first": "Justin", "ascii_last": "Forsett"}}, {"editorial_player_key": "nfl.p.9010"}, {"editorial_team_key": "nfl.t.7"}, {"editorial_team_full_name": "Denver Broncos"}, {"editorial_team_abbr": "Den"}, {"bye_weeks": {"week": "9"}}, {"uniform_number": "20"}, {"display_position": "RB"}, {"headshot": {"url": "https://s.yimg.com/iu/api/res/1.2/81toQIxzZW15YMZP1bI6rQ--~C/YXBwaWQ9eXNwb3J0cztjaD0yMzM2O2NyPTE7Y3c9MTc5MDtkeD04NTc7ZHk9MDtmaT11bGNyb3A7aD02MDtxPTEwMDt3PTQ2/https://s.yimg.com/xe/i/us/sp/v/nfl_cutout/players_l/20160906/9010.2.png", "size": "small"}, "image_url": "https://s.yimg.com/iu/api/res/1.2/81toQIxzZW15YMZP1bI6rQ--~C/YXBwaWQ9eXNwb3J0cztjaD0yMzM2O2NyPTE7Y3c9MTc5MDtkeD04NTc7ZHk9MDtmaT11bGNyb3A7aD02MDtxPTEwMDt3PTQ2/https://s.yimg.com/xe/i/us/sp/v/nfl_cutout/players_l/20160906/9010.2.png"}, {"is_undroppable": "0"}, {"position_type": "O"}, {"primary_position": "RB"}, {"eligible_positions": [{"position": "RB"}, {"position": "W/R/T"}]}, [], [], []], {"selected_position": [{"coverage_type": "week", "week": "11"}, {"position": "BN"}]}]}, "11": {"player": [[{"player_key": "242.p.9404"}, {"player_id": "9404"}, {"name": {"full": "Johnny Knox", "first": "Johnny", "last": "Knox", "ascii_first": "Johnny", "ascii_last": "Knox"}}, {"editorial_player_key": "nfl.p.9404"}, {"editorial_team_key": "nfl.t.3"}, {"editorial_team_full_name": "Chicago Bears"}, {"editorial_team_abbr": "Chi"}, {"bye_weeks": {"week": "8"}}, {"uniform_number": "13"}, {"display_position": "WR"}, {"headshot": {"url": "https://s.yimg.com/iu/api/res/1.2/TcM85WhJ.fAOHWf2QKLjIw--~C/YXBwaWQ9eXNwb3J0cztjaD0yMDA7Y3I9MTtjdz0xNTM7ZHg9NzQ7ZHk9MDtmaT11bGNyb3A7aD02MDtxPTEwMDt3PTQ2/https://s.yimg.com/dh/ap/default/140828/silhouette@2x.png", "size": "small"}, "image_url": "https://s.yimg.com/iu/api/res/1.2/TcM85WhJ.fAOHWf2QKLjIw--~C/YXBwaWQ9eXNwb3J0cztjaD0yMDA7Y3I9MTtjdz0xNTM7ZHg9NzQ7ZHk9MDtmaT11bGNyb3A7aD02MDtxPTEwMDt3PTQ2/https://s.yimg.com/dh/ap/default/140828/silhouette@2x.png"}, {"is_undroppable": "0"}, {"position_type": "O"}, {"primary_position": "WR"}, {"eligible_positions": [{"position": "WR"}, {"position": "W/T"}, {"position": "W/R/T"}]}, [], [], []], {"selected_position": [{"coverage_type": "week", "week": "11"}, {"position": "BN"}]}]}, "12": {"player": [[{"player_key": "242.p.6243"}, {"player_id": "6243"}, {"name": {"full": "Matt Bryant", "first": "Matt", "last": "Bryant", "ascii_first": "Matt", "ascii_last": "Bryant"}}, {"injury_note": "right hamstring"}, {"editorial_player_key": "nfl.p.6243"}, {"editorial_team_key": "nfl.t.1"}, {"editorial_team_full_name": "Atlanta Falcons"}, {"editorial_team_abbr": "Atl"}, {"bye_weeks": {"week": "8"}}, {"uniform_number": "3"}, {"display_position": "K"}, {"headshot": {"url": "https://s.yimg.com/iu/api/res/1.2/xO7MQb_zF5jKFgmgepf5tw--~C/YXBwaWQ9eXNwb3J0cztjaD0yMzM2O2NyPTE7Y3c9MTc5MDtkeD04NTc7ZHk9MDtmaT11bGNyb3A7aD02MDtxPTEwMDt3PTQ2/https://s.yimg.com/xe/i/us/sp/v/nfl_cutout/players_l/08222018/6243.png", "size": "small"}, "image_url": "https://s.yimg.com/iu/api/res/1.2/xO7MQb_zF5jKFgmgepf5tw--~C/YXBwaWQ9eXNwb3J0cztjaD0yMzM2O2NyPTE7Y3c9MTc5MDtkeD04NTc7ZHk9MDtmaT11bGNyb3A7aD02MDtxPTEwMDt3PTQ2/https://s.yimg.com/xe/i/us/sp/v/nfl_cutout/players_l/08222018/6243.png"}, {"is_undroppable": "0"}, {"position_type": "K"}, {"primary_position": "K"}, {"eligible_positions": [{"position": "K"}]}, [], [], []], {"selected_position": [{"coverage_type": "week", "week": "11"}, {"position": "K"}]}]}, "13": {"player": [[{"player_key": "242.p.100019"}, {"player_id": "100019"}, {"name": {"full": "New York", "first": "New York", "last": "", "ascii_first": "New York", "ascii_last": ""}}, {"editorial_player_key": "nfl.p.100019"}, {"editorial_team_key": "nfl.t.19"}, {"editorial_team_full_name": "New York Giants"}, {"editorial_team_abbr": "NYG"}, {"bye_weeks": {"week": "8"}}, {"uniform_number": false}, {"display_position": "DEF"}, {"headshot": {"url": "https://s.yimg.com/lq/i/us/sp/v/nfl/teams/1/50x50w/nyg_2.gif", "size": "small"}, "image_url": "https://s.yimg.com/lq/i/us/sp/v/nfl/teams/1/50x50w/nyg_2.gif"}, {"is_undroppable": "0"}, {"position_type": "DT"}, {"primary_position": "DEF"}, {"eligible_positions": [{"position": "DEF"}]}, [], [], []], {"selected_position": [{"coverage_type": "week", "week": "11"}, {"position": "DEF"}]}]}, "14": {"player": [[{"player_key": "242.p.100025"}, {"player_id": "100025"}, {"name": {"full": "San Francisco", "first": "San Francisco", "last": "", "ascii_first": "San Francisco", "ascii_last": ""}}, {"editorial_player_key": "nfl.p.100025"}, {"editorial_team_key": "nfl.t.25"}, {"editorial_team_full_name": "San Francisco 49ers"}, {"editorial_team_abbr": "SF"}, {"bye_weeks": {"week": "9"}}, {"uniform_number": false}, {"display_position": "DEF"}, {"headshot": {"url": "https://s.yimg.com/lq/i/us/sp/v/nfl/teams/1/50x50w/sfo.gif", "size": "small"}, "image_url": "https://s.yimg.com/lq/i/us/sp/v/nfl/teams/1/50x50w/sfo.gif"}, {"is_undroppable": "0"}, {"position_type": "DT"}, {"primary_position": "DEF"}, {"eligible_positions": [{"position": "DEF"}]}, [], [], []], {"selected_position": [{"coverage_type": "week", "week": "11"}, {"position": "BN"}]}]}, "15": {"player": [[{"player_key": "242.p.7791"}, {"player_id": "7791"}, {"name": {"full": "Danieal Manning", "first": "Danieal", "last": "Manning", "ascii_first": "Danieal", "ascii_last": "Manning"}}, {"editorial_player_key": "nfl.p.7791"}, {"editorial_team_key": "nfl.t.34"}, {"editorial_team_full_name": "Houston Texans"}, {"editorial_team_abbr": "Hou"}, {"bye_weeks": {"week": "7"}}, {"uniform_number": "38"}, {"display_position": "S"}, {"headshot": {"url": "https://s.yimg.com/iu/api/res/1.2/TcM85WhJ.fAOHWf2QKLjIw--~C/YXBwaWQ9eXNwb3J0cztjaD0yMDA7Y3I9MTtjdz0xNTM7ZHg9NzQ7ZHk9MDtmaT11bGNyb3A7aD02MDtxPTEwMDt3PTQ2/https://s.yimg.com/dh/ap/default/140828/silhouette@2x.png", "size": "small"}, "image_url": "https://s.yimg.com/iu/api/res/1.2/TcM85WhJ.fAOHWf2QKLjIw--~C/YXBwaWQ9eXNwb3J0cztjaD0yMDA7Y3I9MTtjdz0xNTM7ZHg9NzQ7ZHk9MDtmaT11bGNyb3A7aD02MDtxPTEwMDt3PTQ2/https://s.yimg.com/dh/ap/default/140828/silhouette@2x.png"}, {"is_undroppable": "0"}, {"position_type": "DP"}, {"primary_position": "D"}, {"eligible_positions": [{"position": "D"}]}, [], [], []], {"selected_position": [{"coverage_type": "week", "week": "11"}, {"position": "D"}]}]}, "count": 16}}}}], "time": "164.72196578979ms", "copyright": "Data provided by Yahoo! and STATS, LLC", "refresh_rate": "60"}}