{"fantasy_content": {"xml:lang": "en-US", "yahoo:uri": "/fantasy/v2/team/242.l.155338.t.8/roster;week=11", "team": [[{"team_key": "242.l.155338.t.8"}, {"team_id": "8"}, {"name": "Hit Stick!"}, [], {"url": "https://football.fantasysports.yahoo.com/archive/nfl/2010/155338/8"}, {"team_logos": [{"team_logo": {"size": "large", "url": "https://s.yimg.com/cv/apiv2/default/nfl/nfl_9.png"}}]}, [], {"waiver_priority": 5}, [], {"number_of_moves": "35"}, {"number_of_trades": "3"}, {"roster_adds": {"coverage_type": "week", "coverage_value": "17", "value": "0"}}, {"clinched_playoffs": 1}, {"league_scoring_type": "head"}, [], {"draft_position": 1}, {"has_draft_grade": 0}, [], [], {"managers": [{"manager": {"manager_id": "1", "nickname": "mark p", "guid": "ISCH7G5ZPMSSGGNC4KTWLF4LHI", "is_commissioner": "1", "email": "mopete1242@yahoo.com", "image_url": "https://ct.yimg.com/cy/4636/39020285436_d0a3f6_64sq.jpg"}}]}], {"roster": {"coverage_type": "week", "week": "11", "is_editable": 0, "0": {"players": {"0": {"player": [[{"player_key": "242.p.5479"}, {"player_id": "5479"}, {"name": {"full": "Drew Brees", "first": "Drew", "last": "Brees", "ascii_first": "Drew", "ascii_last": "Brees"}}, {"editorial_player_key": "nfl.p.5479"}, {"editorial_team_key": "nfl.t.18"}, {"editorial_team_full_name": "New Orleans Saints"}, {"editorial_team_abbr": "NO"}, {"bye_weeks": {"week": "10"}}, {"uniform_number": "9"}, {"display_position": "QB"}, {"headshot": {"url": "https://s.yimg.com/iu/api/res/1.2/tjC2z5Bi2KryllJFqLQImw--~C/YXBwaWQ9eXNwb3J0cztjaD0yMzM2O2NyPTE7Y3c9MTc5MDtkeD04NTc7ZHk9MDtmaT11bGNyb3A7aD02MDtxPTEwMDt3PTQ2/https://s.yimg.com/xe/i/us/sp/v/nfl_cutout/players_l/08252018/5479.png", "size": "small"}, "image_url": "https://s.yimg.com/iu/api/res/1.2/tjC2z5Bi2KryllJFqLQImw--~C/YXBwaWQ9eXNwb3J0cztjaD0yMzM2O2NyPTE7Y3c9MTc5MDtkeD04NTc7ZHk9MDtmaT11bGNyb3A7aD02MDtxPTEwMDt3PTQ2/https://s.yimg.com/xe/i/us/sp/v/nfl_cutout/players_l/08252018/5479.png"}, {"is_undroppable": "0"}, {"position_type": "O"}, {"primary_position": "QB"}, {"eligible_positions": [{"position": "QB"}]}, [], [], []], {"selected_position": [{"coverage_type": "week", "week": "11"}, {"position": "QB"}]}]}, "1": {"player": [[{"player_key": "242.p.9037"}, {"player_id": "9037"}, {"name": {"full": "Danny Amendola", "first": "Danny", "last": "Amendola", "ascii_first": "Danny", "ascii_last": "Amendola"}}, {"editorial_player_key": "nfl.p.9037"}, {"editorial_team_key": "nfl.t.8"}, {"editorial_team_full_name": "Detroit Lions"}, {"editorial_team_abbr": "Det"}, {"bye_weeks": {"week": "7"}}, {"uniform_number": "80"}, {"display_position": "WR"}, {"headshot": {"url": "https://s.yimg.com/iu/api/res/1.2/nR5FLoyG7oL4vBkB_KgsGA--~C/YXBwaWQ9eXNwb3J0cztjaD0yMzM2O2NyPTE7Y3c9MTc5MDtkeD04NTc7ZHk9MDtmaT11bGNyb3A7aD02MDtxPTEwMDt3PTQ2/https://s.yimg.com/xe/i/us/sp/v/nfl_cutout/players_l/09242018/9037.png", "size": "small"}, "image_url": "https://s.yimg.com/iu/api/res/1.2/nR5FLoyG7oL4vBkB_KgsGA--~C/YXBwaWQ9eXNwb3J0cztjaD0yMzM2O2NyPTE7Y3c9MTc5MDtkeD04NTc7ZHk9MDtmaT11bGNyb3A7aD02MDtxPTEwMDt3PTQ2/https://s.yimg.com/xe/i/us/sp/v/nfl_cutout/players_l/09242018/9037.png"}, {"is_undroppable": "0"}, {"position_type": "O"}, {"primary_position": "WR"}, {"eligible_positions": [{"position": "WR"}, {"position": "W/T"}, {"position": "W/R/T"}]}, [], [], []], {"selected_position": [{"coverage_type": "week", "week": "11"}, {"position": "WR"}]}]}, "2": {"player": [[{"player_key": "242.p.8396"}, {"player_id": "8396"}, {"name": {"full": "Steve Breaston", "first": "Steve", "last": "Breaston", "ascii_first": "Steve", "ascii_last": "Breaston"}}, {"editorial_player_key": "nfl.p.8396"}, {"editorial_team_key": "nfl.t.18"}, {"editorial_team_full_name": "New Orleans Saints"}, {"editorial_team_abbr": "NO"}, {"bye_weeks": {"week": "10"}}, {"uniform_number": "85"}, {"display_position": "WR"}, {"headshot": {"url": "https://s.yimg.com/iu/api/res/1.2/TcM85WhJ.fAOHWf2QKLjIw--~C/YXBwaWQ9eXNwb3J0cztjaD0yMDA7Y3I9MTtjdz0xNTM7ZHg9NzQ7ZHk9MDtmaT11bGNyb3A7aD02MDtxPTEwMDt3PTQ2/https://s.yimg.com/dh/ap/default/140828/silhouette@2x.png", "size": "small"}, "image_url": "https://s.yimg.com/iu/api/res/1.2/TcM85WhJ.fAOHWf2QKLjIw--~C/YXBwaWQ9eXNwb3J0cztjaD0yMDA7Y3I9MTtjdz0xNTM7ZHg9NzQ7ZHk9MDtmaT11bGNyb3A7aD02MDtxPTEwMDt3PTQ2/https://s.yimg.com/dh/ap/default/140828/silhouette@2x.png"}, {"is_undroppable": "0"}, {"position_type": "O"}, {"primary_position": "WR"}, {"eligible_positions": [{"position": "WR"}, {"position": "W/T"}, {"position": "W/R/T"}]}, [], [], []], {"selected_position": [{"coverage_type": "week", "week": "11"}, {"position": "WR"}]}]}, "3": {"player": [[{"player_key": "242.p.8832"}, {"player_id": "8832"}, {"name": {"full": "Ray Rice", "first": "Ray", "last": "Rice", "ascii_first": "Ray", "ascii_last": "Rice"}}, {"editorial_player_key": "nfl.p.8832"}, {"editorial_team_key": "nfl.t.33"}, {"editorial_team_full_name": "Baltimore Ravens"}, {"editorial_team_abbr": "Bal"}, {"bye_weeks": {"week": "8"}}, {"uniform_number": "27"}, {"display_position": "RB"}, {"headshot": {"url": "https://s.yimg.com/iu/api/res/1.2/TcM85WhJ.fAOHWf2QKLjIw--~C/YXBwaWQ9eXNwb3J0cztjaD0yMDA7Y3I9MTtjdz0xNTM7ZHg9NzQ7ZHk9MDtmaT11bGNyb3A7aD02MDtxPTEwMDt3PTQ2/https://s.yimg.com/dh/ap/default/140828/silhouette@2x.png", "size": "small"}, "image_url": "https://s.yimg.com/iu/api/res/1.2/TcM85WhJ.fAOHWf2QKLjIw--~C/YXBwaWQ9eXNwb3J0cztjaD0yMDA7Y3I9MTtjdz0xNTM7ZHg9NzQ7ZHk9MDtmaT11bGNyb3A7aD02MDtxPTEwMDt3PTQ2/https://s.yimg.com/dh/ap/default/140828/silhouette@2x.png"}, {"is_undroppable": "0"}, {"position_type": "O"}, {"primary_position": "RB"}, {"eligible_positions": [{"position": "RB"}, {"position": "W/R/T"}]}, [], [], []], {"selected_position": [{"coverage_type": "week", "week": "11"}, {"position": "RB"}]}]}, "4": {"player": [[{"player_key": "242.p.7306"}, {"player_id": "7306"}, {"name": {"full": "Darren Sproles", "first": "Darren", "last": "Sproles", "ascii_first": "Darren", "ascii_last": "Sproles"}}, {"editorial_player_key": "nfl.p.7306"}, {"editorial_team_key": "nfl.t.21"}, {"editorial_team_full_name": "Philadelphia Eagles"}, {"editorial_team_abbr": "Phi"}, {"bye_weeks": {"week": "8"}}, {"uniform_number": "43"}, {"display_position": "RB"}, {"headshot": {"url": "https://s.yimg.com/iu/api/res/1.2/7VChTTmxJUMjWmpVYbJo9Q--~C/YXBwaWQ9eXNwb3J0cztjaD0yMzM2O2NyPTE7Y3c9MTc5MDtkeD04NTc7ZHk9MDtmaT11bGNyb3A7aD02MDtxPTEwMDt3PTQ2/https://s.yimg.com/xe/i/us/sp/v/nfl_cutout/players_l/08242017/7306.png", "size": "small"}, "image_url": "https://s.yimg.com/iu/api/res/1.2/7VChTTmxJUMjWmpVYbJo9Q--~C/YXBwaWQ9eXNwb3J0cztjaD0yMzM2O2NyPTE7Y3c9MTc5MDtkeD04NTc7ZHk9MDtmaT11bGNyb3A7aD02MDtxPTEwMDt3PTQ2/https://s.yimg.com/xe/i/us/sp/v/nfl_cutout/players_l/08242017/7306.png"}, {"is_undroppable": "0"}, {"position_type": "O"}, {"primary_position": "RB"}, {"eligible_positions": [{"position": "RB"}, {"position": "W/R/T"}]}, [], [], []], {"selected_position": [{"coverage_type": "week", "week": "11"}, {"position": "RB"}]}]}, "5": {"player": [[{"player_key": "242.p.3950"}, {"player_id": "3950"}, {"name": {"full": "Tony Gonzalez", "first": "Tony", "last": "Gonzalez", "ascii_first": "Tony", "ascii_last": "Gonzalez"}}, {"editorial_player_key": "nfl.p.3950"}, {"editorial_team_key": "nfl.t.1"}, {"editorial_team_full_name": "Atlanta Falcons"}, {"editorial_team_abbr": "Atl"}, {"bye_weeks": {"week": "8"}}, {"uniform_number": "88"}, {"display_position": "TE"}, {"headshot": {"url": "https://s.yimg.com/iu/api/res/1.2/TcM85WhJ.fAOHWf2QKLjIw--~C/YXBwaWQ9eXNwb3J0cztjaD0yMDA7Y3I9MTtjdz0xNTM7ZHg9NzQ7ZHk9MDtmaT11bGNyb3A7aD02MDtxPTEwMDt3PTQ2/https://s.yimg.com/dh/ap/default/140828/silhouette@2x.png", "size": "small"}, "image_url": "https://s.yimg.com/iu/api/res/1.2/TcM85WhJ.fAOHWf2QKLjIw--~C/YXBwaWQ9eXNwb3J0cztjaD0yMDA7Y3I9MTtjdz0xNTM7ZHg9NzQ7ZHk9MDtmaT11bGNyb3A7aD02MDtxPTEwMDt3PTQ2/https://s.yimg.com/dh/ap/default/140828/silhouette@2x.png"}, {"is_undroppable": "0"}, {"position_type": "O"}, {"primary_position": "W/T"}, {"eligible_positions": [{"position": "W/T"}, {"position": "W/R/T"}]}, [], [], []], {"selected_position": [{"coverage_type": "week", "week": "11"}, {"position": "W/T"}]}]}, "6": {"player": [[{"player_key": "242.p.9329"}, {"player_id": "9329"}, {"name": {"full": "Shonn Greene", "first": "Shonn", "last": "Greene", "ascii_first": "Shonn", "ascii_last": "Greene"}}, {"editorial_player_key": "nfl.p.9329"}, {"editorial_team_key": "nfl.t.10"}, {"editorial_team_full_name": "Tennessee Titans"}, {"editorial_team_abbr": "Ten"}, {"bye_weeks": {"week": "9"}}, {"uniform_number": "23"}, {"display_position": "RB"}, {"headshot": {"url": "https://s.yimg.com/iu/api/res/1.2/TcM85WhJ.fAOHWf2QKLjIw--~C/YXBwaWQ9eXNwb3J0cztjaD0yMDA7Y3I9MTtjdz0xNTM7ZHg9NzQ7ZHk9MDtmaT11bGNyb3A7aD02MDtxPTEwMDt3PTQ2/https://s.yimg.com/dh/ap/default/140828/silhouette@2x.png", "size": "small"}, "image_url": "https://s.yimg.com/iu/api/res/1.2/TcM85WhJ.fAOHWf2QKLjIw--~C/YXBwaWQ9eXNwb3J0cztjaD0yMDA7Y3I9MTtjdz0xNTM7ZHg9NzQ7ZHk9MDtmaT11bGNyb3A7aD02MDtxPTEwMDt3PTQ2/https://s.yimg.com/dh/ap/default/140828/silhouette@2x.png"}, {"is_undroppable": "0"}, {"position_type": "O"}, {"primary_position": "RB"}, {"eligible_positions": [{"position": "RB"}, {"position": "W/R/T"}]}, [], [], []], {"selected_position": [{"coverage_type": "week", "week": "11"}, {"position": "W/R/T"}]}]}, "7": {"player": [[{"player_key": "242.p.24005"}, {"player_id": "24005"}, {"name": {"full": "Jahvid Best", "first": "Jahvid", "last": "Best", "ascii_first": "Jahvid", "ascii_last": "Best"}}, {"editorial_player_key": "nfl.p.24005"}, {"editorial_team_key": "nfl.t.8"}, {"editorial_team_full_name": "Detroit Lions"}, {"editorial_team_abbr": "Det"}, {"bye_weeks": {"week": "7"}}, {"uniform_number": "44"}, {"display_position": "RB"}, {"headshot": {"url": "https://s.yimg.com/iu/api/res/1.2/TcM85WhJ.fAOHWf2QKLjIw--~C/YXBwaWQ9eXNwb3J0cztjaD0yMDA7Y3I9MTtjdz0xNTM7ZHg9NzQ7ZHk9MDtmaT11bGNyb3A7aD02MDtxPTEwMDt3PTQ2/https://s.yimg.com/dh/ap/default/140828/silhouette@2x.png", "size": "small"}, "image_url": "https://s.yimg.com/iu/api/res/1.2/TcM85WhJ.fAOHWf2QKLjIw--~C/YXBwaWQ9eXNwb3J0cztjaD0yMDA7Y3I9MTtjdz0xNTM7ZHg9NzQ7ZHk9MDtmaT11bGNyb3A7aD02MDtxPTEwMDt3PTQ2/https://s.yimg.com/dh/ap/default/140828/silhouette@2x.png"}, {"is_undroppable": "0"}, {"position_type": "O"}, {"primary_position": "RB"}, {"eligible_positions": [{"position": "RB"}, {"position": "W/R/T"}]}, [], [], []], {"selected_position": [{"coverage_type": "week", "week": "11"}, {"position": "BN"}]}]}, "8": {"player": [[{"player_key": "242.p.9276"}, {"player_id": "9276"}, {"name": {"full": "Knowshon Moreno", "first": "Knowshon", "last": "Moreno", "ascii_first": "Knowshon", "ascii_last": "Moreno"}}, {"editorial_player_key": "nfl.p.9276"}, {"editorial_team_key": "nfl.t.15"}, {"editorial_team_full_name": "Miami Dolphins"}, {"editorial_team_abbr": "Mia"}, {"bye_weeks": {"week": "5"}}, {"uniform_number": "28"}, {"display_position": "RB"}, {"headshot": {"url": "https://s.yimg.com/iu/api/res/1.2/TcM85WhJ.fAOHWf2QKLjIw--~C/YXBwaWQ9eXNwb3J0cztjaD0yMDA7Y3I9MTtjdz0xNTM7ZHg9NzQ7ZHk9MDtmaT11bGNyb3A7aD02MDtxPTEwMDt3PTQ2/https://s.yimg.com/dh/ap/default/140828/silhouette@2x.png", "size": "small"}, "image_url": "https://s.yimg.com/iu/api/res/1.2/TcM85WhJ.fAOHWf2QKLjIw--~C/YXBwaWQ9eXNwb3J0cztjaD0yMDA7Y3I9MTtjdz0xNTM7ZHg9NzQ7ZHk9MDtmaT11bGNyb3A7aD02MDtxPTEwMDt3PTQ2/https://s.yimg.com/dh/ap/default/140828/silhouette@2x.png"}, {"is_undroppable": "0"}, {"position_type": "O"}, {"primary_position": "RB"}, {"eligible_positions": [{"position": "RB"}, {"position": "W/R/T"}]}, [], [], []], {"selected_position": [{"coverage_type": "week", "week": "11"}, {"position": "BN"}]}]}, "9": {"player": [[{"player_key": "242.p.6760"}, {"player_id": "6760"}, {"name": {"full": "Eli Manning", "first": "Eli", "last": "Manning", "ascii_first": "Eli", "ascii_last": "Manning"}}, {"editorial_player_key": "nfl.p.6760"}, {"editorial_team_key": "nfl.t.19"}, {"editorial_team_full_name": "New York Giants"}, {"editorial_team_abbr": "NYG"}, {"bye_weeks": {"week": "8"}}, {"uniform_number": "10"}, {"display_position": "QB"}, {"headshot": {"url": "https://s.yimg.com/iu/api/res/1.2/FC82wjkkOslA_EWOIbhmew--~C/YXBwaWQ9eXNwb3J0cztjaD0yMzM2O2NyPTE7Y3c9MTc5MDtkeD04NTc7ZHk9MDtmaT11bGNyb3A7aD02MDtxPTEwMDt3PTQ2/https://s.yimg.com/xe/i/us/sp/v/nfl_cutout/players_l/09242018/6760.png", "size": "small"}, "image_url": "https://s.yimg.com/iu/api/res/1.2/FC82wjkkOslA_EWOIbhmew--~C/YXBwaWQ9eXNwb3J0cztjaD0yMzM2O2NyPTE7Y3c9MTc5MDtkeD04NTc7ZHk9MDtmaT11bGNyb3A7aD02MDtxPTEwMDt3PTQ2/https://s.yimg.com/xe/i/us/sp/v/nfl_cutout/players_l/09242018/6760.png"}, {"is_undroppable": "0"}, {"position_type": "O"}, {"primary_position": "QB"}, {"eligible_positions": [{"position": "QB"}]}, {"has_player_notes": 1}, [], {"player_notes_last_timestamp": 1562596740}], {"selected_position": [{"coverage_type": "week", "week": "11"}, {"position": "BN"}]}]}, "10": {"player": [[{"player_key": "242.p.7186"}, {"player_id": "7186"}, {"name": {"full": "Mike Williams", "first": "Mike", "last": "Williams", "ascii_first": "Mike", "ascii_last": "Williams"}}, {"editorial_player_key": "nfl.p.7186"}, {"editorial_team_key": "nfl.t.26"}, {"editorial_team_full_name": "Seattle Seahawks"}, {"editorial_team_abbr": "Sea"}, {"bye_weeks": {"week": "5"}}, {"uniform_number": "17"}, {"display_position": "WR"}, {"headshot": {"url": "https://s.yimg.com/iu/api/res/1.2/TcM85WhJ.fAOHWf2QKLjIw--~C/YXBwaWQ9eXNwb3J0cztjaD0yMDA7Y3I9MTtjdz0xNTM7ZHg9NzQ7ZHk9MDtmaT11bGNyb3A7aD02MDtxPTEwMDt3PTQ2/https://s.yimg.com/dh/ap/default/140828/silhouette@2x.png", "size": "small"}, "image_url": "https://s.yimg.com/iu/api/res/1.2/TcM85WhJ.fAOHWf2QKLjIw--~C/YXBwaWQ9eXNwb3J0cztjaD0yMDA7Y3I9MTtjdz0xNTM7ZHg9NzQ7ZHk9MDtmaT11bGNyb3A7aD02MDtxPTEwMDt3PTQ2/https://s.yimg.com/dh/ap/default/140828/silhouette@2x.png"}, {"is_undroppable": "0"}, {"position_type": "O"}, {"primary_position": "WR"}, {"eligible_positions": [{"position": "WR"}, {"position": "W/T"}, {"position": "W/R/T"}]}, [], [], []], {"selected_position": [{"coverage_type": "week", "week": "11"}, {"position": "BN"}]}]}, "11": {"player": [[{"player_key": "242.p.8298"}, {"player_id": "8298"}, {"name": {"full": "Sidney Rice", "first": "Sidney", "last": "Rice", "ascii_first": "Sidney", "ascii_last": "Rice"}}, {"editorial_player_key": "nfl.p.8298"}, {"editorial_team_key": "nfl.t.26"}, {"editorial_team_full_name": "Seattle Seahawks"}, {"editorial_team_abbr": "Sea"}, {"bye_weeks": {"week": "5"}}, {"uniform_number": "18"}, {"display_position": "WR"}, {"headshot": {"url": "https://s.yimg.com/iu/api/res/1.2/TcM85WhJ.fAOHWf2QKLjIw--~C/YXBwaWQ9eXNwb3J0cztjaD0yMDA7Y3I9MTtjdz0xNTM7ZHg9NzQ7ZHk9MDtmaT11bGNyb3A7aD02MDtxPTEwMDt3PTQ2/https://s.yimg.com/dh/ap/default/140828/silhouette@2x.png", "size": "small"}, "image_url": "https://s.yimg.com/iu/api/res/1.2/TcM85WhJ.fAOHWf2QKLjIw--~C/YXBwaWQ9eXNwb3J0cztjaD0yMDA7Y3I9MTtjdz0xNTM7ZHg9NzQ7ZHk9MDtmaT11bGNyb3A7aD02MDtxPTEwMDt3PTQ2/https://s.yimg.com/dh/ap/default/140828/silhouette@2x.png"}, {"is_undroppable": "0"}, {"position_type": "O"}, {"primary_position": "WR"}, {"eligible_positions": [{"position": "WR"}, {"position": "W/T"}, {"position": "W/R/T"}]}, [], [], []], {"selected_position": [{"coverage_type": "week", "week": "11"}, {"position": "BN"}]}]}, "12": {"player": [[{"player_key": "242.p.5951"}, {"player_id": "5951"}, {"name": {"full": "Deion Branch", "first": "Deion", "last": "Branch", "ascii_first": "Deion", "ascii_last": "Branch"}}, {"editorial_player_key": "nfl.p.5951"}, {"editorial_team_key": "nfl.t.11"}, {"editorial_team_full_name": "Indianapolis Colts"}, {"editorial_team_abbr": "Ind"}, {"bye_weeks": {"week": "7"}}, {"uniform_number": "86"}, {"display_position": "WR"}, {"headshot": {"url": "https://s.yimg.com/iu/api/res/1.2/TcM85WhJ.fAOHWf2QKLjIw--~C/YXBwaWQ9eXNwb3J0cztjaD0yMDA7Y3I9MTtjdz0xNTM7ZHg9NzQ7ZHk9MDtmaT11bGNyb3A7aD02MDtxPTEwMDt3PTQ2/https://s.yimg.com/dh/ap/default/140828/silhouette@2x.png", "size": "small"}, "image_url": "https://s.yimg.com/iu/api/res/1.2/TcM85WhJ.fAOHWf2QKLjIw--~C/YXBwaWQ9eXNwb3J0cztjaD0yMDA7Y3I9MTtjdz0xNTM7ZHg9NzQ7ZHk9MDtmaT11bGNyb3A7aD02MDtxPTEwMDt3PTQ2/https://s.yimg.com/dh/ap/default/140828/silhouette@2x.png"}, {"is_undroppable": "0"}, {"position_type": "O"}, {"primary_position": "WR"}, {"eligible_positions": [{"position": "WR"}, {"position": "W/T"}, {"position": "W/R/T"}]}, [], [], []], {"selected_position": [{"coverage_type": "week", "week": "11"}, {"position": "BN"}]}]}, "13": {"player": [[{"player_key": "242.p.4587"}, {"player_id": "4587"}, {"name": {"full": "David Akers", "first": "David", "last": "Akers", "ascii_first": "David", "ascii_last": "Akers"}}, {"editorial_player_key": "nfl.p.4587"}, {"editorial_team_key": "nfl.t.8"}, {"editorial_team_full_name": "Detroit Lions"}, {"editorial_team_abbr": "Det"}, {"bye_weeks": {"week": "7"}}, {"uniform_number": "2"}, {"display_position": "K"}, {"headshot": {"url": "https://s.yimg.com/iu/api/res/1.2/TcM85WhJ.fAOHWf2QKLjIw--~C/YXBwaWQ9eXNwb3J0cztjaD0yMDA7Y3I9MTtjdz0xNTM7ZHg9NzQ7ZHk9MDtmaT11bGNyb3A7aD02MDtxPTEwMDt3PTQ2/https://s.yimg.com/dh/ap/default/140828/silhouette@2x.png", "size": "small"}, "image_url": "https://s.yimg.com/iu/api/res/1.2/TcM85WhJ.fAOHWf2QKLjIw--~C/YXBwaWQ9eXNwb3J0cztjaD0yMDA7Y3I9MTtjdz0xNTM7ZHg9NzQ7ZHk9MDtmaT11bGNyb3A7aD02MDtxPTEwMDt3PTQ2/https://s.yimg.com/dh/ap/default/140828/silhouette@2x.png"}, {"is_undroppable": "0"}, {"position_type": "K"}, {"primary_position": "K"}, {"eligible_positions": [{"position": "K"}]}, [], [], []], {"selected_position": [{"coverage_type": "week", "week": "11"}, {"position": "K"}]}]}, "14": {"player": [[{"player_key": "242.p.100020"}, {"player_id": "100020"}, {"name": {"full": "New York", "first": "New York", "last": "", "ascii_first": "New York", "ascii_last": ""}}, {"editorial_player_key": "nfl.p.100020"}, {"editorial_team_key": "nfl.t.20"}, {"editorial_team_full_name": "New York Jets"}, {"editorial_team_abbr": "NYJ"}, {"bye_weeks": {"week": "7"}}, {"uniform_number": false}, {"display_position": "DEF"}, {"headshot": {"url": "https://s.yimg.com/lq/i/us/sp/v/nfl/teams/1/50x50w/nyj.gif", "size": "small"}, "image_url": "https://s.yimg.com/lq/i/us/sp/v/nfl/teams/1/50x50w/nyj.gif"}, {"is_undroppable": "0"}, {"position_type": "DT"}, {"primary_position": "DEF"}, {"eligible_positions": [{"position": "DEF"}]}, [], [], []], {"selected_position": [{"coverage_type": "week", "week": "11"}, {"position": "DEF"}]}]}, "15": {"player": [[{"player_key": "242.p.7766"}, {"player_id": "7766"}, {"name": {"full": "Chad Greenway", "first": "Chad", "last": "Greenway", "ascii_first": "Chad", "ascii_last": "Greenway"}}, {"editorial_player_key": "nfl.p.7766"}, {"editorial_team_key": "nfl.t.16"}, {"editorial_team_full_name": "Minnesota Vikings"}, {"editorial_team_abbr": "Min"}, {"bye_weeks": {"week": "4"}}, {"uniform_number": "52"}, {"display_position": "LB"}, {"headshot": {"url": "https://s.yimg.com/iu/api/res/1.2/X1JXlpa7aHkanpwR_DFfDQ--~C/YXBwaWQ9eXNwb3J0cztjaD0yMzM2O2NyPTE7Y3c9MTc5MDtkeD04NTc7ZHk9MDtmaT11bGNyb3A7aD02MDtxPTEwMDt3PTQ2/https://s.yimg.com/xe/i/us/sp/v/nfl_cutout/players_l/20160906/7766.png", "size": "small"}, "image_url": "https://s.yimg.com/iu/api/res/1.2/X1JXlpa7aHkanpwR_DFfDQ--~C/YXBwaWQ9eXNwb3J0cztjaD0yMzM2O2NyPTE7Y3c9MTc5MDtkeD04NTc7ZHk9MDtmaT11bGNyb3A7aD02MDtxPTEwMDt3PTQ2/https://s.yimg.com/xe/i/us/sp/v/nfl_cutout/players_l/20160906/7766.png"}, {"is_undroppable": "0"}, {"position_type": "DP"}, {"primary_position": "D"}, {"eligible_positions": [{"position": "D"}]}, [], [], []], {"selected_position": [{"coverage_type": "week", "week": "11"}, {"position": "D"}]}]}, "count": 16}}}}], "time": "203.52387428284ms", "copyright": "Data provided by Yahoo! and STATS, LLC", "refresh_rate": "60"}}